日期,股票代码,开盘,收盘,最高,最低,成交量,成交额,振幅,涨跌幅,涨跌额,换手率
2010-01-04,1,5.16,4.86,5.18,4.85,241923,580249472.0,6.47,-4.71,-0.24,0.83
2010-01-05,1,4.88,4.72,4.93,4.52,556500,1293476992.0,8.44,-2.88,-0.14,1.9
2010-01-06,1,4.7,4.57,4.7,4.51,412143,944453696.0,4.03,-3.18,-0.15,1.41
2010-01-07,1,4.57,4.48,4.63,4.39,355337,804166336.0,5.25,-1.97,-0.09,1.22
2010-01-08,1,4.43,4.46,4.52,4.37,288543,650667392.0,3.35,-0.45,-0.02,0.99
2010-01-11,1,4.79,4.46,4.85,4.35,442846,1009985536.0,11.21,0.0,0.0,1.51
2010-01-12,1,4.45,4.41,4.48,4.17,591796,1310068992.0,6.95,-1.12,-0.05,2.02
2010-01-13,1,4.2,3.87,4.21,3.81,935039,1990492672.0,9.07,-12.24,-0.54,3.2
2010-01-14,1,3.88,3.87,3.94,3.74,521195,1089329408.0,5.17,0.0,0.0,1.78
2010-01-15,1,3.89,4.04,4.12,3.76,539508,1146375296.0,9.3,4.39,0.17,1.85
2010-01-18,1,4.04,4.05,4.16,3.96,349127,749941248.0,4.95,0.25,0.01,1.19
2010-01-19,1,4.09,4.33,4.37,4.09,650715,1438886656.0,6.91,6.91,0.28,2.23
2010-01-20,1,4.33,4.02,4.46,3.99,490836,1079325952.0,10.85,-7.16,-0.31,1.68
2010-01-21,1,4.09,4.49,4.53,4.02,632301,1405279488.0,12.69,11.69,0.47,2.16
2010-01-22,1,4.4,4.64,4.77,4.2,882539,2002921984.0,12.69,3.34,0.15,3.02
2010-01-25,1,4.46,4.31,4.64,4.28,356059,803320192.0,7.76,-7.11,-0.33,1.22
2010-01-26,1,4.31,4.26,4.46,4.1,345326,760432384.0,8.35,-1.16,-0.05,1.18
2010-01-27,1,4.39,4.21,4.46,4.14,401035,892337344.0,7.51,-1.17,-0.05,1.37
2010-01-28,1,4.17,4.16,4.26,3.92,262132,567566976.0,8.08,-1.19,-0.05,0.9
2010-01-29,1,4.1,4.14,4.37,4.0,240688,528437728.0,8.89,-0.48,-0.02,0.82
2010-02-01,1,4.14,3.97,4.16,3.88,283180,602675200.0,6.76,-4.11,-0.17,0.97
2010-02-02,1,3.98,4.02,4.23,3.98,286734,620475776.0,6.3,1.26,0.05,0.98
2010-02-03,1,4.08,4.46,4.46,3.97,549006,1214267904.0,12.19,10.95,0.44,1.88
2010-02-04,1,4.36,4.32,4.41,4.25,303346,675283328.0,3.59,-3.14,-0.14,1.04
2010-02-05,1,4.11,4.25,4.36,4.03,276174,601515200.0,7.64,-1.62,-0.07,0.94
2010-02-08,1,4.2,4.09,4.27,4.05,206423,447137536.0,5.18,-3.76,-0.16,0.71
2010-02-09,1,4.1,4.25,4.3,4.08,248170,543120256.0,5.38,3.91,0.16,0.85
2010-02-10,1,4.32,4.35,4.38,4.25,253840,564177472.0,3.06,2.35,0.1,0.87
2010-02-11,1,4.32,4.29,4.37,4.27,139102,308844864.0,2.3,-1.38,-0.06,0.48
2010-02-12,1,4.31,4.41,4.46,4.31,188386,422488288.0,3.5,2.8,0.12,0.64
2010-02-22,1,4.36,4.28,4.41,4.27,165778,367933696.0,3.17,-2.95,-0.13,0.57
2010-02-23,1,4.26,4.08,4.26,4.03,237781,513377920.0,5.37,-4.67,-0.2,0.81
2010-02-24,1,4.03,4.14,4.17,3.96,231486,497531456.0,5.15,1.47,0.06,0.79
2010-02-25,1,4.13,4.3,4.39,4.1,347879,770836544.0,7.0,3.86,0.16,1.19
2010-02-26,1,4.25,4.41,4.47,4.24,450217,1008966464.0,5.35,2.56,0.11,1.54
2010-03-02,1,4.57,4.65,4.95,4.57,684647,1599219840.0,8.62,5.44,0.24,2.34
2010-03-03,1,4.65,4.72,4.73,4.53,284111,655444672.0,4.3,1.51,0.07,0.97
2010-03-04,1,4.72,4.64,4.84,4.61,376321,877389760.0,4.87,-1.69,-0.08,1.29
2010-03-05,1,4.64,4.7,4.78,4.63,291842,681193920.0,3.23,1.29,0.06,1.0
2010-03-08,1,4.72,4.91,4.99,4.63,441054,1045698944.0,7.66,4.47,0.21,1.51
2010-03-09,1,4.93,4.9,5.07,4.79,394360,943966336.0,5.7,-0.2,-0.01,1.35
2010-03-10,1,4.86,4.75,5.0,4.73,211059,499356448.0,5.51,-3.06,-0.15,0.72
2010-03-11,1,4.81,4.85,4.96,4.75,241218,571453952.0,4.42,2.11,0.1,0.82
2010-03-12,1,4.81,4.58,4.81,4.56,283073,655910208.0,5.15,-5.57,-0.27,0.97
2010-03-15,1,4.56,4.39,4.56,4.32,189090,424857088.0,5.24,-4.15,-0.19,0.65
2010-03-16,1,4.39,4.44,4.47,4.33,196849,441221888.0,3.19,1.14,0.05,0.67
2010-03-17,1,4.47,4.68,4.68,4.41,192860,441162464.0,6.08,5.41,0.24,0.66
2010-03-18,1,4.7,4.63,4.79,4.6,218152,507527264.0,4.06,-1.07,-0.05,0.75
2010-03-19,1,4.63,4.62,4.68,4.5,176615,404284736.0,3.89,-0.22,-0.01,0.6
2010-03-22,1,4.58,4.66,4.76,4.58,195257,453198688.0,3.9,0.87,0.04,0.67
2010-03-23,1,4.68,4.55,4.7,4.5,159349,365560032.0,4.29,-2.36,-0.11,0.54
2010-03-24,1,4.55,4.53,4.68,4.51,210983,484336288.0,3.74,-0.44,-0.02,0.72
2010-03-25,1,4.52,4.35,4.52,4.35,166074,372184256.0,3.75,-3.97,-0.18,0.57
2010-03-26,1,4.35,4.54,4.64,4.31,223461,509149248.0,7.59,4.37,0.19,0.76
2010-03-29,1,4.59,4.81,4.92,4.53,444163,1044826240.0,8.59,5.95,0.27,1.52
2010-03-30,1,4.84,4.84,4.89,4.73,253043,595446912.0,3.33,0.62,0.03,0.87
2010-03-31,1,4.84,4.68,4.85,4.64,305550,710514240.0,4.34,-3.31,-0.16,1.04
2010-04-01,1,4.7,4.75,4.82,4.63,305159,712145600.0,4.06,1.5,0.07,1.04
2010-04-02,1,4.77,4.76,4.79,4.68,195900,457640288.0,2.32,0.21,0.01,0.67
2010-04-06,1,4.81,4.74,4.92,4.7,236509,556583872.0,4.62,-0.42,-0.02,0.81
2010-04-07,1,4.73,4.55,4.76,4.49,318422,730335808.0,5.7,-4.01,-0.19,1.09
2010-04-08,1,4.54,4.45,4.55,4.36,448387,1009933568.0,4.18,-2.2,-0.1,1.53
2010-04-09,1,4.45,4.48,4.51,4.43,220410,498836800.0,1.8,0.67,0.03,0.75
2010-04-12,1,4.51,4.28,4.52,4.22,494771,1098010880.0,6.7,-4.46,-0.2,1.69
2010-04-13,1,4.31,4.39,4.47,4.26,449187,1003910784.0,4.91,2.57,0.11,1.54
2010-04-14,1,4.39,4.33,4.41,4.26,331852,734720512.0,3.42,-1.37,-0.06,1.13
2010-04-15,1,4.35,4.39,4.39,4.24,357018,790372992.0,3.46,1.39,0.06,1.22
2010-04-16,1,4.35,4.25,4.35,4.24,286468,632291264.0,2.51,-3.19,-0.14,0.98
2010-04-19,1,4.08,3.55,4.09,3.52,826874,1708546688.0,13.41,-16.47,-0.7,2.83
2010-04-20,1,3.57,3.44,3.64,3.34,435134,858886272.0,8.45,-3.1,-0.11,1.49
2010-04-21,1,3.45,3.57,3.58,3.38,373588,742144448.0,5.81,3.78,0.13,1.28
2010-04-22,1,3.52,3.37,3.52,3.27,452210,884329088.0,7.0,-5.6,-0.2,1.55
2010-04-23,1,3.39,3.58,3.72,3.3,556046,1106582144.0,12.46,6.23,0.21,1.9
2010-04-26,1,3.52,3.5,3.65,3.41,322315,647506048.0,6.7,-2.23,-0.08,1.1
2010-04-27,1,3.44,3.47,3.6,3.36,348904,692500032.0,6.86,-0.86,-0.03,1.19
2010-04-28,1,3.43,3.57,3.59,3.38,334939,668218624.0,6.05,2.88,0.1,1.15
2010-04-29,1,3.64,3.58,3.75,3.57,368242,749244096.0,5.04,0.28,0.01,1.26
2010-04-30,1,3.61,3.72,3.74,3.57,324345,662829184.0,4.75,3.91,0.14,1.11
2010-05-04,1,3.56,3.52,3.63,3.44,286747,574413568.0,5.11,-5.38,-0.2,0.98
2010-05-05,1,3.55,3.49,3.6,3.29,650422,1283692544.0,8.81,-0.85,-0.03,2.22
2010-05-06,1,3.41,2.94,3.41,2.91,685797,1296218496.0,14.33,-15.76,-0.55,2.35
2010-05-07,1,2.81,2.89,3.0,2.78,412580,752185920.0,7.48,-1.7,-0.05,1.41
2010-05-10,1,2.93,2.95,3.04,2.87,386417,710974016.0,5.88,2.08,0.06,1.32
2010-05-11,1,3.11,2.61,3.12,2.6,561717,1017121600.0,17.63,-11.53,-0.34,1.92
2010-05-12,1,2.55,2.84,2.91,2.5,521041,931251264.0,15.71,8.81,0.23,1.78
2010-05-13,1,2.8,3.04,3.13,2.8,567527,1049525952.0,11.62,7.04,0.2,1.94
2010-05-14,1,3.04,2.93,3.05,2.87,265628,487732512.0,5.92,-3.62,-0.11,0.91
2010-05-17,1,2.8,2.59,2.81,2.56,326608,574713344.0,8.53,-11.6,-0.34,1.12
2010-05-18,1,2.62,2.79,2.84,2.55,361901,641553728.0,11.2,7.72,0.2,1.24
2010-05-19,1,2.7,2.71,2.86,2.59,256356,456208288.0,9.68,-2.87,-0.08,0.88
2010-05-20,1,2.64,2.64,2.82,2.61,218289,387168256.0,7.75,-2.58,-0.07,0.75
2010-05-21,1,2.47,2.73,2.75,2.44,220795,386738336.0,11.74,3.41,0.09,0.76
2010-05-24,1,2.77,2.94,3.02,2.77,317916,582619392.0,9.16,7.69,0.21,1.09
2010-05-25,1,2.87,2.72,2.89,2.71,245946,441872576.0,6.12,-7.48,-0.22,0.84
2010-05-26,1,2.76,2.76,2.86,2.73,171611,308368928.0,4.78,1.47,0.04,0.59
2010-05-27,1,2.75,2.82,2.84,2.6,278167,496702080.0,8.7,2.17,0.06,0.95
2010-05-28,1,2.89,2.83,2.94,2.81,253974,461689408.0,4.61,0.35,0.01,0.87
2010-05-31,1,2.76,2.62,2.87,2.62,270458,480683776.0,8.83,-7.42,-0.21,0.92
2010-06-01,1,2.59,2.55,2.69,2.51,218091,379058912.0,6.87,-2.67,-0.07,0.75
2010-06-02,1,2.53,2.52,2.59,2.41,251256,430720704.0,7.06,-1.18,-0.03,0.86
2010-06-03,1,2.55,2.52,2.69,2.52,287562,501143168.0,6.75,0.0,0.0,0.98
2010-06-04,1,2.51,2.55,2.62,2.5,134735,232824768.0,4.76,1.19,0.03,0.46
2010-06-07,1,2.47,2.4,2.55,2.37,241493,410550912.0,7.06,-5.88,-0.15,0.83
2010-06-08,1,2.41,2.33,2.44,2.26,170330,286156160.0,7.5,-2.92,-0.07,0.58
2010-06-09,1,2.36,2.68,2.72,2.29,495744,857978624.0,18.45,15.02,0.35,1.7
2010-06-10,1,2.53,2.48,2.61,2.47,284641,489563040.0,5.22,-7.46,-0.2,0.97
2010-06-11,1,2.51,2.49,2.6,2.44,209983,362292832.0,6.45,0.4,0.01,0.72
2010-06-18,1,2.51,2.55,2.71,2.49,448493,785248768.0,8.84,2.41,0.06,1.53
2010-06-21,1,2.55,2.91,2.99,2.55,589807,1063389312.0,17.25,14.12,0.36,2.02
2010-06-22,1,2.89,2.99,3.1,2.84,417138,770488704.0,8.93,2.75,0.08,1.43
2010-06-23,1,2.91,2.93,3.02,2.85,324680,597274368.0,5.69,-2.01,-0.06,1.11
2010-06-24,1,2.91,2.99,3.09,2.88,233515,432905280.0,7.17,2.05,0.06,0.8
2010-06-25,1,2.94,2.84,2.98,2.81,227503,415194016.0,5.69,-5.02,-0.15,0.78
2010-06-28,1,2.82,2.98,3.02,2.82,244148,448791840.0,7.04,4.93,0.14,0.79
2010-06-29,1,2.99,2.62,2.99,2.62,306683,549134848.0,12.42,-12.08,-0.36,0.99
2010-09-02,1,3.16,2.87,3.16,2.76,1634542,2984708608.0,15.27,9.54,0.25,5.26
2010-09-03,1,2.86,2.71,2.86,2.68,624129,1110873728.0,6.27,-5.57,-0.16,2.01
2010-09-06,1,2.75,2.87,2.94,2.72,609070,1106419456.0,8.12,5.9,0.16,1.96
2010-09-07,1,2.92,2.81,2.92,2.78,392853,711274624.0,4.88,-2.09,-0.06,1.27
2010-09-08,1,2.77,2.67,2.77,2.62,490036,865664640.0,5.34,-4.98,-0.14,1.58
2010-09-09,1,2.67,2.52,2.67,2.5,469898,816937856.0,6.37,-5.62,-0.15,1.51
2010-09-10,1,2.5,2.51,2.59,2.44,251848,432519200.0,5.95,-0.4,-0.01,0.81
2010-09-13,1,2.51,2.47,2.58,2.36,502228,856767616.0,8.76,-1.59,-0.04,1.62
2010-09-14,1,2.49,2.5,2.57,2.47,299495,516196352.0,4.05,1.21,0.03,0.96
2010-09-15,1,2.51,2.41,2.54,2.41,259236,443804448.0,5.2,-3.6,-0.09,0.83
2010-09-16,1,2.44,2.3,2.49,2.27,286076,478304192.0,9.13,-4.56,-0.11,0.92
2010-09-17,1,2.32,2.31,2.4,2.3,220793,369835360.0,4.35,0.43,0.01,0.71
2010-09-20,1,2.32,2.33,2.42,2.26,197687,330479008.0,6.93,0.87,0.02,0.64
2010-09-21,1,2.36,2.3,2.38,2.27,133992,223281920.0,4.72,-1.29,-0.03,0.43
2010-09-27,1,2.31,2.33,2.35,2.23,188332,312453344.0,5.22,1.3,0.03,0.61
2010-09-28,1,2.32,2.17,2.32,2.17,246526,404817184.0,6.44,-6.87,-0.16,0.79
2010-09-29,1,2.16,2.16,2.23,2.12,213476,347260768.0,5.07,-0.46,-0.01,0.69
2010-10-08,1,2.33,2.52,2.56,2.26,536716,914838848.0,13.89,16.67,0.36,1.73
2010-10-11,1,2.55,2.81,2.93,2.55,874030,1564391680.0,15.08,11.51,0.29,2.81
2010-10-12,1,2.82,2.79,2.85,2.73,477594,856881088.0,4.27,-0.71,-0.02,1.54
2010-10-13,1,2.8,2.99,3.0,2.79,825962,1514394496.0,7.53,7.17,0.2,2.66
2010-10-14,1,3.03,2.92,3.27,2.91,1003749,1889045248.0,12.04,-2.34,-0.07,3.23
2010-10-15,1,2.87,3.21,3.3,2.86,1168938,2220512256.0,15.07,9.93,0.29,3.76
2010-10-18,1,3.31,3.22,3.54,3.2,1074082,2102793984.0,10.59,0.31,0.01,3.46
2010-10-19,1,3.2,3.36,3.39,3.1,580719,1107907840.0,9.01,4.35,0.14,1.87
2010-10-20,1,3.21,3.33,3.51,3.21,739727,1448845952.0,8.93,-0.89,-0.03,2.38
2010-10-21,1,3.33,3.11,3.34,3.08,555000,1052712896.0,7.81,-6.61,-0.22,1.79
2010-10-22,1,3.0,2.99,3.09,2.92,538222,999166144.0,5.47,-3.86,-0.12,1.73
2010-10-25,1,3.0,3.13,3.15,2.89,468306,874475200.0,8.7,4.68,0.14,1.51
2010-10-26,1,3.16,3.04,3.25,3.0,422300,795987328.0,7.99,-2.88,-0.09,1.36
2010-10-27,1,3.01,3.0,3.19,2.93,395032,739953152.0,8.55,-1.32,-0.04,1.27
2010-10-28,1,3.02,3.08,3.12,2.95,384631,719877440.0,5.67,2.67,0.08,1.24
2010-10-29,1,3.08,2.95,3.09,2.92,358577,663509376.0,5.52,-4.22,-0.13,1.15
2010-11-01,1,2.98,3.0,3.07,2.95,591273,1097857664.0,4.07,1.69,0.05,1.9
2010-11-02,1,3.0,3.04,3.11,2.93,639817,1190657920.0,6.0,1.33,0.04,2.06
2010-11-03,1,3.03,3.18,3.27,2.95,910796,1727427712.0,10.53,4.61,0.14,2.93
2010-11-04,1,3.14,3.13,3.21,3.07,613458,1160505984.0,4.4,-1.57,-0.05,1.98
2010-11-05,1,3.2,3.14,3.23,3.08,503959,953355904.0,4.79,0.32,0.01,1.62
2010-11-08,1,3.15,3.21,3.3,3.15,625194,1197820416.0,4.78,2.23,0.07,2.01
2010-11-09,1,3.22,3.03,3.23,3.02,566926,1066476288.0,6.54,-5.61,-0.18,1.83
2010-11-10,1,2.99,2.85,3.0,2.84,571205,1042355968.0,5.28,-5.94,-0.18,1.84
2010-11-11,1,2.87,2.96,3.04,2.83,679687,1241063168.0,7.37,3.86,0.11,2.19
2010-11-12,1,2.87,2.51,2.9,2.48,616257,1095115008.0,14.19,-15.2,-0.45,1.98
2010-11-15,1,2.53,2.55,2.55,2.43,439918,754704064.0,4.78,1.59,0.04,1.42
2010-11-16,1,2.55,2.33,2.55,2.31,442667,749307648.0,9.41,-8.63,-0.22,1.43
2010-11-17,1,2.28,2.36,2.46,2.26,339274,571087168.0,8.58,1.29,0.03,1.09
2010-11-18,1,2.41,2.5,2.53,2.38,437340,745421248.0,6.36,5.93,0.14,1.41
2010-11-19,1,2.51,2.44,2.52,2.29,433015,730445056.0,9.2,-2.4,-0.06,1.39
2010-11-22,1,2.36,2.32,2.38,2.29,353499,591130240.0,3.69,-4.92,-0.12,1.14
2010-11-23,1,2.29,2.27,2.33,2.17,329385,540215936.0,6.9,-2.16,-0.05,1.06
2010-11-24,1,2.24,2.35,2.4,2.22,318367,531391648.0,7.93,3.52,0.08,1.03
2010-11-25,1,2.37,2.42,2.48,2.29,382940,645536512.0,8.09,2.98,0.07,1.23
2010-11-26,1,2.41,2.33,2.41,2.31,237031,396929824.0,4.13,-3.72,-0.09,0.76
2010-11-29,1,2.29,2.34,2.39,2.25,200640,333489664.0,6.01,0.43,0.01,0.65
2010-11-30,1,2.31,2.22,2.36,2.14,282621,464292192.0,9.4,-5.13,-0.12,0.91
2010-12-01,1,2.22,2.25,2.28,2.18,154273,253584576.0,4.5,1.35,0.03,0.5
2010-12-02,1,2.33,2.26,2.36,2.25,202700,336507104.0,4.89,0.44,0.01,0.65
2010-12-03,1,2.28,2.28,2.31,2.24,157006,259727664.0,3.1,0.88,0.02,0.51
2010-12-06,1,2.29,2.34,2.39,2.26,217924,364205376.0,5.7,2.63,0.06,0.7
2010-12-07,1,2.33,2.34,2.38,2.23,199545,331262912.0,6.41,0.0,0.0,0.64
2010-12-08,1,2.33,2.25,2.34,2.24,172886,286846720.0,4.27,-3.85,-0.09,0.56
2010-12-09,1,2.25,2.15,2.25,2.15,240294,391356096.0,4.44,-4.44,-0.1,0.77
2010-12-10,1,2.15,2.2,2.21,2.11,198341,322263488.0,4.65,2.33,0.05,0.64
2010-12-13,1,2.2,2.3,2.31,2.17,280804,461224128.0,6.36,4.55,0.1,0.9
2010-12-14,1,2.3,2.27,2.31,2.25,237517,392885312.0,2.61,-1.3,-0.03,0.76
2010-12-15,1,2.29,2.29,2.36,2.26,281277,467398016.0,4.41,0.88,0.02,0.91
2010-12-16,1,2.3,2.24,2.34,2.23,220556,365485600.0,4.8,-2.18,-0.05,0.71
2010-12-17,1,2.24,2.2,2.26,2.18,173021,283291968.0,3.57,-1.79,-0.04,0.56
2010-12-20,1,2.22,2.12,2.23,2.07,256205,414236384.0,7.27,-3.64,-0.08,0.83
2010-12-21,1,2.14,2.28,2.31,2.1,306854,503881600.0,9.91,7.55,0.16,0.99
2010-12-22,1,2.3,2.16,2.3,2.15,227036,371863968.0,6.58,-5.26,-0.12,0.73
2010-12-24,1,2.15,2.23,2.29,2.13,286127,469742368.0,7.41,3.24,0.07,0.92
2010-12-27,1,2.3,2.1,2.34,2.08,308658,505246592.0,11.66,-5.83,-0.13,0.99
2010-12-28,1,2.1,2.06,2.16,2.06,265566,426320128.0,4.76,-1.9,-0.04,0.86
2010-12-29,1,2.06,1.99,2.07,1.93,236833,372484736.0,6.8,-3.4,-0.07,0.76
2010-12-30,1,1.99,1.96,2.0,1.9,178267,278979200.0,5.03,-1.51,-0.03,0.57
2010-12-31,1,1.96,2.0,2.03,1.93,240891,378317760.0,5.1,2.04,0.04,0.78
2011-01-04,1,2.01,2.08,2.14,1.95,358841,573343744.0,9.5,4.0,0.08,1.16
2011-01-05,1,2.07,2.05,2.12,2.04,237463,379869056.0,3.85,-1.44,-0.03,0.76
2011-01-06,1,2.05,2.01,2.1,1.97,206531,327148864.0,6.34,-1.95,-0.04,0.67
2011-01-07,1,2.0,2.22,2.36,1.97,770482,1263299328.0,19.4,10.45,0.21,2.48
2011-01-10,1,2.16,2.07,2.22,2.04,361872,584172480.0,8.11,-6.76,-0.15,1.17
2011-01-11,1,2.04,2.14,2.18,2.03,208201,335260352.0,7.25,3.38,0.07,0.67
2011-01-12,1,2.16,2.22,2.23,2.12,277133,451290816.0,5.14,3.74,0.08,0.89
2011-01-13,1,2.25,2.2,2.27,2.19,194811,319664064.0,3.6,-0.9,-0.02,0.63
2011-01-14,1,2.18,2.07,2.18,2.07,206915,332810208.0,5.0,-5.91,-0.13,0.67
2011-01-17,1,2.01,1.85,2.05,1.84,266165,415802336.0,10.14,-10.63,-0.22,0.86
2011-01-18,1,1.86,1.84,1.88,1.81,155555,238789232.0,3.78,-0.54,-0.01,0.5
2011-01-19,1,1.84,1.89,1.9,1.8,167945,258415152.0,5.43,2.72,0.05,0.54
2011-01-20,1,1.89,1.68,1.89,1.68,287579,435524160.0,11.11,-11.11,-0.21,0.93
2011-01-21,1,1.67,1.77,1.93,1.66,229977,349887104.0,16.07,5.36,0.09,0.74
2011-01-24,1,1.77,1.73,1.79,1.7,153827,231930928.0,5.08,-2.26,-0.04,0.5
2011-01-25,1,1.75,1.78,1.8,1.71,134201,203198256.0,5.2,2.89,0.05,0.43
2011-01-26,1,1.77,1.81,1.82,1.76,105060,160007840.0,3.37,1.69,0.03,0.34
2011-01-27,1,1.77,1.83,1.86,1.71,255511,389319904.0,8.29,1.1,0.02,0.82
2011-01-28,1,1.83,1.79,1.84,1.74,185419,281316480.0,5.46,-2.19,-0.04,0.6
2011-01-31,1,1.79,1.83,1.83,1.75,140245,213770064.0,4.47,2.23,0.04,0.45
2011-02-01,1,1.83,1.87,1.89,1.81,151698,233656080.0,4.37,2.19,0.04,0.49
2011-02-09,1,1.84,1.8,1.91,1.8,166508,255979312.0,5.88,-3.74,-0.07,0.54
2011-02-10,1,1.8,1.88,1.88,1.79,136822,210138992.0,5.0,4.44,0.08,0.44
2011-02-11,1,1.85,1.89,1.93,1.82,225828,348149600.0,5.85,0.53,0.01,0.73
2011-02-14,1,1.89,2.08,2.11,1.89,417657,661743872.0,11.64,10.05,0.19,1.34
2011-02-15,1,2.08,2.01,2.1,2.01,321099,512496480.0,4.33,-3.37,-0.07,1.03
2011-02-16,1,2.01,2.03,2.06,1.97,183206,289815296.0,4.48,1.0,0.02,0.59
2011-02-17,1,2.06,2.07,2.14,2.02,253810,405836832.0,5.91,1.97,0.04,0.82
2011-02-18,1,2.04,2.07,2.11,2.0,228802,363416320.0,5.31,0.0,0.0,0.74
2011-02-21,1,2.0,2.06,2.08,1.99,316543,502016608.0,4.35,-0.48,-0.01,1.02
2011-02-22,1,2.07,1.88,2.07,1.88,343959,538516416.0,9.22,-8.74,-0.18,1.11
2011-02-23,1,1.89,1.92,1.97,1.88,357434,555794816.0,4.79,2.13,0.04,1.15
2011-02-24,1,1.92,1.92,1.93,1.86,202308,313473088.0,3.65,0.0,0.0,0.65
2011-02-25,1,1.93,2.04,2.14,1.88,509264,807238720.0,13.54,6.25,0.12,1.64
2011-02-28,1,2.01,2.05,2.07,1.94,307637,486809440.0,6.37,0.49,0.01,0.99
2011-03-01,1,2.06,2.09,2.14,2.03,482776,774219072.0,5.37,1.95,0.04,1.55
2011-03-02,1,2.06,2.14,2.18,2.04,488107,786881408.0,6.7,2.39,0.05,1.57
2011-03-03,1,2.15,2.22,2.35,2.14,980489,1616932480.0,9.81,3.74,0.08,3.16
2011-03-04,1,2.24,2.32,2.35,2.19,505396,833234944.0,7.21,4.5,0.1,1.63
2011-03-07,1,2.36,2.34,2.43,2.27,497625,834013056.0,6.9,0.86,0.02,1.6
2011-03-08,1,2.34,2.31,2.39,2.28,321813,537368704.0,4.7,-1.28,-0.03,1.04
2011-03-09,1,2.33,2.33,2.39,2.32,323648,542959232.0,3.03,0.87,0.02,1.04
2011-03-10,1,2.29,2.17,2.29,2.16,308494,504165760.0,5.58,-6.87,-0.16,0.99
2011-03-11,1,2.14,2.09,2.18,2.09,230167,371901344.0,4.15,-3.69,-0.08,0.74
2011-03-14,1,2.08,2.14,2.14,2.07,218000,350756128.0,3.35,2.39,0.05,0.7
2011-03-15,1,2.08,2.02,2.11,1.97,284381,451454528.0,6.54,-5.61,-0.12,0.92
2011-03-16,1,2.02,2.06,2.08,1.98,242076,384301440.0,4.95,1.98,0.04,0.78
2011-03-17,1,2.01,1.97,2.04,1.96,207262,327039744.0,3.88,-4.37,-0.09,0.67
2011-03-18,1,2.04,2.01,2.04,1.99,145243,229686240.0,2.54,2.03,0.04,0.47
2011-03-21,1,2.0,1.99,2.04,1.97,160158,252850944.0,3.48,-1.0,-0.02,0.52
2011-03-22,1,2.01,2.08,2.09,1.95,251944,401085856.0,7.04,4.52,0.09,0.81
2011-03-23,1,2.06,2.11,2.13,2.05,226799,363809600.0,3.85,1.44,0.03,0.73
2011-03-24,1,2.11,2.07,2.11,2.06,160125,256090880.0,2.37,-1.9,-0.04,0.52
2011-03-25,1,2.07,2.17,2.2,2.06,360863,585086400.0,6.76,4.83,0.1,1.16
2011-03-28,1,2.21,2.19,2.3,2.19,367932,605067456.0,5.07,0.92,0.02,1.18
2011-03-29,1,2.21,2.26,2.35,2.19,482587,798647424.0,7.31,3.2,0.07,1.55
2011-03-30,1,2.25,2.21,2.33,2.2,275077,453620672.0,5.75,-2.21,-0.05,0.89
2011-03-31,1,2.21,2.1,2.24,2.08,213368,345191104.0,7.24,-4.98,-0.11,0.69
2011-04-01,1,2.1,2.28,2.29,2.1,323240,530034240.0,9.05,8.57,0.18,1.04
2011-04-06,1,2.29,2.44,2.47,2.29,745244,1263488256.0,7.89,7.02,0.16,2.4
2011-04-07,1,2.44,2.51,2.57,2.38,648811,1112314112.0,7.79,2.87,0.07,2.09
2011-04-08,1,2.5,2.5,2.52,2.42,268118,458985760.0,3.98,-0.4,-0.01,0.86
2011-04-11,1,2.5,2.45,2.64,2.44,563818,974852480.0,8.0,-2.0,-0.05,1.82
2011-04-12,1,2.47,2.46,2.56,2.43,386182,662860224.0,5.31,0.41,0.01,1.24
2011-04-13,1,2.44,2.82,2.82,2.4,723851,1268537472.0,17.07,14.63,0.36,2.33
2011-04-14,1,2.97,2.87,3.02,2.84,1049251,1921868288.0,6.38,1.77,0.05,3.38
2011-04-15,1,2.87,3.06,3.08,2.85,670794,1242600448.0,8.01,6.62,0.19,2.16
2011-04-18,1,3.04,3.11,3.12,2.96,580149,1082012928.0,5.23,1.63,0.05,1.87
2011-04-19,1,3.03,2.95,3.07,2.92,525777,975147520.0,4.82,-5.14,-0.16,1.69
2011-04-20,1,2.95,2.82,3.0,2.77,489257,891280640.0,7.8,-4.41,-0.13,1.58
2011-04-21,1,2.87,2.84,2.95,2.82,318062,579304640.0,4.61,0.71,0.02,1.02
2011-04-22,1,2.8,2.75,2.85,2.7,306669,548689920.0,5.28,-3.17,-0.09,0.99
2011-04-25,1,2.76,2.83,2.9,2.69,358647,646189952.0,7.64,2.91,0.08,1.15
2011-04-26,1,2.81,2.95,2.96,2.79,389431,711900608.0,6.01,4.24,0.12,1.25
2011-04-27,1,2.95,2.9,3.08,2.83,532705,985540096.0,8.47,-1.69,-0.05,1.72
2011-04-28,1,2.95,3.02,3.16,2.93,648958,1215618304.0,7.93,4.14,0.12,2.09
2011-04-29,1,3.02,2.87,3.02,2.77,500496,911382592.0,8.28,-4.97,-0.15,1.61
2011-05-03,1,2.85,2.88,2.93,2.82,221058,402350144.0,3.83,0.35,0.01,0.71
2011-05-04,1,2.8,2.75,2.92,2.68,393820,708758016.0,8.33,-4.51,-0.13,1.27
2011-05-05,1,2.67,2.7,2.77,2.66,246038,437563136.0,4.0,-1.82,-0.05,0.79
2011-05-06,1,2.64,2.63,2.74,2.6,241119,425935552.0,5.19,-2.59,-0.07,0.78
2011-05-13,1,2.62,2.68,2.7,2.44,367984,638079680.0,9.89,1.9,0.05,1.18
2011-05-16,1,2.6,2.49,2.67,2.49,197105,342549024.0,6.72,-7.09,-0.19,0.63
2011-05-17,1,2.49,2.75,2.79,2.49,319709,565242752.0,12.05,10.44,0.26,1.03
2011-05-18,1,2.7,2.84,2.95,2.68,294153,532338144.0,9.82,3.27,0.09,0.95
2011-05-19,1,2.86,2.77,2.93,2.76,164600,297958656.0,5.99,-2.46,-0.07,0.53
2011-05-20,1,2.77,2.92,3.01,2.76,311900,572652160.0,9.03,5.42,0.15,1.0
2011-05-23,1,2.9,2.76,2.91,2.67,329121,588700864.0,8.22,-5.48,-0.16,1.06
2011-05-24,1,2.73,2.86,2.92,2.73,291587,528778304.0,6.88,3.62,0.1,0.94
2011-05-26,1,2.77,2.72,2.84,2.66,294740,525548160.0,6.29,-4.9,-0.14,0.95
2011-05-27,1,2.69,2.65,2.79,2.65,238331,423279648.0,5.15,-2.57,-0.07,0.77
2011-05-30,1,2.61,2.64,2.69,2.53,150901,263972800.0,6.04,-0.38,-0.01,0.49
2011-05-31,1,2.64,2.68,2.7,2.5,193608,338686784.0,7.58,1.52,0.04,0.62
2011-06-01,1,2.67,2.59,2.67,2.56,181035,316218016.0,4.1,-3.36,-0.09,0.58
2011-06-02,1,2.51,2.33,2.56,2.25,439601,739553856.0,11.97,-10.04,-0.26,1.42
2011-06-03,1,2.3,2.33,2.36,2.25,154537,257350016.0,4.72,0.0,0.0,0.5
2011-06-07,1,2.27,2.38,2.41,2.24,146089,244067280.0,7.3,2.15,0.05,0.47
2011-06-08,1,2.37,2.33,2.37,2.25,160759,267290816.0,5.04,-2.1,-0.05,0.52
2011-06-09,1,2.29,2.27,2.37,2.27,120222,200273664.0,4.29,-2.58,-0.06,0.39
2011-06-10,1,2.26,2.27,2.35,2.22,145571,240550240.0,5.73,0.0,0.0,0.47
2011-06-13,1,2.22,2.19,2.24,2.12,162823,265033184.0,5.29,-3.52,-0.08,0.52
2011-06-14,1,2.18,2.26,2.37,2.17,278984,463185184.0,9.13,3.2,0.07,0.9
2011-06-15,1,2.24,2.17,2.3,2.17,168677,275973984.0,5.75,-3.98,-0.09,0.54
2011-06-16,1,2.13,2.06,2.16,2.05,173851,279148928.0,5.07,-5.07,-0.11,0.56
2011-06-17,1,2.09,2.04,2.12,2.02,191330,305942720.0,4.85,-0.97,-0.02,0.62
2011-06-20,1,2.04,2.08,2.09,1.99,122691,195132656.0,4.9,1.96,0.04,0.4
2011-06-21,1,2.1,2.18,2.19,2.07,193912,313896320.0,5.77,4.81,0.1,0.62
2011-06-22,1,2.18,2.17,2.22,2.14,151940,247618688.0,3.67,-0.46,-0.01,0.49
2011-06-23,1,2.15,2.29,2.32,2.13,165889,272357056.0,8.76,5.53,0.12,0.53
2011-06-24,1,2.26,2.43,2.51,2.26,322826,547045568.0,10.92,6.11,0.14,1.04
2011-06-27,1,2.43,2.47,2.63,2.41,280933,483915168.0,9.05,1.65,0.04,0.9
2011-06-28,1,2.58,2.45,2.58,2.36,206529,350987392.0,8.91,-0.81,-0.02,0.67
2011-06-29,1,2.48,2.3,2.5,2.29,258982,435681888.0,8.57,-6.12,-0.15,0.83
2011-06-30,1,2.33,2.46,2.51,2.32,275840,468824288.0,8.26,6.96,0.16,0.89
2011-07-01,1,2.49,2.41,2.49,2.38,248789,422094944.0,4.47,-2.03,-0.05,0.8
2011-07-04,1,2.43,2.64,2.64,2.43,378249,655990848.0,8.71,9.54,0.23,1.22
2011-07-05,1,2.62,2.58,2.63,2.54,190560,331713600.0,3.41,-2.27,-0.06,0.61
2011-07-06,1,2.55,2.52,2.57,2.46,206476,354627552.0,4.26,-2.33,-0.06,0.66
2011-07-07,1,2.62,2.54,2.67,2.49,337855,588625664.0,7.14,0.79,0.02,1.09
2011-07-08,1,2.54,2.63,2.73,2.52,269604,473536544.0,8.27,3.54,0.09,0.87
2011-07-11,1,2.58,2.58,2.67,2.56,161735,282634272.0,4.18,-1.9,-0.05,0.52
2011-07-12,1,2.53,2.44,2.54,2.42,245143,418118336.0,4.65,-5.43,-0.14,0.79
2011-07-13,1,2.53,2.63,2.7,2.48,324294,566412224.0,9.02,7.79,0.19,1.04
2011-07-14,1,2.64,2.65,2.67,2.57,244478,428448992.0,3.8,0.76,0.02,0.79
2011-07-15,1,2.64,2.8,2.87,2.58,375738,671466240.0,10.94,5.66,0.15,1.21
2011-07-18,1,2.8,2.78,2.85,2.72,197815,354921792.0,4.64,-0.71,-0.02,0.64
2011-07-19,1,2.71,2.63,2.71,2.61,219355,385645088.0,3.6,-5.4,-0.15,0.71
2011-07-20,1,2.69,2.63,2.7,2.57,145935,255516288.0,4.94,0.0,0.0,0.47
2011-07-21,1,2.63,2.5,2.64,2.5,188971,326948288.0,5.32,-4.94,-0.13,0.61
2011-07-22,1,2.53,2.51,2.6,2.49,122733,211870048.0,4.4,0.4,0.01,0.4
2011-07-25,1,2.47,2.39,2.53,2.35,197070,335512640.0,7.17,-4.78,-0.12,0.63
2011-07-26,1,2.39,2.52,2.55,2.36,173242,296943872.0,7.95,5.44,0.13,0.56
2011-07-27,1,2.46,2.5,2.56,2.44,150079,258034528.0,4.76,-0.79,-0.02,0.48
2011-07-28,1,2.44,2.38,2.44,2.34,187806,316189440.0,4.0,-4.8,-0.12,0.6
2011-07-29,1,2.41,2.56,2.71,2.33,313508,541258944.0,15.97,7.56,0.18,1.01
2011-08-01,1,2.51,2.51,2.63,2.43,207920,358426368.0,7.81,-1.95,-0.05,0.67
2011-08-02,1,2.46,2.44,2.48,2.34,193883,327409984.0,5.58,-2.79,-0.07,0.62
2011-08-03,1,2.36,2.39,2.47,2.34,141945,240147616.0,5.33,-2.05,-0.05,0.46
2011-08-04,1,2.4,2.4,2.51,2.39,115023,195599888.0,5.02,0.42,0.01,0.37
2011-08-05,1,2.27,2.18,2.3,2.18,248270,408435584.0,5.0,-9.17,-0.22,0.8
2011-08-08,1,2.16,2.08,2.26,1.99,250348,403626912.0,12.39,-4.59,-0.1,0.81
2011-08-09,1,1.98,2.09,2.16,1.91,270886,430794176.0,12.02,0.48,0.01,0.87
2011-08-10,1,2.17,2.11,2.22,2.1,182984,297294720.0,5.74,0.96,0.02,0.59
2011-08-11,1,2.01,2.23,2.25,2.0,189874,308443424.0,11.85,5.69,0.12,0.61
2011-08-12,1,2.25,2.31,2.33,2.22,180534,297982240.0,4.93,3.59,0.08,0.58
2011-08-15,1,2.31,2.48,2.53,2.21,308528,519120704.0,13.85,7.36,0.17,0.99
2011-08-16,1,2.47,2.46,2.54,2.43,197818,338285312.0,4.44,-0.81,-0.02,0.64
2011-08-18,1,2.47,2.34,2.56,2.32,252460,427197376.0,9.76,-4.88,-0.12,0.81
2011-08-19,1,2.22,2.29,2.3,2.18,155451,255822480.0,5.13,-2.14,-0.05,0.5
2011-08-22,1,2.27,2.23,2.31,2.17,128073,210393776.0,6.11,-2.62,-0.06,0.41
2011-08-23,1,2.23,2.31,2.33,2.21,104655,173121392.0,5.38,3.59,0.08,0.34
2011-08-24,1,2.32,2.22,2.34,2.2,125209,207818928.0,6.06,-3.9,-0.09,0.4
2011-08-25,1,2.26,2.56,2.57,2.22,465354,793665408.0,15.77,15.32,0.34,1.5
2011-08-26,1,2.51,2.57,2.58,2.48,258558,446200768.0,3.91,0.39,0.01,0.83
2011-08-29,1,2.44,2.34,2.44,2.28,451871,755956224.0,6.23,-8.95,-0.23,1.46
2011-08-30,1,2.37,2.32,2.48,2.32,220005,371612128.0,6.84,-0.85,-0.02,0.71
2011-08-31,1,2.33,2.38,2.44,2.27,130434,218858304.0,7.33,2.59,0.06,0.42
2011-09-01,1,2.38,2.41,2.46,2.36,114654,193932848.0,4.2,1.26,0.03,0.37
2011-09-05,1,2.29,2.24,2.32,2.21,138286,228178080.0,4.56,-7.05,-0.17,0.45
2011-09-06,1,2.2,2.21,2.26,2.18,113506,185902896.0,3.57,-1.34,-0.03,0.37
2011-09-07,1,2.25,2.31,2.35,2.2,130072,215260560.0,6.79,4.52,0.1,0.42
2011-09-08,1,2.31,2.28,2.34,2.26,100767,167311104.0,3.46,-1.3,-0.03,0.32
2011-09-09,1,2.31,2.25,2.39,2.21,106629,176663296.0,7.89,-1.32,-0.03,0.34
2011-09-13,1,2.15,2.26,2.27,2.13,103205,168927616.0,6.22,0.44,0.01,0.33
2011-09-14,1,2.27,2.23,2.29,2.13,147227,241207200.0,7.08,-1.33,-0.03,0.47
2011-09-15,1,2.24,2.28,2.32,2.22,170642,282498720.0,4.48,2.24,0.05,0.55
2011-09-16,1,2.31,2.44,2.47,2.3,369535,626906560.0,7.46,7.02,0.16,1.19
2011-09-19,1,2.37,2.29,2.37,2.28,105998,176591136.0,3.69,-6.15,-0.15,0.34
2011-09-20,1,2.27,2.34,2.41,2.26,77127,128974784.0,6.55,2.18,0.05,0.25
2011-09-21,1,2.34,2.46,2.51,2.3,183686,312327648.0,8.97,5.13,0.12,0.59
2011-09-22,1,2.39,2.33,2.42,2.32,156448,262524752.0,4.07,-5.28,-0.13,0.5
2011-09-23,1,2.22,2.3,2.38,2.19,151811,250805296.0,8.15,-1.29,-0.03,0.49
2011-09-26,1,2.23,2.09,2.35,2.07,198138,322611456.0,12.17,-9.13,-0.21,0.64
2011-09-27,1,2.15,2.14,2.18,2.04,137618,221845888.0,6.7,2.39,0.05,0.44
2011-09-28,1,2.18,2.08,2.18,2.04,96703,155237152.0,6.54,-2.8,-0.06,0.31
2011-09-29,1,2.04,2.09,2.12,2.02,113158,181407712.0,4.81,0.48,0.01,0.36
2011-09-30,1,2.1,2.09,2.16,2.08,142040,228902896.0,3.83,0.0,0.0,0.46
2011-10-10,1,2.06,1.89,2.09,1.88,209656,326892320.0,10.05,-9.57,-0.2,0.68
2011-10-11,1,2.08,1.95,2.11,1.91,214649,339237344.0,10.58,3.17,0.06,0.69
2011-10-12,1,1.91,2.21,2.22,1.89,274472,442778752.0,16.92,13.33,0.26,0.88
2011-10-13,1,2.17,2.2,2.23,2.16,145065,236989024.0,3.17,-0.45,-0.01,0.47
2011-10-14,1,2.18,2.21,2.23,2.12,86953,141751920.0,5.0,0.45,0.01,0.28
2011-10-17,1,2.25,2.27,2.33,2.23,117115,194055200.0,4.52,2.71,0.06,0.38
2011-10-18,1,2.22,2.08,2.23,2.07,138013,223255648.0,7.05,-8.37,-0.19,0.44
2011-10-19,1,2.12,2.1,2.18,2.08,82374,132855568.0,4.81,0.96,0.02,0.27
2011-10-20,1,2.08,2.0,2.09,1.97,92459,146319936.0,5.71,-4.76,-0.1,0.3
2011-10-21,1,2.04,2.09,2.14,1.99,140827,225852448.0,7.5,4.5,0.09,0.45
2011-10-24,1,2.11,2.27,2.32,2.05,240590,394450688.0,12.92,8.61,0.18,0.77
2011-10-25,1,2.26,2.31,2.35,2.22,199574,331621152.0,5.73,1.76,0.04,0.64
2011-10-26,1,2.31,2.35,2.41,2.29,244162,410238816.0,5.19,1.73,0.04,0.79
2011-10-27,1,2.35,2.34,2.41,2.3,146501,245495552.0,4.68,-0.43,-0.01,0.47
2011-10-28,1,2.44,2.45,2.51,2.39,284957,484862592.0,5.13,4.7,0.11,0.92
2011-10-31,1,2.45,2.39,2.47,2.3,141767,238721168.0,6.94,-2.45,-0.06,0.46
2011-11-01,1,2.35,2.38,2.48,2.32,179310,303128864.0,6.69,-0.42,-0.01,0.58
2011-11-02,1,2.31,2.48,2.48,2.3,190694,320967360.0,7.56,4.2,0.1,0.61
2011-11-03,1,2.48,2.39,2.51,2.36,262329,445806720.0,6.05,-3.63,-0.09,0.84
2011-11-04,1,2.44,2.43,2.46,2.38,133396,226230000.0,3.35,1.67,0.04,0.43
2011-11-07,1,2.38,2.34,2.41,2.3,129577,217220448.0,4.53,-3.7,-0.09,0.42
2011-11-08,1,2.34,2.34,2.39,2.31,96705,162043536.0,3.42,0.0,0.0,0.31
2011-11-09,1,2.36,2.42,2.42,2.32,113553,190845600.0,4.27,3.42,0.08,0.37
2011-11-10,1,2.36,2.36,2.43,2.33,158437,266509040.0,4.13,-2.48,-0.06,0.51
2011-11-11,1,2.35,2.28,2.38,2.26,165267,274797632.0,5.08,-3.39,-0.08,0.53
2011-11-14,1,2.32,2.34,2.38,2.28,179251,299361824.0,4.39,2.63,0.06,0.58
2011-11-15,1,2.32,2.25,2.34,2.21,217089,357983648.0,5.56,-3.85,-0.09,0.7
2011-11-16,1,2.25,2.09,2.25,2.06,199272,322231072.0,8.44,-7.11,-0.16,0.64
2011-11-17,1,2.1,2.07,2.12,2.05,109619,175962320.0,3.35,-0.96,-0.02,0.35
2011-11-18,1,2.04,2.06,2.1,2.02,143869,229649104.0,3.86,-0.48,-0.01,0.46
2011-11-21,1,2.06,2.06,2.06,2.0,136737,217304752.0,2.91,0.0,0.0,0.44
2011-11-22,1,2.04,2.09,2.12,2.01,132818,212748304.0,5.34,1.46,0.03,0.43
2011-11-23,1,2.11,1.99,2.13,1.97,188944,299733088.0,7.66,-4.78,-0.1,0.61
2011-11-24,1,1.97,2.02,2.05,1.93,121464,191344448.0,6.03,1.51,0.03,0.39
2011-11-25,1,1.98,2.0,2.02,1.96,84463,133224384.0,2.97,-0.99,-0.02,0.27
2011-11-28,1,2.01,2.0,2.05,1.97,98132,155001376.0,4.0,0.0,0.0,0.32
2011-11-29,1,2.05,2.06,2.08,2.0,156495,249152272.0,4.0,3.0,0.06,0.5
2011-11-30,1,2.06,1.9,2.06,1.89,191657,299555296.0,8.25,-7.77,-0.16,0.62
2011-12-01,1,2.05,2.03,2.17,2.02,411832,660688128.0,7.89,6.84,0.13,1.33
2011-12-02,1,2.01,2.06,2.08,1.98,181860,289399904.0,4.93,1.48,0.03,0.59
2011-12-05,1,2.05,2.06,2.09,1.97,113491,180714656.0,5.83,0.0,0.0,0.37
2011-12-07,1,2.04,2.09,2.13,2.02,148624,238162240.0,5.34,1.46,0.03,0.48
2011-12-08,1,2.09,2.05,2.12,2.01,187052,298946848.0,5.26,-1.91,-0.04,0.6
2011-12-09,1,2.03,2.02,2.06,2.0,86863,137984144.0,2.93,-1.46,-0.03,0.28
2011-12-12,1,2.02,2.02,2.06,1.97,86331,137072016.0,4.46,0.0,0.0,0.28
2011-12-13,1,2.0,1.96,2.05,1.95,190004,300294560.0,4.95,-2.97,-0.06,0.61
2011-12-14,1,1.96,1.93,1.99,1.89,84931,132825568.0,5.1,-1.53,-0.03,0.27
2011-12-15,1,1.9,1.73,1.92,1.72,192737,294609856.0,10.36,-10.36,-0.2,0.62
2011-12-16,1,1.74,1.82,1.85,1.69,157378,238364624.0,9.25,5.2,0.09,0.51
2011-12-19,1,1.78,1.84,1.88,1.72,128101,194558352.0,8.79,1.1,0.02,0.41
2011-12-20,1,1.82,1.83,1.92,1.81,94638,146041760.0,5.98,-0.54,-0.01,0.3
2011-12-21,1,1.88,1.84,1.94,1.83,146609,227230416.0,6.01,0.55,0.01,0.47
2011-12-22,1,1.83,1.88,1.92,1.79,109849,168904816.0,7.07,2.17,0.04,0.35
2011-12-23,1,1.87,1.87,1.93,1.84,99465,153908336.0,4.79,-0.53,-0.01,0.32
2011-12-26,1,1.86,1.87,1.91,1.84,73776,113827424.0,3.74,0.0,0.0,0.24
2011-12-27,1,1.86,1.89,1.93,1.86,138798,214959824.0,3.74,1.07,0.02,0.45
2011-12-28,1,1.87,1.82,1.92,1.75,113179,173347072.0,8.99,-3.7,-0.07,0.36
2011-12-29,1,1.8,1.83,1.87,1.79,128593,197105648.0,4.4,0.55,0.01,0.41
2011-12-30,1,1.84,1.93,1.93,1.82,261487,402708864.0,6.01,5.46,0.1,0.84
2012-01-04,1,1.93,1.77,1.93,1.77,147911,227563712.0,8.29,-8.29,-0.16,0.48
2012-01-05,1,1.77,1.85,1.91,1.76,244080,375880608.0,8.47,4.52,0.08,0.79
2012-01-06,1,1.84,1.84,1.9,1.77,133151,204143664.0,7.03,-0.54,-0.01,0.43
2012-01-09,1,1.84,2.0,2.01,1.8,221139,345938688.0,11.41,8.7,0.16,0.71
2012-01-20,1,2.34,2.36,2.42,2.19,586676,972826816.0,11.5,18.0,0.36,1.89
2012-01-30,1,2.37,2.33,2.42,2.3,332988,558095296.0,5.08,-1.27,-0.03,1.07
2012-01-31,1,2.34,2.31,2.36,2.26,173265,288275840.0,4.29,-0.86,-0.02,0.56
2012-02-01,1,2.29,2.24,2.36,2.23,185159,307694784.0,5.63,-3.03,-0.07,0.6
2012-02-02,1,2.26,2.41,2.42,2.24,244623,410098464.0,8.04,7.59,0.17,0.79
2012-02-03,1,2.39,2.43,2.45,2.33,229964,388800512.0,4.98,0.83,0.02,0.74
2012-02-06,1,2.44,2.38,2.44,2.35,157808,266559520.0,3.7,-2.06,-0.05,0.51
2012-02-07,1,2.34,2.29,2.36,2.27,122086,203101568.0,3.78,-3.78,-0.09,0.39
2012-02-08,1,2.29,2.4,2.44,2.29,172273,290646912.0,6.55,4.8,0.11,0.55
2012-02-10,1,2.36,2.4,2.43,2.36,182118,307363104.0,2.92,0.0,0.0,0.59
2012-02-13,1,2.36,2.32,2.37,2.29,215067,359692320.0,3.33,-3.33,-0.08,0.69
2012-02-14,1,2.31,2.29,2.34,2.25,108546,179835120.0,3.88,-1.29,-0.03,0.35
2012-02-15,1,2.29,2.3,2.35,2.24,201306,334137664.0,4.8,0.44,0.01,0.65
2012-02-16,1,2.3,2.24,2.33,2.21,273692,451825408.0,5.22,-2.61,-0.06,0.88
2012-02-17,1,2.27,2.24,2.28,2.22,150690,248573520.0,2.68,0.0,0.0,0.49
2012-02-20,1,2.34,2.24,2.35,2.23,224206,372071616.0,5.36,0.0,0.0,0.72
2012-02-21,1,2.25,2.25,2.27,2.2,150265,247188096.0,3.13,0.45,0.01,0.48
2012-02-22,1,2.25,2.3,2.31,2.23,317398,525337440.0,3.56,2.22,0.05,1.02
2012-02-23,1,2.3,2.3,2.35,2.29,226268,376851584.0,2.61,0.0,0.0,0.73
2012-02-24,1,2.33,2.39,2.39,2.27,364105,609181824.0,5.22,3.91,0.09,1.17
2012-02-27,1,2.4,2.41,2.51,2.35,447617,759502528.0,6.69,0.84,0.02,1.44
2012-02-28,1,2.41,2.53,2.61,2.4,460142,793134976.0,8.71,4.98,0.12,1.48
2012-02-29,1,2.53,2.47,2.53,2.44,263025,451402720.0,3.56,-2.37,-0.06,0.85
2012-03-01,1,2.47,2.52,2.6,2.46,291621,504303648.0,5.67,2.02,0.05,0.94
2012-03-02,1,2.52,2.61,2.62,2.52,290973,505353984.0,3.97,3.57,0.09,0.94
2012-03-05,1,2.63,2.53,2.72,2.52,350417,614488192.0,7.66,-3.07,-0.08,1.13
2012-03-06,1,2.51,2.42,2.55,2.4,331374,565065408.0,5.93,-4.35,-0.11,1.07
2012-03-07,1,2.36,2.36,2.45,2.35,201371,339797440.0,4.13,-2.48,-0.06,0.65
2012-03-08,1,2.41,2.45,2.5,2.38,288783,491703680.0,5.08,3.81,0.09,0.93
2012-03-09,1,2.4,2.39,2.42,2.31,530536,891070592.0,4.49,-2.45,-0.06,1.71
2012-03-12,1,2.39,2.33,2.39,2.31,270648,451971840.0,3.35,-2.51,-0.06,0.87
2012-03-13,1,2.35,2.38,2.39,2.32,237531,398818624.0,3.0,2.15,0.05,0.76
2012-03-14,1,2.41,2.25,2.45,2.23,439964,738597760.0,9.24,-5.46,-0.13,1.42
2012-03-15,1,2.25,2.17,2.29,2.17,258049,423785024.0,5.33,-3.56,-0.08,0.83
2012-03-16,1,2.17,2.22,2.22,2.13,167866,273741696.0,4.15,2.3,0.05,0.54
2012-03-19,1,2.2,2.2,2.22,2.15,167465,272964672.0,3.15,-0.9,-0.02,0.54
2012-03-20,1,2.19,2.1,2.19,2.09,203040,328052064.0,4.55,-4.55,-0.1,0.65
2012-03-21,1,2.15,2.11,2.16,2.08,150404,242481936.0,3.81,0.48,0.01,0.48
2012-03-22,1,2.12,2.14,2.18,2.06,179388,288804704.0,5.69,1.42,0.03,0.58
2012-03-23,1,2.12,2.08,2.12,2.06,119016,190843184.0,2.8,-2.8,-0.06,0.38
2012-03-26,1,2.08,2.09,2.1,2.07,82461,132200784.0,1.44,0.48,0.01,0.27
2012-03-27,1,2.12,2.1,2.13,2.09,111209,179214160.0,1.91,0.48,0.01,0.36
2012-03-28,1,2.1,2.0,2.11,1.99,204483,325213024.0,5.71,-4.76,-0.1,0.66
2012-03-29,1,2.0,1.92,2.0,1.88,188866,295267360.0,6.0,-4.0,-0.08,0.61
2012-03-30,1,1.94,1.97,1.98,1.93,106312,166628768.0,2.6,2.6,0.05,0.34
2012-04-05,1,1.97,1.98,2.0,1.88,183793,287161664.0,6.09,0.51,0.01,0.59
2012-04-06,1,1.97,2.07,2.08,1.94,193876,306955616.0,7.07,4.55,0.09,0.62
2012-04-09,1,2.04,1.99,2.04,1.97,93197,147459888.0,3.38,-3.86,-0.08,0.3
2012-04-10,1,1.97,2.03,2.04,1.92,196999,308914112.0,6.03,2.01,0.04,0.63
2012-04-11,1,1.96,2.01,2.05,1.95,105144,166106128.0,4.93,-0.99,-0.02,0.34
2012-04-12,1,2.02,2.19,2.2,1.99,275779,443771872.0,10.45,8.96,0.18,0.89
2012-04-13,1,2.2,2.18,2.3,2.15,337745,554098560.0,6.85,-0.46,-0.01,1.09
2012-04-16,1,2.14,2.14,2.2,2.1,133673,216401792.0,4.59,-1.83,-0.04,0.43
2012-04-17,1,2.13,2.07,2.16,2.07,118951,191093632.0,4.21,-3.27,-0.07,0.38
2012-04-18,1,2.08,2.17,2.19,2.08,159601,258852704.0,5.31,4.83,0.1,0.51
2012-04-19,1,2.18,2.21,2.21,2.15,137392,223742896.0,2.76,1.84,0.04,0.44
2012-04-20,1,2.18,2.29,2.29,2.17,258075,426240160.0,5.43,3.62,0.08,0.83
2012-04-23,1,2.27,2.23,2.3,2.2,197381,325312448.0,4.37,-2.62,-0.06,0.64
2012-04-24,1,2.22,2.35,2.48,2.21,478040,802959360.0,12.11,5.38,0.12,1.54
2012-04-25,1,2.3,2.39,2.39,2.29,208924,350401184.0,4.26,1.7,0.04,0.67
2012-04-26,1,2.39,2.29,2.4,2.24,283414,470733984.0,6.69,-4.18,-0.1,0.91
2012-04-27,1,2.3,2.28,2.35,2.25,166617,277246080.0,4.37,-0.44,-0.01,0.54
2012-05-02,1,2.34,2.36,2.42,2.31,261172,438591392.0,4.82,3.51,0.08,0.84
2012-05-03,1,2.36,2.3,2.38,2.3,161487,269467360.0,3.39,-2.54,-0.06,0.52
2012-05-04,1,2.3,2.33,2.34,2.28,140296,233813680.0,2.61,1.3,0.03,0.45
2012-05-07,1,2.3,2.29,2.34,2.25,255731,423783680.0,3.86,-1.72,-0.04,0.82
2012-05-08,1,2.28,2.27,2.29,2.24,175130,289312160.0,2.18,-0.87,-0.02,0.56
2012-05-09,1,2.24,2.13,2.25,2.12,213677,347527136.0,5.73,-6.17,-0.14,0.69
2012-05-10,1,2.13,2.12,2.17,2.1,129428,209027536.0,3.29,-0.47,-0.01,0.42
2012-05-11,1,2.12,2.08,2.15,2.08,162520,261354032.0,3.3,-1.89,-0.04,0.52
2012-05-14,1,2.13,2.05,2.13,2.04,206960,332240256.0,4.33,-1.44,-0.03,0.67
2012-05-15,1,2.04,2.08,2.1,2.0,134455,213764768.0,4.88,1.46,0.03,0.43
2012-05-16,1,2.08,1.99,2.08,1.99,150305,238216896.0,4.33,-4.33,-0.09,0.48
2012-05-17,1,2.0,2.05,2.06,1.99,133390,211749264.0,3.52,3.02,0.06,0.43
2012-05-18,1,2.0,1.97,2.04,1.95,157863,248755808.0,4.39,-3.9,-0.08,0.51
2012-05-21,1,1.97,1.99,2.02,1.97,85695,135114976.0,2.54,1.02,0.02,0.28
2012-05-22,1,2.01,2.06,2.07,2.01,113599,180941168.0,3.02,3.52,0.07,0.37
2012-05-24,1,2.03,1.97,2.04,1.96,194074,305714016.0,3.88,-4.37,-0.09,0.62
2012-05-25,1,1.97,1.94,1.99,1.93,98929,154918944.0,3.05,-1.52,-0.03,0.32
2012-05-28,1,1.94,2.01,2.01,1.9,137202,215529424.0,5.67,3.61,0.07,0.44
2012-05-29,1,2.0,2.05,2.06,1.95,286809,453701952.0,5.47,1.99,0.04,0.92
2012-05-30,1,2.02,1.97,2.03,1.93,217126,341898720.0,4.88,-3.9,-0.08,0.7
2012-05-31,1,1.96,1.96,1.99,1.92,153251,239888128.0,3.55,-0.51,-0.01,0.49
2012-06-01,1,1.97,2.0,2.03,1.95,158353,249589888.0,4.08,2.04,0.04,0.51
2012-06-04,1,1.93,1.86,1.95,1.85,171778,266890992.0,5.0,-7.0,-0.14,0.55
2012-06-05,1,1.87,1.81,1.88,1.81,246144,377715360.0,3.76,-2.69,-0.05,0.79
2012-06-06,1,1.82,1.83,1.84,1.8,188860,288959584.0,2.21,1.1,0.02,0.61
2012-06-07,1,1.87,1.79,1.89,1.78,131302,201455936.0,6.01,-2.19,-0.04,0.42
2012-06-08,1,1.8,1.65,1.81,1.63,397557,593133504.0,10.06,-7.82,-0.14,1.28
2012-06-11,1,1.66,1.64,1.69,1.61,265509,393125600.0,4.85,-0.61,-0.01,0.86
2012-06-12,1,1.61,1.54,1.63,1.51,298155,434459168.0,7.32,-6.1,-0.1,0.96
2012-06-13,1,1.56,1.66,1.68,1.53,260117,383736096.0,9.74,7.79,0.12,0.84
2012-06-14,1,1.63,1.58,1.65,1.57,130478,191929248.0,4.82,-4.82,-0.08,0.42
2012-06-15,1,1.61,1.77,1.84,1.61,422952,636342592.0,14.56,12.03,0.19,1.36
2012-06-18,1,1.76,1.79,1.8,1.74,198733,301170880.0,3.39,1.13,0.02,0.64
2012-06-19,1,1.77,1.8,1.85,1.75,149925,228553088.0,5.59,0.56,0.01,0.48
2012-06-20,1,1.83,1.8,1.89,1.79,143707,220127616.0,5.56,0.0,0.0,0.46
2012-06-21,1,1.79,1.68,1.8,1.66,144833,217217296.0,7.78,-6.67,-0.12,0.47
2012-06-25,1,1.67,1.63,1.74,1.63,164358,245383808.0,6.55,-2.98,-0.05,0.53
2012-06-26,1,1.65,1.68,1.72,1.64,134924,201321552.0,4.91,3.07,0.05,0.43
2012-06-27,1,1.68,1.66,1.7,1.64,81776,121766280.0,3.57,-1.19,-0.02,0.26
2012-06-28,1,1.66,1.62,1.7,1.61,100847,149964624.0,5.42,-2.41,-0.04,0.32
2012-06-29,1,1.63,1.77,1.8,1.61,184555,278224192.0,11.73,9.26,0.15,0.59
2012-07-02,1,1.8,1.77,1.8,1.71,155645,234575312.0,5.08,0.0,0.0,0.5
2012-07-03,1,1.75,1.76,1.82,1.72,123728,187834400.0,5.65,-0.56,-0.01,0.4
2012-07-04,1,1.76,1.82,1.89,1.76,197670,302421600.0,7.39,3.41,0.06,0.64
2012-07-05,1,1.8,1.78,1.83,1.77,102897,156808688.0,3.3,-2.2,-0.04,0.33
2012-07-06,1,1.7,1.76,1.79,1.62,165455,247858064.0,9.55,-1.12,-0.02,0.53
2012-07-09,1,1.74,1.61,1.74,1.61,160952,238871824.0,7.39,-8.52,-0.15,0.52
2012-07-10,1,1.61,1.68,1.72,1.61,123710,183975552.0,6.83,4.35,0.07,0.4
2012-07-11,1,1.66,1.66,1.7,1.63,75444,112224824.0,4.17,-1.19,-0.02,0.24
2012-07-12,1,1.65,1.67,1.69,1.59,194731,287704672.0,6.02,0.6,0.01,0.63
2012-07-13,1,1.64,1.71,1.76,1.62,110700,165726976.0,8.38,2.4,0.04,0.36
2012-07-16,1,1.71,1.66,1.74,1.66,108603,162268368.0,4.68,-2.92,-0.05,0.35
2012-07-17,1,1.66,1.72,1.73,1.65,91601,136786576.0,4.82,3.61,0.06,0.29
2012-07-18,1,1.71,1.72,1.72,1.66,75612,112967984.0,3.49,0.0,0.0,0.24
2012-07-19,1,1.71,1.72,1.75,1.67,136264,204768496.0,4.65,0.0,0.0,0.44
2012-07-20,1,1.67,1.66,1.7,1.65,106734,158679776.0,2.91,-3.49,-0.06,0.34
2012-07-23,1,1.63,1.65,1.65,1.59,150494,221835968.0,3.61,-0.6,-0.01,0.48
2012-07-24,1,1.62,1.64,1.7,1.62,100943,149950272.0,4.85,-0.61,-0.01,0.33
2012-07-25,1,1.64,1.58,1.67,1.58,98405,144875472.0,5.49,-3.66,-0.06,0.32
2012-07-26,1,1.58,1.59,1.65,1.57,72903,107285512.0,5.06,0.63,0.01,0.23
2012-07-27,1,1.61,1.62,1.69,1.59,109661,162335584.0,6.29,1.89,0.03,0.35
2012-07-30,1,1.63,1.66,1.74,1.63,118426,176839232.0,6.79,2.47,0.04,0.38
2012-07-31,1,1.67,1.75,1.76,1.66,153135,230444672.0,6.02,5.42,0.09,0.49
2012-08-01,1,1.74,1.77,1.79,1.71,121867,184236832.0,4.57,1.14,0.02,0.39
2012-08-02,1,1.77,1.77,1.79,1.74,89077,134826272.0,2.82,0.0,0.0,0.29
2012-08-03,1,1.77,1.77,1.78,1.72,94387,142870688.0,3.39,0.0,0.0,0.3
2012-08-06,1,1.76,1.75,1.79,1.75,153312,232307808.0,2.26,-1.13,-0.02,0.49
2012-08-07,1,1.75,1.7,1.77,1.69,159826,239640608.0,4.57,-2.86,-0.05,0.51
2012-08-08,1,1.7,1.73,1.73,1.69,117542,176391104.0,2.35,1.76,0.03,0.38
2012-08-09,1,1.72,1.73,1.73,1.68,85751,128443488.0,2.89,0.0,0.0,0.28
2012-08-10,1,1.74,1.74,1.78,1.74,105498,159571472.0,2.31,0.58,0.01,0.34
2012-08-13,1,1.75,1.72,1.78,1.72,107991,163090048.0,3.45,-1.15,-0.02,0.35
2012-08-14,1,1.72,1.81,1.82,1.69,180370,273064256.0,7.56,5.23,0.09,0.58
2012-08-15,1,1.77,1.75,1.8,1.72,116142,175631856.0,4.42,-3.31,-0.06,0.37
2012-08-16,1,1.72,1.68,1.73,1.66,146816,219340224.0,4.0,-4.0,-0.07,0.47
2012-08-17,1,1.68,1.74,1.75,1.67,103997,156222176.0,4.76,3.57,0.06,0.33
2012-08-20,1,1.71,1.66,1.71,1.62,155795,231016480.0,5.17,-4.6,-0.08,0.5
2012-08-21,1,1.66,1.64,1.67,1.62,130220,192757792.0,3.01,-1.2,-0.02,0.42
2012-08-22,1,1.64,1.59,1.65,1.57,125183,183731120.0,4.88,-3.05,-0.05,0.4
2012-08-23,1,1.6,1.58,1.62,1.55,131289,191921632.0,4.4,-0.63,-0.01,0.42
2012-08-24,1,1.57,1.49,1.57,1.48,188179,271872000.0,5.7,-5.7,-0.09,0.61
2012-08-27,1,1.48,1.39,1.49,1.37,167759,237771008.0,8.05,-6.71,-0.1,0.54
2012-08-28,1,1.4,1.49,1.52,1.36,159109,226308464.0,11.51,7.19,0.1,0.51
2012-08-29,1,1.46,1.45,1.47,1.42,69484,99043800.0,3.36,-2.68,-0.04,0.22
2012-08-30,1,1.41,1.45,1.49,1.41,89873,128124856.0,5.52,0.0,0.0,0.29
2012-08-31,1,1.44,1.42,1.51,1.42,85619,122564448.0,6.21,-2.07,-0.03,0.28
2012-09-03,1,1.43,1.43,1.46,1.42,101130,143818624.0,2.82,0.7,0.01,0.33
2012-09-04,1,1.43,1.31,1.44,1.29,207756,290805056.0,10.49,-8.39,-0.12,0.67
2012-09-05,1,1.3,1.21,1.31,1.19,172190,235084944.0,9.16,-7.63,-0.1,0.55
2012-09-06,1,1.22,1.25,1.26,1.19,103560,141626688.0,5.79,3.31,0.04,0.33
2012-09-07,1,1.28,1.43,1.5,1.27,281738,398458816.0,18.4,14.4,0.18,0.91
2012-09-10,1,1.42,1.38,1.44,1.33,236778,332644832.0,7.69,-3.5,-0.05,0.76
2012-09-11,1,1.36,1.36,1.37,1.32,87437,122118848.0,3.62,-1.45,-0.02,0.28
2012-09-12,1,1.38,1.34,1.41,1.3,122453,171431984.0,8.09,-1.47,-0.02,0.39
2012-09-13,1,1.34,1.31,1.36,1.31,82443,115132800.0,3.73,-2.24,-0.03,0.27
2012-09-14,1,1.34,1.37,1.4,1.3,153273,214681376.0,7.63,4.58,0.06,0.49
2012-09-17,1,1.36,1.25,1.36,1.24,114714,158729296.0,8.76,-8.76,-0.12,0.37
2012-09-18,1,1.24,1.17,1.24,1.17,122502,166389840.0,5.6,-6.4,-0.08,0.39
2012-09-19,1,1.18,1.11,1.2,1.07,184346,245924736.0,11.11,-5.13,-0.06,0.59
2012-09-20,1,1.1,0.99,1.1,0.99,181346,237807072.0,9.91,-10.81,-0.12,0.58
2012-09-21,1,0.99,0.95,1.0,0.93,157513,203492208.0,7.07,-4.04,-0.04,0.51
2012-09-24,1,0.93,0.96,0.99,0.84,179056,228728960.0,15.79,1.05,0.01,0.58
2012-09-25,1,0.95,0.9,0.95,0.88,98826,126342880.0,7.29,-6.25,-0.06,0.32
2012-09-26,1,0.9,0.86,0.91,0.85,70789,89861904.0,6.67,-4.44,-0.04,0.23
2012-09-27,1,0.86,1.0,1.08,0.86,215387,279689536.0,25.58,16.28,0.14,0.69
2012-09-28,1,0.97,1.04,1.04,0.95,150958,196802880.0,9.0,4.0,0.04,0.49
2012-10-08,1,1.04,0.98,1.07,0.95,106386,138955168.0,11.54,-5.77,-0.06,0.34
2012-10-09,1,0.99,1.1,1.11,0.99,164816,218229440.0,12.24,12.24,0.12,0.53
2012-10-10,1,1.1,1.1,1.1,1.06,99766,132165224.0,3.64,0.0,0.0,0.32
2012-10-11,1,1.1,1.07,1.1,1.06,95748,126809880.0,3.64,-2.73,-0.03,0.31
2012-10-12,1,1.09,1.1,1.15,1.07,101452,135067776.0,7.48,2.8,0.03,0.33
2012-10-15,1,1.1,1.03,1.1,1.01,89119,117114360.0,8.18,-6.36,-0.07,0.29
2012-10-16,1,1.04,1.07,1.12,1.02,126346,167235920.0,9.71,3.88,0.04,0.41
2012-10-17,1,1.09,1.12,1.13,1.07,121881,162229776.0,5.61,4.67,0.05,0.39
2012-10-18,1,1.13,1.17,1.19,1.12,159179,214090080.0,6.25,4.46,0.05,0.51
2012-10-19,1,1.18,1.18,1.19,1.16,100713,135099120.0,2.56,0.85,0.01,0.32
2012-10-22,1,1.16,1.2,1.21,1.13,134089,179787008.0,6.78,1.69,0.02,0.43
2012-10-23,1,1.2,1.14,1.21,1.12,116808,156357632.0,7.5,-5.0,-0.06,0.38
2012-10-24,1,1.12,1.13,1.17,1.11,89953,119926216.0,5.26,-0.88,-0.01,0.29
2012-10-25,1,1.14,1.1,1.15,1.1,123378,163551584.0,4.42,-2.65,-0.03,0.4
2012-10-26,1,1.12,1.0,1.14,0.99,171380,224201696.0,13.64,-9.09,-0.1,0.55
2012-10-29,1,0.99,1.0,1.04,0.98,129642,167853280.0,6.0,0.0,0.0,0.42
2012-10-30,1,1.0,1.06,1.08,1.0,142922,186512272.0,8.0,6.0,0.06,0.46
2012-10-31,1,1.07,1.08,1.1,1.05,75125,98717440.0,4.72,1.89,0.02,0.24
2012-11-01,1,1.08,1.16,1.21,1.08,138003,184644048.0,12.04,7.41,0.08,0.44
2012-11-02,1,1.16,1.22,1.23,1.16,163337,219877328.0,6.03,5.17,0.06,0.53
2012-11-05,1,1.22,1.25,1.28,1.21,146755,199475088.0,5.74,2.46,0.03,0.47
2012-11-06,1,1.24,1.24,1.25,1.16,130179,175738848.0,7.2,-0.8,-0.01,0.42
2012-11-07,1,1.21,1.23,1.25,1.18,88169,119251176.0,5.65,-0.81,-0.01,0.28
2012-11-08,1,1.19,1.16,1.22,1.16,84728,113907728.0,4.88,-5.69,-0.07,0.27
2012-11-09,1,1.16,1.18,1.19,1.15,62171,83239024.0,3.45,1.72,0.02,0.2
2012-11-12,1,1.17,1.25,1.25,1.16,145349,196914080.0,7.63,5.93,0.07,0.47
2012-11-13,1,1.25,1.18,1.25,1.16,99935,134504032.0,7.2,-5.6,-0.07,0.32
2012-11-14,1,1.21,1.16,1.21,1.15,75264,100889376.0,5.08,-1.69,-0.02,0.24
2012-11-15,1,1.14,1.08,1.17,1.06,76520,101637296.0,9.48,-6.9,-0.08,0.25
2012-11-16,1,1.06,1.06,1.08,1.0,147559,192143856.0,7.41,-1.85,-0.02,0.48
2012-11-19,1,1.03,1.06,1.07,1.0,98369,128001552.0,6.6,0.0,0.0,0.32
2012-11-20,1,1.06,1.06,1.07,1.0,79758,104041952.0,6.6,0.0,0.0,0.26
2012-11-21,1,1.04,1.12,1.14,1.02,107927,141558176.0,11.32,5.66,0.06,0.35
2012-11-22,1,1.11,1.08,1.12,1.07,48589,63994756.0,4.46,-3.57,-0.04,0.16
2012-11-23,1,1.1,1.12,1.15,1.08,80318,106505904.0,6.48,3.7,0.04,0.26
2012-11-26,1,1.11,1.07,1.12,1.06,57373,75519848.0,5.36,-4.46,-0.05,0.18
2012-11-27,1,1.06,1.09,1.1,1.05,88752,116511888.0,4.67,1.87,0.02,0.29
2012-11-28,1,1.07,1.06,1.1,1.06,72136,94731376.0,3.67,-2.75,-0.03,0.23
2012-11-29,1,1.06,0.93,1.06,0.93,204974,263156032.0,12.26,-12.26,-0.13,0.66
2012-11-30,1,0.92,0.95,0.98,0.92,96646,123711328.0,6.45,2.15,0.02,0.31
2012-12-03,1,0.96,0.87,0.97,0.85,140728,177383533.0,12.63,-8.42,-0.08,0.45
2012-12-04,1,0.87,0.92,0.94,0.84,116924,147537061.0,11.49,5.75,0.05,0.38
2012-12-05,1,0.9,1.17,1.2,0.89,402364,532826192.0,33.7,27.17,0.25,1.3
2012-12-06,1,1.15,1.21,1.23,1.14,361015,486216800.0,7.69,3.42,0.04,1.16
2012-12-07,1,1.21,1.4,1.4,1.2,456568,632609120.0,16.53,15.7,0.19,1.47
2012-12-10,1,1.44,1.5,1.54,1.34,481814,681366288.0,14.29,7.14,0.1,1.55
2012-12-11,1,1.46,1.43,1.52,1.42,260683,370736000.0,6.67,-4.67,-0.07,0.84
2012-12-12,1,1.44,1.48,1.53,1.42,227397,323505184.0,7.69,3.5,0.05,0.73
2012-12-13,1,1.46,1.41,1.47,1.41,189649,268485664.0,4.05,-4.73,-0.07,0.61
2012-12-14,1,1.4,1.82,1.82,1.4,774138,1143057888.0,29.79,29.08,0.41,2.49
2012-12-17,1,1.82,1.83,1.87,1.75,487780,740677392.0,6.59,0.55,0.01,1.57
2012-12-18,1,1.8,1.84,1.92,1.76,411630,630112656.0,8.74,0.55,0.01,1.33
2012-12-19,1,1.82,1.82,1.87,1.8,271576,413928576.0,3.8,-1.09,-0.02,0.87
2012-12-20,1,1.79,1.79,1.8,1.67,293475,438977120.0,7.14,-1.65,-0.03,0.95
2012-12-21,1,1.78,1.7,1.8,1.7,245272,366606688.0,5.59,-5.03,-0.09,0.79
2012-12-24,1,1.69,1.72,1.83,1.68,217778,327128896.0,8.82,1.18,0.02,0.7
2012-12-25,1,1.71,1.9,1.96,1.68,449881,691035808.0,16.28,10.47,0.18,1.45
2012-12-26,1,1.89,1.88,1.91,1.84,308014,472347392.0,3.68,-1.05,-0.02,0.99
2012-12-27,1,1.91,1.92,1.95,1.85,283630,436845776.0,5.32,2.13,0.04,0.91
2012-12-28,1,1.91,1.97,2.03,1.88,242349,377652112.0,7.81,2.6,0.05,0.78
2012-12-31,1,2.01,2.12,2.17,1.99,378684,605187328.0,9.14,7.61,0.15,1.22
2013-01-04,1,2.23,2.11,2.27,2.08,443851,717567552.0,8.96,-0.47,-0.01,1.43
2013-01-07,1,2.1,2.22,2.24,2.07,357169,578450480.0,8.06,5.21,0.11,1.15
2013-01-08,1,2.22,2.11,2.25,2.06,312479,501360096.0,8.56,-4.95,-0.11,1.01
2013-01-09,1,2.1,2.06,2.12,2.04,251329,399696176.0,3.79,-2.37,-0.05,0.81
2013-01-10,1,2.06,2.06,2.15,2.04,240030,383347728.0,5.34,0.0,0.0,0.77
2013-01-11,1,2.06,1.95,2.13,1.91,251269,396184768.0,10.68,-5.34,-0.11,0.81
2013-01-14,1,1.93,2.51,2.51,1.93,939896,1568842032.0,29.74,28.72,0.56,3.03
2013-01-15,1,2.52,2.69,2.81,2.51,984064,1719308608.0,11.95,7.17,0.18,3.17
2013-01-16,1,2.69,2.77,2.8,2.55,682701,1198986576.0,9.29,2.97,0.08,2.2
2013-01-17,1,2.73,2.74,2.94,2.64,675772,1206432384.0,10.83,-1.08,-0.03,2.18
2013-01-18,1,2.79,2.95,2.99,2.69,665368,1201751664.0,10.95,7.66,0.21,2.14
2013-01-21,1,2.94,3.45,3.45,2.83,782136,1465651632.0,21.02,16.95,0.5,2.52
2013-01-22,1,3.36,3.73,3.88,3.32,1068770,2167549632.0,16.23,8.12,0.28,3.44
2013-01-23,1,3.56,3.58,3.71,3.31,635698,1266082624.0,10.72,-4.02,-0.15,2.05
2013-01-24,1,3.57,3.36,3.77,3.31,857236,1709191456.0,12.85,-6.15,-0.22,2.76
2013-01-25,1,3.38,3.25,3.41,3.17,614312,1178016304.0,7.14,-3.27,-0.11,1.98
2013-01-28,1,3.25,3.95,3.95,3.25,1163995,2365203184.0,21.54,21.54,0.7,3.75
2013-01-29,1,4.03,4.06,4.12,3.79,1082895,2288064736.0,8.35,2.78,0.11,3.49
2013-01-30,1,3.96,4.04,4.04,3.85,583625,1233766336.0,4.68,-0.49,-0.02,1.88
2013-01-31,1,4.02,3.96,4.04,3.85,415884,873902880.0,4.7,-1.98,-0.08,1.34
2013-02-01,1,3.93,4.44,4.48,3.84,824080,1793445728.0,16.16,12.12,0.48,2.65
2013-02-04,1,4.38,4.29,4.57,4.18,857420,1906659488.0,8.78,-3.38,-0.15,2.76
2013-02-05,1,4.19,4.2,4.34,3.99,426891,927037952.0,8.16,-2.1,-0.09,1.37
2013-02-06,1,4.17,4.23,4.27,4.08,380827,827479696.0,4.52,0.71,0.03,1.23
2013-02-07,1,4.17,3.87,4.21,3.67,586127,1230117760.0,12.77,-8.51,-0.36,1.89
2013-02-08,1,3.84,3.83,3.94,3.7,462025,958773536.0,6.2,-1.03,-0.04,1.49
2013-02-18,1,3.89,3.88,4.1,3.82,421813,887486896.0,7.31,1.31,0.05,1.36
2013-02-19,1,3.85,3.85,3.96,3.8,486508,1017085040.0,4.12,-0.77,-0.03,1.57
2013-02-20,1,3.87,3.67,3.92,3.45,659158,1324230512.0,12.21,-4.68,-0.18,2.12
2013-02-21,1,3.56,3.41,3.56,3.22,740245,1445657248.0,9.26,-7.08,-0.26,2.38
2013-02-22,1,3.38,3.24,3.45,3.18,468595,907188832.0,7.92,-4.99,-0.17,1.51
2013-02-25,1,3.29,3.56,3.67,3.28,616301,1218835616.0,12.04,9.88,0.32,1.98
2013-02-26,1,3.49,3.87,4.27,3.45,1034815,2186227776.0,23.03,8.71,0.31,3.33
2013-02-27,1,3.92,3.93,4.22,3.87,700677,1492890624.0,9.04,1.55,0.06,2.26
2013-02-28,1,3.97,4.64,4.64,3.93,1119892,2487830672.0,18.07,18.07,0.71,3.61
2013-03-01,1,4.62,4.67,4.73,4.42,1037824,2371270416.0,6.68,0.65,0.03,3.34
2013-03-04,1,4.44,4.19,4.64,4.11,1098780,2429985328.0,11.35,-10.28,-0.48,3.54
2013-03-05,1,4.21,4.98,4.98,4.21,1168987,2700253296.0,18.38,18.85,0.79,3.76
2013-03-06,1,5.19,5.1,5.26,4.98,1138281,2762182928.0,5.62,2.41,0.12,3.67
2013-03-07,1,4.99,4.91,5.05,4.55,892671,2106340352.0,9.8,-3.73,-0.19,2.87
2013-03-08,1,4.93,4.59,5.0,4.45,925868,2138191040.0,11.2,-6.52,-0.32,2.98
2013-03-11,1,4.54,4.51,4.64,4.23,573293,1288820736.0,8.93,-1.74,-0.08,1.85
2013-03-12,1,4.5,4.18,4.57,4.03,840769,1845179568.0,11.97,-7.32,-0.33,2.71
2013-03-13,1,4.17,4.31,4.49,4.14,836902,1857825760.0,8.37,3.11,0.13,2.7
2013-03-14,1,4.28,4.16,4.31,4.03,577854,1259573680.0,6.5,-3.48,-0.15,1.86
2013-03-15,1,4.16,4.35,4.51,3.85,943574,2057527328.0,15.87,4.57,0.19,3.04
2013-03-18,1,4.17,4.05,4.28,4.0,745295,1605426352.0,6.44,-6.9,-0.3,2.4
2013-03-19,1,4.03,4.1,4.18,3.93,529771,1135421200.0,6.17,1.23,0.05,1.71
2013-03-20,1,4.08,4.68,4.74,4.06,1309370,2950191936.0,16.59,14.15,0.58,4.22
2013-03-21,1,4.64,4.63,4.72,4.53,715318,1640675056.0,4.06,-1.07,-0.05,2.3
2013-03-22,1,4.63,4.65,4.69,4.56,411825,947445344.0,2.81,0.43,0.02,1.33
2013-03-25,1,4.69,4.56,4.74,4.52,452894,1037164944.0,4.73,-1.94,-0.09,1.46
2013-03-26,1,4.5,4.33,4.5,4.31,559773,1248606032.0,4.17,-5.04,-0.23,1.8
2013-03-27,1,4.34,4.34,4.52,4.25,385997,859815728.0,6.24,0.23,0.01,1.24
2013-03-28,1,3.92,3.57,3.92,3.54,1175043,2385878240.0,8.76,-17.74,-0.77,3.78
2013-03-29,1,3.57,3.6,3.69,3.43,569848,1139477696.0,7.28,0.84,0.03,1.84
2013-04-01,1,3.63,3.7,3.78,3.59,385542,786200272.0,5.28,2.78,0.1,1.24
2013-04-02,1,3.7,3.72,3.88,3.63,463055,952838176.0,6.76,0.54,0.02,1.49
2013-04-03,1,3.76,3.72,3.84,3.67,224590,461545648.0,4.57,0.0,0.0,0.72
2013-04-08,1,3.48,3.53,3.59,3.41,407715,808525760.0,4.84,-5.11,-0.19,1.31
2013-04-09,1,3.55,3.54,3.65,3.53,380491,763834464.0,3.4,0.28,0.01,1.23
2013-04-10,1,3.51,3.34,3.52,3.24,507767,988314144.0,7.91,-5.65,-0.2,1.64
2013-04-11,1,3.41,3.34,3.45,3.3,311789,607690400.0,4.49,0.0,0.0,1.0
2013-04-12,1,3.36,3.16,3.37,3.12,805323,1535799808.0,7.49,-5.39,-0.18,2.59
2013-04-15,1,3.17,3.04,3.22,2.98,570957,1065287824.0,7.59,-3.8,-0.12,1.84
2013-04-16,1,2.95,3.11,3.11,2.87,655492,1213261312.0,7.89,2.3,0.07,2.11
2013-04-17,1,3.09,3.01,3.11,2.85,642703,1180893504.0,8.36,-3.22,-0.1,2.07
2013-04-18,1,2.91,3.23,3.27,2.87,901245,1685861520.0,13.29,7.31,0.22,2.9
2013-04-19,1,3.2,3.65,3.78,3.17,1478380,2902667296.0,18.89,13.0,0.42,4.76
2013-04-22,1,3.56,3.64,3.69,3.53,692914,1396575712.0,4.38,-0.27,-0.01,2.23
2013-04-23,1,3.68,3.23,3.7,3.21,802659,1559983312.0,13.46,-11.26,-0.41,2.58
2013-04-24,1,3.11,3.34,3.48,3.03,733380,1397785376.0,13.93,3.41,0.11,2.36
2013-04-25,1,3.2,3.14,3.33,3.1,446856,847664656.0,6.89,-5.99,-0.2,1.44
2013-04-26,1,3.19,3.09,3.28,3.07,336739,637945792.0,6.69,-1.59,-0.05,1.08
2013-05-02,1,3.05,3.16,3.17,2.98,237573,445019632.0,6.15,2.27,0.07,0.77
2013-05-03,1,3.19,3.46,3.63,3.15,720126,1419670064.0,15.19,9.49,0.3,2.32
2013-05-06,1,3.5,3.67,3.76,3.44,840545,1700266272.0,9.25,6.07,0.21,2.71
2013-05-07,1,3.62,3.65,3.7,3.51,424171,854343024.0,5.18,-0.54,-0.02,1.37
2013-05-08,1,3.68,3.7,3.87,3.53,628787,1286250144.0,9.32,1.37,0.05,2.02
2013-05-09,1,3.66,3.61,3.66,3.49,483613,967721584.0,4.59,-2.43,-0.09,1.56
2013-05-10,1,3.56,3.63,3.71,3.52,386248,779054960.0,5.26,0.55,0.02,1.24
2013-05-13,1,3.6,3.53,3.63,3.49,323880,645920624.0,3.86,-2.75,-0.1,1.04
2013-05-14,1,3.53,3.3,3.53,3.24,498161,963271664.0,8.22,-6.52,-0.23,1.6
2013-05-15,1,3.3,3.31,3.35,3.25,242083,466686512.0,3.03,0.3,0.01,0.78
2013-05-16,1,3.27,3.67,3.73,3.21,813116,1620143088.0,15.71,10.88,0.36,2.62
2013-05-17,1,3.66,3.7,3.75,3.53,595807,1207256064.0,5.99,0.82,0.03,1.92
2013-05-20,1,3.73,3.91,4.1,3.7,876975,1842617472.0,10.81,5.68,0.21,2.82
2013-05-21,1,3.85,3.96,4.0,3.83,447575,938805120.0,4.35,1.28,0.05,1.44
2013-05-22,1,3.96,3.98,4.02,3.89,413113,872231920.0,3.28,0.51,0.02,1.33
2013-05-23,1,3.92,3.75,3.99,3.74,507409,1054439744.0,6.28,-5.78,-0.23,1.63
2013-05-24,1,3.76,3.81,3.9,3.67,332810,686838480.0,6.13,1.6,0.06,1.07
2013-05-27,1,3.77,3.71,3.88,3.66,358546,737775168.0,5.77,-2.62,-0.1,1.15
2013-05-28,1,3.71,4.14,4.17,3.65,783617,1653684464.0,14.02,11.59,0.43,2.52
2013-05-29,1,4.14,4.02,4.17,4.0,532598,1140654688.0,4.11,-2.9,-0.12,1.72
2013-05-30,1,4.0,3.99,4.13,3.94,425442,905433840.0,4.73,-0.75,-0.03,1.37
2013-05-31,1,4.01,3.92,4.1,3.91,361862,767274336.0,4.76,-1.75,-0.07,1.17
2013-06-03,1,3.89,3.89,3.99,3.84,343793,720122816.0,3.83,-0.77,-0.03,1.11
2013-06-04,1,3.89,3.97,4.04,3.84,442157,930180288.0,5.14,2.06,0.08,1.42
2013-06-05,1,3.92,3.85,3.96,3.78,305745,636042480.0,4.53,-3.02,-0.12,0.98
2013-06-06,1,3.77,3.61,3.84,3.57,435270,883833840.0,7.01,-6.23,-0.24,1.4
2013-06-07,1,3.61,3.39,3.65,3.34,402001,795705792.0,8.59,-6.09,-0.22,1.29
2013-06-13,1,3.31,3.12,3.32,3.03,381343,717936640.0,8.55,-7.96,-0.27,1.23
2013-06-14,1,3.2,3.22,3.27,3.12,328553,625125440.0,4.81,3.21,0.1,1.06
2013-06-17,1,3.25,3.28,3.4,3.18,309210,596190240.0,6.83,1.86,0.06,1.0
2013-06-18,1,3.36,3.46,3.57,3.36,389599,770155936.0,6.4,5.49,0.18,1.25
2013-06-19,1,3.4,3.28,3.4,3.25,369978,714070032.0,4.34,-5.2,-0.18,1.19
2013-06-20,1,3.29,2.86,3.3,2.79,903067,1029738096.0,15.55,-12.8,-0.42,1.82
2013-06-21,1,2.72,2.91,2.98,2.67,614003,687937856.0,10.84,1.75,0.05,1.24
2013-06-24,1,2.82,2.26,2.82,2.26,1166672,1210827536.0,19.24,-22.34,-0.65,2.35
2013-06-25,1,2.06,2.16,2.23,1.68,1717163,1643643136.0,24.34,-4.42,-0.1,3.46
2013-06-26,1,2.17,2.03,2.17,1.93,1017151,992741104.0,11.11,-6.02,-0.13,2.05
2013-06-27,1,2.09,1.94,2.17,1.91,835867,819712912.0,12.81,-4.43,-0.09,1.68
2013-06-28,1,1.88,2.16,2.25,1.77,926644,909148144.0,24.74,11.34,0.22,1.87
2013-07-01,1,2.06,2.03,2.14,1.85,800197,775396048.0,13.43,-6.02,-0.13,1.61
2013-07-02,1,2.05,1.94,2.06,1.81,813754,776186592.0,12.32,-4.43,-0.09,1.64
2013-07-03,1,1.91,1.79,1.91,1.75,771158,723582000.0,8.25,-7.73,-0.15,1.55
2013-07-04,1,1.72,1.81,1.92,1.6,805160,750347520.0,17.88,1.12,0.02,1.62
2013-07-05,1,1.8,1.81,1.92,1.79,641446,606232512.0,7.18,0.0,0.0,1.29
2013-07-08,1,1.7,1.59,1.74,1.58,595007,542811648.0,8.84,-12.15,-0.22,1.2
2013-07-09,1,1.6,1.59,1.66,1.58,512151,463017600.0,5.03,0.0,0.0,1.03
2013-07-10,1,1.6,1.83,1.83,1.59,747242,686265856.0,15.09,15.09,0.24,1.5
2013-07-11,1,1.88,2.37,2.37,1.88,1733611,1737228160.0,26.78,29.51,0.54,3.49
2013-07-12,1,2.46,2.37,2.66,2.32,2118544,2237236032.0,14.35,0.0,0.0,4.26
2013-07-15,1,2.46,2.47,2.61,2.2,1341659,1397980256.0,17.3,4.22,0.1,2.7
2013-07-16,1,2.38,2.39,2.43,2.25,1016228,1045499600.0,7.29,-3.24,-0.08,2.05
2013-07-17,1,2.39,2.25,2.44,2.23,673689,691750080.0,8.79,-5.86,-0.14,1.36
2013-07-18,1,2.22,2.07,2.28,2.05,806687,798982768.0,10.22,-8.0,-0.18,1.62
2013-07-19,1,2.07,1.84,2.12,1.83,827368,797155408.0,14.01,-11.11,-0.23,1.67
2013-07-22,1,1.73,1.84,1.88,1.66,658377,613752240.0,11.96,0.0,0.0,1.33
2013-07-23,1,1.87,2.15,2.31,1.83,1247443,1234752064.0,26.09,16.85,0.31,2.51
2013-07-24,1,2.05,2.03,2.1,1.91,899722,872706960.0,8.84,-5.58,-0.12,1.81
2013-07-25,1,2.05,2.06,2.18,2.0,689874,681137680.0,8.87,1.48,0.03,1.39
2013-07-26,1,2.01,1.96,2.03,1.91,465051,448749600.0,5.83,-4.85,-0.1,0.94
2013-07-29,1,1.87,1.83,1.9,1.8,498130,469746112.0,5.1,-6.63,-0.13,1.0
2013-07-30,1,1.88,1.99,2.13,1.86,674541,655829216.0,14.75,8.74,0.16,1.36
2013-07-31,1,2.06,1.94,2.17,1.91,454469,442922512.0,13.07,-2.51,-0.05,0.91
2013-08-01,1,2.02,2.13,2.13,1.95,762750,748544176.0,9.28,9.79,0.19,1.54
2013-08-02,1,2.18,2.07,2.23,2.05,577417,571090992.0,8.45,-2.82,-0.06,1.16
2013-08-05,1,2.07,2.14,2.14,2.04,531431,524425088.0,4.83,3.38,0.07,1.07
2013-08-06,1,2.1,2.13,2.17,2.05,596180,588829760.0,5.61,-0.47,-0.01,1.2
2013-08-07,1,2.1,2.13,2.24,2.09,743764,743841168.0,7.04,0.0,0.0,1.5
2013-08-08,1,2.09,2.11,2.2,2.07,545859,542967008.0,6.1,-0.94,-0.02,1.1
2013-08-09,1,2.16,2.09,2.18,2.03,497634,491213376.0,7.11,-0.95,-0.02,1.0
2013-08-12,1,2.1,2.36,2.43,2.09,1348363,1373703616.0,16.27,12.92,0.27,2.71
2013-08-13,1,2.35,2.46,2.5,2.32,1203497,1252254432.0,7.63,4.24,0.1,2.42
2013-08-14,1,2.47,2.42,2.65,2.39,1164745,1237080464.0,10.57,-1.63,-0.04,2.34
2013-08-15,1,2.42,2.29,2.47,2.28,586757,605654336.0,7.85,-5.37,-0.13,1.18
2013-08-16,1,2.28,2.51,2.88,2.18,2531434,2723081520.0,30.57,9.61,0.22,5.09
2013-08-19,1,2.3,2.63,2.72,2.3,1585604,1677377440.0,16.73,4.78,0.12,3.19
2013-08-20,1,2.58,2.75,2.9,2.51,1531867,1676956560.0,14.83,4.56,0.12,3.08
2013-08-21,1,2.73,2.7,2.81,2.61,626805,682275392.0,7.27,-1.82,-0.05,1.26
2013-08-22,1,2.67,2.72,2.9,2.64,790807,874059824.0,9.63,0.74,0.02,1.59
2013-08-23,1,2.72,2.53,2.79,2.43,1043961,1116168176.0,13.24,-6.99,-0.19,2.1
2013-08-26,1,2.54,2.69,2.72,2.46,743274,803066320.0,10.28,6.32,0.16,1.5
2013-08-27,1,2.69,2.68,2.76,2.61,586884,638179744.0,5.58,-0.37,-0.01,1.18
2013-08-28,1,2.6,2.54,2.66,2.48,682203,728468800.0,6.72,-5.22,-0.14,1.37
2013-08-29,1,2.64,2.54,2.69,2.52,551253,590423920.0,6.69,0.0,0.0,1.11
2013-08-30,1,2.49,2.53,2.67,2.47,520291,555844992.0,7.87,-0.39,-0.01,1.05
2013-09-02,1,2.6,2.61,2.65,2.54,500232,537024096.0,4.35,3.16,0.08,1.01
2013-09-03,1,2.63,2.87,2.87,2.59,1157572,1276796976.0,10.73,9.96,0.26,2.33
2013-09-04,1,2.84,2.8,2.98,2.78,892620,1001844640.0,6.97,-2.44,-0.07,1.8
2013-09-05,1,2.8,2.77,2.83,2.74,343230,379657104.0,3.21,-1.07,-0.03,0.69
2013-09-09,1,2.91,3.41,3.41,2.91,2204494,2639382240.0,18.05,23.1,0.64,4.44
2013-09-10,1,3.57,3.59,3.71,3.32,2085294,2574801568.0,11.44,5.28,0.18,4.2
2013-09-11,1,3.56,3.73,4.0,3.45,1708230,2186675904.0,15.32,3.9,0.14,3.44
2013-09-12,1,3.63,4.18,4.41,3.56,1830540,2418432400.0,22.79,12.06,0.45,3.68
2013-09-13,1,4.04,4.03,4.31,3.93,1191320,1587326736.0,9.09,-3.59,-0.15,2.4
2013-09-16,1,4.04,4.02,4.28,3.72,1434366,1874388800.0,13.9,-0.25,-0.01,2.89
2013-09-17,1,4.0,3.79,4.12,3.76,940026,1224996832.0,8.96,-5.72,-0.23,1.89
2013-09-18,1,3.76,3.79,3.9,3.63,617003,786897824.0,7.12,0.0,0.0,1.24
2013-09-23,1,3.79,3.84,3.89,3.69,723795,928672800.0,5.28,1.32,0.05,1.46
2013-09-24,1,3.83,3.49,3.83,3.31,1456189,1786488320.0,13.54,-9.11,-0.35,2.93
2013-09-25,1,3.43,3.35,3.59,3.32,779931,949782704.0,7.74,-4.01,-0.14,1.57
2013-09-26,1,3.31,3.13,3.31,3.04,860712,1002417072.0,8.06,-6.57,-0.22,1.73
2013-09-27,1,3.12,3.27,3.34,3.1,687520,810756848.0,7.67,4.47,0.14,1.38
2013-09-30,1,3.27,3.26,3.35,3.23,373602,445333344.0,3.67,-0.31,-0.01,0.75
2013-10-08,1,3.26,3.45,3.53,3.05,737575,888899056.0,14.72,5.83,0.19,1.48
2013-10-09,1,3.4,3.65,3.76,3.34,844084,1054297728.0,12.17,5.8,0.2,1.7
2013-10-10,1,3.68,3.49,3.76,3.45,776268,967348784.0,8.49,-4.38,-0.16,1.56
2013-10-11,1,3.57,3.73,3.78,3.54,922987,1165261984.0,6.88,6.88,0.24,1.86
2013-10-14,1,3.68,3.61,3.73,3.6,552939,693548128.0,3.49,-3.22,-0.12,1.11
2013-10-15,1,3.61,3.45,3.62,3.41,484463,594407024.0,5.82,-4.43,-0.16,0.98
2013-10-16,1,3.42,3.34,3.42,3.29,452396,544119392.0,3.77,-3.19,-0.11,0.91
2013-10-17,1,3.41,3.33,3.47,3.33,313616,378747296.0,4.19,-0.3,-0.01,0.63
2013-10-18,1,3.34,3.45,3.59,3.31,515653,631501168.0,8.41,3.6,0.12,1.04
2013-10-21,1,3.45,3.52,3.55,3.34,603013,736781232.0,6.09,2.03,0.07,1.21
2013-10-22,1,3.49,3.36,3.49,3.34,514900,623986656.0,4.26,-4.55,-0.16,1.04
2013-10-23,1,3.43,3.67,4.0,3.42,1543357,1957187888.0,17.26,9.23,0.31,3.11
2013-10-24,1,3.68,3.91,4.0,3.56,1477784,1909977920.0,11.99,6.54,0.24,2.97
2013-10-25,1,3.87,4.16,4.37,3.83,1441107,1935859104.0,13.81,6.39,0.25,2.9
2013-10-28,1,4.14,3.98,4.15,3.89,878763,1154607552.0,6.25,-4.33,-0.18,1.77
2013-10-29,1,4.0,4.56,4.72,4.0,2141540,2981260816.0,18.09,14.57,0.58,4.31
2013-10-30,1,4.49,4.72,4.77,4.38,1325822,1871874560.0,8.55,3.51,0.16,2.67
2013-10-31,1,4.63,4.43,4.67,4.34,1112969,1558479712.0,6.99,-6.14,-0.29,2.24
2013-11-01,1,4.42,4.41,4.55,4.29,844922,1175747328.0,5.87,-0.45,-0.02,1.7
2013-11-04,1,4.48,4.23,4.54,4.18,739668,1013876784.0,8.16,-4.08,-0.18,1.49
2013-11-05,1,4.08,4.29,4.31,3.89,987035,1305185648.0,9.93,1.42,0.06,1.99
2013-11-06,1,4.15,4.0,4.19,3.94,715289,951290016.0,5.83,-6.76,-0.29,1.44
2013-11-07,1,4.03,4.07,4.18,3.97,686504,913998384.0,5.25,1.75,0.07,1.38
2013-11-08,1,3.97,4.1,4.22,3.96,720082,958253488.0,6.39,0.74,0.03,1.45
2013-11-11,1,4.1,4.14,4.22,3.97,615851,823194160.0,6.1,0.98,0.04,1.24
2013-11-12,1,4.15,4.52,4.55,4.15,1087326,1510757328.0,9.66,9.18,0.38,1.95
2013-11-13,1,4.41,4.1,4.45,4.07,826422,1127155616.0,8.41,-9.29,-0.42,1.48
2013-11-14,1,4.05,3.99,4.12,3.89,964413,1262294176.0,5.61,-2.68,-0.11,1.73
2013-11-15,1,4.01,4.12,4.35,3.94,967030,1306569808.0,10.28,3.26,0.13,1.73
2013-11-18,1,4.19,4.54,4.57,4.05,1281562,1761157744.0,12.62,10.19,0.42,2.3
2013-11-19,1,4.51,4.38,4.56,4.35,835384,1161254240.0,4.63,-3.52,-0.16,1.5
2013-11-20,1,4.49,4.48,4.6,4.34,705238,984763584.0,5.94,2.28,0.1,1.26
2013-11-21,1,4.41,4.45,4.46,4.19,944674,1289349312.0,6.03,-0.67,-0.03,1.69
2013-11-22,1,4.42,4.3,4.43,4.3,538784,741591600.0,2.92,-3.37,-0.15,0.97
2013-11-25,1,4.14,4.2,4.37,4.12,532329,722870928.0,5.81,-2.33,-0.1,0.95
2013-11-26,1,4.2,4.18,4.27,4.14,392020,528774480.0,3.1,-0.48,-0.02,0.7
2013-11-27,1,4.15,4.24,4.38,4.12,576657,783820160.0,6.22,1.44,0.06,1.03
2013-11-28,1,4.24,4.27,4.37,4.22,619040,845915744.0,3.54,0.71,0.03,1.11
2013-11-29,1,4.37,4.26,4.42,4.23,620163,850388528.0,4.45,-0.23,-0.01,1.11
2013-12-02,1,4.28,4.34,4.52,4.23,1222332,1682918352.0,6.81,1.88,0.08,2.19
2013-12-03,1,4.3,4.22,4.38,4.08,802436,1081622688.0,6.91,-2.76,-0.12,1.44
2013-12-04,1,4.2,4.26,4.4,4.12,891805,1217121584.0,6.64,0.95,0.04,1.6
2013-12-05,1,4.24,4.16,4.27,4.12,607480,818132160.0,3.52,-2.35,-0.1,1.09
2013-12-06,1,4.18,4.08,4.19,4.05,481103,640155440.0,3.37,-1.92,-0.08,0.86
2013-12-09,1,4.08,4.02,4.13,4.01,418045,553192464.0,2.94,-1.47,-0.06,0.75
2013-12-10,1,4.08,4.08,4.11,4.02,324034,429632576.0,2.24,1.49,0.06,0.58
2013-12-11,1,4.02,3.82,4.05,3.72,925204,1192542528.0,8.09,-6.37,-0.26,1.66
2013-12-12,1,3.74,3.75,3.83,3.71,398062,507708736.0,3.14,-1.83,-0.07,0.71
2013-12-13,1,3.72,3.65,3.73,3.59,430344,540933936.0,3.73,-2.67,-0.1,0.77
2013-12-16,1,3.62,3.76,3.81,3.62,555668,704816720.0,5.21,3.01,0.11,1.0
2013-12-17,1,3.79,3.75,3.84,3.69,367680,470046208.0,3.99,-0.27,-0.01,0.66
2013-12-18,1,3.74,3.77,3.82,3.71,232740,296740176.0,2.93,0.53,0.02,0.42
2013-12-19,1,3.78,3.62,3.82,3.62,356201,450676320.0,5.31,-3.98,-0.15,0.64
2013-12-20,1,3.63,3.28,3.67,3.28,681334,826323824.0,10.77,-9.39,-0.34,1.22
2013-12-23,1,3.28,3.3,3.43,3.21,412153,495535280.0,6.71,0.61,0.02,0.74
2013-12-24,1,3.33,3.16,3.4,3.1,519365,617009184.0,9.09,-4.24,-0.14,0.93
2013-12-25,1,3.16,3.17,3.21,3.06,505899,589596288.0,4.75,0.32,0.01,0.91
2013-12-26,1,3.16,3.01,3.16,3.0,402301,463847184.0,5.05,-5.05,-0.16,0.72
2013-12-27,1,3.02,3.19,3.27,3.0,630662,733105808.0,8.97,5.98,0.18,1.13
2013-12-30,1,3.21,3.18,3.24,3.16,435745,512282784.0,2.51,-0.31,-0.01,0.78
2013-12-31,1,3.17,3.48,3.56,3.13,826864,1002632464.0,13.52,9.43,0.3,1.48
2014-01-02,1,3.4,3.46,3.5,3.36,489911,596223744.0,4.02,-0.57,-0.02,0.88
2014-01-03,1,3.42,3.29,3.42,3.2,551115,656631296.0,6.36,-4.91,-0.17,0.99
2014-01-06,1,3.27,3.14,3.33,3.04,582118,679280384.0,8.81,-4.56,-0.15,1.04
2014-01-07,1,3.06,3.12,3.19,3.05,338407,393977584.0,4.46,-0.64,-0.02,0.61
2014-01-08,1,3.12,3.19,3.3,3.06,457768,538436176.0,7.69,2.24,0.07,0.82
2014-01-09,1,3.15,3.23,3.32,3.13,485518,576870544.0,5.96,1.25,0.04,0.87
2014-01-10,1,3.2,3.23,3.3,3.13,381198,450487728.0,5.26,0.0,0.0,0.68
2014-01-13,1,3.21,3.1,3.28,3.04,478875,559375168.0,7.43,-4.02,-0.13,0.86
2014-01-14,1,3.08,3.17,3.2,3.01,362427,420715248.0,6.13,2.26,0.07,0.65
2014-01-15,1,3.16,3.14,3.18,3.08,297988,346733008.0,3.15,-0.95,-0.03,0.53
2014-01-16,1,3.13,3.15,3.21,3.09,299593,350027744.0,3.82,0.32,0.01,0.54
2014-01-17,1,3.11,3.03,3.12,3.01,423514,487423216.0,3.49,-3.81,-0.12,0.76
2014-01-20,1,3.03,2.93,3.03,2.9,307220,349154112.0,4.29,-3.3,-0.1,0.55
2014-01-21,1,2.94,2.96,3.08,2.94,265795,303578624.0,4.78,1.02,0.03,0.48
2014-01-22,1,2.96,3.21,3.25,2.95,619084,723523200.0,10.14,8.45,0.25,1.11
2014-01-23,1,3.2,3.16,3.21,3.13,375535,439497024.0,2.49,-1.56,-0.05,0.67
2014-01-24,1,3.12,3.13,3.22,3.08,485283,567516080.0,4.43,-0.95,-0.03,0.87
2014-01-27,1,3.08,2.98,3.12,2.95,442997,508343008.0,5.43,-4.79,-0.15,0.79
2014-01-28,1,3.01,3.04,3.09,2.97,389683,446213136.0,4.03,2.01,0.06,0.7
2014-01-29,1,3.06,3.08,3.12,3.04,312104,361575344.0,2.63,1.32,0.04,0.56
2014-01-30,1,3.07,2.98,3.07,2.97,291413,332618208.0,3.25,-3.25,-0.1,0.52
2014-02-07,1,2.94,2.97,2.97,2.81,418757,470138336.0,5.37,-0.34,-0.01,0.75
2014-02-10,1,2.97,3.08,3.09,2.95,581226,670008704.0,4.71,3.7,0.11,1.04
2014-02-11,1,3.06,3.33,3.52,3.0,1310465,1569553136.0,16.88,8.12,0.25,2.35
2014-02-12,1,3.26,3.3,3.45,3.24,694622,831733264.0,6.31,-0.9,-0.03,1.25
2014-02-13,1,3.23,3.46,3.62,3.21,1218193,1480576864.0,12.42,4.85,0.16,2.18
2014-02-14,1,3.39,3.38,3.44,3.31,582339,701905712.0,3.76,-2.31,-0.08,1.04
2014-02-17,1,3.39,3.31,3.43,3.26,608922,727601216.0,5.03,-2.07,-0.07,1.09
2014-02-18,1,3.28,3.13,3.29,3.11,596062,700246032.0,5.44,-5.44,-0.18,1.07
2014-02-19,1,3.1,3.33,3.41,3.1,988175,1177763504.0,9.9,6.39,0.2,1.77
2014-02-20,1,3.29,3.19,3.48,3.19,766324,919006400.0,8.71,-4.2,-0.14,1.37
2014-02-21,1,3.23,3.1,3.24,3.09,479997,559681280.0,4.7,-2.82,-0.09,0.86
2014-02-24,1,3.01,2.84,3.03,2.83,667820,750803472.0,6.45,-8.39,-0.26,1.2
2014-02-25,1,2.85,2.76,2.95,2.75,548387,611611824.0,7.04,-2.82,-0.08,0.98
2014-02-26,1,2.77,2.82,2.88,2.75,407938,453164480.0,4.71,2.17,0.06,0.73
2014-02-27,1,2.84,2.89,2.95,2.76,555086,621811168.0,6.74,2.48,0.07,1.0
2014-02-28,1,2.85,2.83,2.89,2.68,446238,493549152.0,7.27,-2.08,-0.06,0.8
2014-03-03,1,2.76,2.77,2.8,2.71,427432,470295904.0,3.18,-2.12,-0.06,0.77
2014-03-04,1,2.75,2.74,2.76,2.64,527585,575054320.0,4.33,-1.08,-0.03,0.95
2014-03-05,1,2.69,2.58,2.74,2.54,533017,575251312.0,7.3,-5.84,-0.16,0.96
2014-03-06,1,2.58,2.62,2.67,2.47,527383,564310352.0,7.75,1.55,0.04,0.95
2014-03-07,1,2.61,2.64,2.72,2.59,488654,529718064.0,4.96,0.76,0.02,0.88
2014-03-10,1,2.58,2.35,2.59,2.32,544321,567573136.0,10.23,-10.98,-0.29,0.98
2014-03-11,1,2.35,2.31,2.4,2.23,450789,462135328.0,7.23,-1.7,-0.04,0.81
2014-03-12,1,2.33,2.38,2.45,2.28,515107,532491152.0,7.36,3.03,0.07,0.92
2014-03-13,1,2.45,2.5,2.63,2.39,626625,663461520.0,10.08,5.04,0.12,1.12
2014-03-14,1,2.42,2.36,2.48,2.33,450393,466403744.0,6.0,-5.6,-0.14,0.81
2014-03-17,1,2.41,2.45,2.46,2.37,372979,388751072.0,3.81,3.81,0.09,0.67
2014-03-18,1,2.45,2.39,2.47,2.36,431815,449377632.0,4.49,-2.45,-0.06,0.77
2014-03-19,1,2.38,2.31,2.38,2.26,363029,370332016.0,5.02,-3.35,-0.08,0.65
2014-03-20,1,2.3,2.23,2.34,2.2,454882,462702992.0,6.06,-3.46,-0.08,0.82
2014-03-21,1,2.21,2.63,2.72,2.19,1251812,1316754800.0,23.77,17.94,0.4,2.25
2014-03-24,1,2.62,2.63,2.71,2.54,842539,908755216.0,6.46,0.0,0.0,1.51
2014-03-25,1,2.62,2.52,2.64,2.5,415754,444839376.0,5.32,-4.18,-0.11,0.75
2014-03-26,1,2.56,2.58,2.61,2.49,360206,383229648.0,4.76,2.38,0.06,0.65
2014-03-27,1,2.54,2.62,2.77,2.47,803134,867999456.0,11.63,1.55,0.04,1.44
2014-03-28,1,2.58,2.62,2.73,2.56,532650,576611632.0,6.49,0.0,0.0,0.96
2014-03-31,1,2.67,2.62,2.72,2.56,321131,346029600.0,6.11,0.0,0.0,0.58
2014-04-01,1,2.59,2.64,2.69,2.58,281243,303939600.0,4.2,0.76,0.02,0.5
2014-04-02,1,2.63,2.7,2.76,2.6,460397,500530400.0,6.06,2.27,0.06,0.83
2014-04-03,1,2.73,2.62,2.76,2.61,453651,494227824.0,5.56,-2.96,-0.08,0.81
2014-04-04,1,2.58,2.63,2.65,2.51,342090,366585728.0,5.34,0.38,0.01,0.61
2014-04-08,1,2.62,2.91,3.04,2.62,1342921,1503024032.0,15.97,10.65,0.28,2.41
2014-04-09,1,2.91,2.86,2.95,2.84,557347,626176128.0,3.78,-1.72,-0.05,1.0
2014-04-10,1,2.87,2.96,3.1,2.84,770068,876018000.0,9.09,3.5,0.1,1.38
2014-04-11,1,2.95,2.98,3.04,2.9,593255,674562208.0,4.73,0.68,0.02,1.06
2014-04-14,1,2.95,2.91,3.01,2.86,421741,476278768.0,5.03,-2.35,-0.07,0.76
2014-04-15,1,2.87,2.73,2.88,2.7,534689,589940432.0,6.19,-6.19,-0.18,0.96
2014-04-16,1,2.71,2.75,2.83,2.67,376646,414022000.0,5.86,0.73,0.02,0.68
2014-04-17,1,2.76,2.69,2.8,2.65,304885,333305072.0,5.45,-2.18,-0.06,0.55
2014-04-18,1,2.67,2.64,2.68,2.59,323544,349102656.0,3.35,-1.86,-0.05,0.58
2014-04-21,1,2.61,2.57,2.69,2.56,298156,321959264.0,4.92,-2.65,-0.07,0.53
2014-04-22,1,2.58,2.79,2.86,2.57,523282,569433680.0,11.28,8.56,0.22,0.94
2014-04-23,1,2.8,2.93,3.01,2.8,1191028,1346115072.0,7.53,5.02,0.14,2.14
2014-04-24,1,2.99,2.88,3.01,2.82,634005,712292432.0,6.48,-1.71,-0.05,1.14
2014-04-25,1,2.88,2.9,3.05,2.82,714335,810796672.0,7.99,0.69,0.02,1.28
2014-04-28,1,2.9,2.77,2.91,2.73,526045,582533600.0,6.21,-4.48,-0.13,0.94
2014-04-29,1,2.76,2.84,2.9,2.71,413622,458216048.0,6.86,2.53,0.07,0.74
2014-04-30,1,2.86,2.83,2.88,2.8,259596,289386160.0,2.82,-0.35,-0.01,0.47
2014-05-05,1,2.81,2.75,2.82,2.65,403271,440413664.0,6.01,-2.83,-0.08,0.72
2014-05-06,1,2.71,2.72,2.8,2.69,267771,294197728.0,4.0,-1.09,-0.03,0.48
2014-05-07,1,2.7,2.67,2.72,2.67,241910,263547089.0,1.84,-1.84,-0.05,0.43
2014-05-08,1,2.65,2.71,2.84,2.64,379621,418459584.0,7.49,1.5,0.04,0.68
2014-05-09,1,2.71,2.78,2.83,2.69,321915,354936720.0,5.17,2.58,0.07,0.58
2014-05-12,1,2.84,2.95,2.98,2.76,601992,678608672.0,7.91,6.12,0.17,1.08
2014-05-13,1,2.94,2.88,2.96,2.86,305833,344109440.0,3.39,-2.37,-0.07,0.55
2014-05-14,1,2.87,2.93,3.01,2.87,416122,471890560.0,4.86,1.74,0.05,0.75
2014-05-15,1,2.93,2.86,2.95,2.84,312628,351067760.0,3.75,-2.39,-0.07,0.56
2014-05-16,1,2.86,2.91,2.95,2.86,311773,351626480.0,3.15,1.75,0.05,0.56
2014-05-19,1,2.91,2.91,2.91,2.83,261106,292426272.0,2.75,0.0,0.0,0.47
2014-05-20,1,2.9,2.89,2.95,2.85,205766,231625054.0,3.44,-0.69,-0.02,0.37
2014-05-21,1,2.87,2.94,2.97,2.8,263168,297218368.0,5.88,1.73,0.05,0.47
2014-05-22,1,2.94,2.98,3.13,2.92,619142,713100720.0,7.14,1.36,0.04,1.11
2014-05-23,1,2.98,3.09,3.1,2.96,415356,478107232.0,4.7,3.69,0.11,0.74
2014-05-26,1,3.13,3.09,3.13,3.02,315989,365020288.0,3.56,0.0,0.0,0.57
2014-05-27,1,3.06,3.09,3.16,3.04,284408,329865264.0,3.88,0.0,0.0,0.51
2014-05-28,1,3.08,3.1,3.12,2.98,427038,491816864.0,4.53,0.32,0.01,0.77
2014-05-29,1,3.09,3.04,3.18,3.04,362238,420664544.0,4.52,-1.94,-0.06,0.65
2014-05-30,1,3.04,3.04,3.11,3.02,318773,367350848.0,2.96,0.0,0.0,0.57
2014-06-03,1,3.04,3.05,3.15,3.04,278114,322371184.0,3.62,0.33,0.01,0.5
2014-06-04,1,3.05,2.94,3.05,2.9,323890,367011920.0,4.92,-3.61,-0.11,0.58
2014-06-05,1,2.93,3.0,3.01,2.92,246291,280049632.0,3.06,2.04,0.06,0.44
2014-06-06,1,3.01,2.97,3.03,2.92,186436,212129090.0,3.67,-1.0,-0.03,0.33
2014-06-09,1,2.95,3.03,3.06,2.94,313522,359580576.0,4.04,2.02,0.06,0.56
2014-06-10,1,3.05,3.19,3.19,3.02,621983,723590240.0,5.61,5.28,0.16,1.12
2014-06-11,1,3.15,3.2,3.24,3.12,433233,509141984.0,3.76,0.31,0.01,0.78
2014-06-12,1,3.16,3.22,3.26,3.15,367442,355905024.0,3.44,0.63,0.02,0.55
2014-06-13,1,3.21,3.51,3.69,3.2,1239505,1246107216.0,15.22,9.01,0.29,1.85
2014-06-16,1,3.46,3.51,3.59,3.44,878182,889629936.0,4.27,0.0,0.0,1.31
2014-06-17,1,3.46,3.45,3.55,3.41,541848,546274864.0,3.99,-1.71,-0.06,0.81
2014-06-18,1,3.45,3.33,3.46,3.29,538550,534087760.0,4.93,-3.48,-0.12,0.8
2014-06-19,1,3.33,3.27,3.38,3.2,483081,474545264.0,5.41,-1.8,-0.06,0.72
2014-06-20,1,3.26,3.32,3.32,3.24,372071,364390000.0,2.45,1.53,0.05,0.56
2014-06-23,1,3.32,3.26,3.39,3.26,430860,423339312.0,3.92,-1.81,-0.06,0.64
2014-06-24,1,3.27,3.28,3.32,3.26,284593,279235072.0,1.84,0.61,0.02,0.43
2014-06-25,1,3.28,3.26,3.29,3.17,271263,263555598.0,3.66,-0.61,-0.02,0.41
2014-06-26,1,3.22,3.3,3.31,3.22,342885,335699952.0,2.76,1.23,0.04,0.51
2014-06-27,1,3.28,3.3,3.33,3.22,367521,359856080.0,3.33,0.0,0.0,0.55
2014-06-30,1,3.28,3.36,3.4,3.28,447238,442037488.0,3.64,1.82,0.06,0.67
2014-07-01,1,3.36,3.33,3.39,3.31,284944,281216688.0,2.38,-0.89,-0.03,0.43
2014-07-02,1,3.33,3.35,3.35,3.29,286042,281857232.0,1.8,0.6,0.02,0.43
2014-07-03,1,3.35,3.4,3.42,3.31,446905,443709920.0,3.28,1.49,0.05,0.67
2014-07-04,1,3.4,3.36,3.43,3.33,342311,339852544.0,2.94,-1.18,-0.04,0.51
2014-07-07,1,3.36,3.33,3.37,3.28,343062,337859952.0,2.68,-0.89,-0.03,0.51
2014-07-08,1,3.31,3.37,3.37,3.26,346087,341179824.0,3.3,1.2,0.04,0.52
2014-07-09,1,3.37,3.18,3.37,3.13,587891,573417344.0,7.12,-5.64,-0.19,0.88
2014-07-10,1,3.19,3.19,3.24,3.15,360258,348040176.0,2.83,0.31,0.01,0.54
2014-07-11,1,3.19,3.19,3.21,3.17,318320,307776976.0,1.25,0.0,0.0,0.48
2014-07-14,1,3.2,3.23,3.23,3.12,463116,446246576.0,3.45,1.25,0.04,0.69
2014-07-16,1,3.21,3.15,3.22,3.09,617703,592431488.0,4.02,-2.48,-0.08,0.92
2014-07-17,1,3.15,3.14,3.16,3.1,320073,306409296.0,1.9,-0.32,-0.01,0.48
2014-07-18,1,3.11,3.15,3.18,3.1,375115,360507376.0,2.55,0.32,0.01,0.56
2014-07-21,1,3.15,3.11,3.15,3.1,272995,260823464.0,1.59,-1.27,-0.04,0.41
2014-07-22,1,3.1,3.24,3.28,3.09,613699,594111760.0,6.11,4.18,0.13,0.92
2014-07-23,1,3.21,3.26,3.31,3.2,555704,541821216.0,3.4,0.62,0.02,0.83
2014-07-24,1,3.26,3.53,3.63,3.26,1805824,1820306624.0,11.35,8.28,0.27,2.7
2014-07-25,1,3.56,3.58,3.6,3.48,853914,868778304.0,3.4,1.42,0.05,1.28
2014-07-28,1,3.6,3.96,4.05,3.59,1867879,1997922400.0,12.85,10.61,0.38,2.79
2014-07-29,1,3.99,3.99,4.19,3.93,1201827,1306061728.0,6.57,0.76,0.03,1.8
2014-07-30,1,3.99,3.94,4.19,3.93,810026,880625360.0,6.52,-1.25,-0.05,1.21
2014-07-31,1,3.94,4.03,4.05,3.87,637784,685541104.0,4.57,2.28,0.09,0.95
2014-08-01,1,4.01,3.91,4.17,3.91,854510,930971504.0,6.45,-2.98,-0.12,1.28
2014-08-04,1,3.91,4.07,4.07,3.84,830624,896723504.0,5.88,4.09,0.16,1.24
2014-08-05,1,4.08,3.99,4.18,3.92,752175,817861952.0,6.39,-1.97,-0.08,1.12
2014-08-06,1,3.94,3.87,3.94,3.78,834648,884436928.0,4.01,-3.01,-0.12,1.25
2014-08-07,1,3.87,3.77,3.9,3.76,596435,629404560.0,3.62,-2.58,-0.1,0.89
2014-08-08,1,3.79,3.8,3.85,3.74,555652,586028464.0,2.92,0.8,0.03,0.83
2014-08-11,1,3.81,3.92,3.94,3.81,621332,663290432.0,3.42,3.16,0.12,0.93
2014-08-12,1,3.87,3.84,3.88,3.78,480852,508251840.0,2.55,-2.04,-0.08,0.72
2014-08-13,1,3.83,3.87,3.92,3.76,533365,564717120.0,4.17,0.78,0.03,0.8
2014-08-14,1,3.9,3.8,3.94,3.78,523693,556638928.0,4.13,-1.81,-0.07,0.78
2014-08-15,1,3.8,3.83,3.86,3.74,675090,711373264.0,3.16,0.79,0.03,1.01
2014-08-18,1,3.83,3.87,3.9,3.81,589023,625059408.0,2.35,1.04,0.04,0.88
2014-08-19,1,3.87,3.83,3.89,3.78,580822,613961760.0,2.84,-1.03,-0.04,0.87
2014-08-20,1,3.82,3.75,3.82,3.73,573286,600953664.0,2.35,-2.09,-0.08,0.86
2014-08-21,1,3.74,3.66,3.75,3.6,632231,653438880.0,4.0,-2.4,-0.09,0.94
2014-08-22,1,3.62,3.67,3.71,3.6,481562,497919616.0,3.01,0.27,0.01,0.72
2014-08-25,1,3.67,3.57,3.67,3.55,509434,521445424.0,3.27,-2.72,-0.1,0.76
2014-08-26,1,3.56,3.56,3.61,3.52,461165,469882624.0,2.52,-0.28,-0.01,0.69
2014-08-27,1,3.56,3.59,3.69,3.54,573147,588959904.0,4.21,0.84,0.03,0.86
2014-08-28,1,3.59,3.53,3.6,3.52,438970,447046656.0,2.23,-1.67,-0.06,0.66
2014-08-29,1,3.53,3.6,3.6,3.52,343726,350689088.0,2.27,1.98,0.07,0.51
2014-09-01,1,3.59,3.63,3.65,3.54,487782,501154064.0,3.06,0.83,0.03,0.5
2014-09-02,1,3.67,3.74,3.76,3.59,788005,816712368.0,4.68,3.03,0.11,0.8
2014-09-03,1,3.75,3.77,3.83,3.72,766929,807419392.0,2.94,0.8,0.03,0.78
2014-09-04,1,3.77,3.81,3.81,3.69,628159,657751216.0,3.18,1.06,0.04,0.64
2014-09-05,1,3.81,3.82,3.87,3.77,597878,631001552.0,2.62,0.26,0.01,0.61
2014-09-09,1,3.81,3.74,3.83,3.71,566698,593195200.0,3.14,-2.09,-0.08,0.58
2014-09-10,1,3.7,3.65,3.71,3.64,531593,549288848.0,1.87,-2.41,-0.09,0.54
2014-09-11,1,3.65,3.68,3.81,3.63,713461,743736352.0,4.93,0.82,0.03,0.73
2014-09-12,1,3.68,3.68,3.69,3.61,408654,421465552.0,2.17,0.0,0.0,0.42
2014-09-15,1,3.65,3.64,3.65,3.6,515418,530216256.0,1.36,-1.09,-0.04,0.52
2014-09-16,1,3.65,3.6,3.74,3.59,828340,855746032.0,4.12,-1.1,-0.04,0.84
2014-09-17,1,3.63,3.6,3.67,3.56,556748,570332048.0,3.06,0.0,0.0,0.57
2014-09-18,1,3.57,3.65,3.74,3.55,768309,793783232.0,5.28,1.39,0.05,0.78
2014-09-19,1,3.63,3.69,3.7,3.6,570754,590539504.0,2.74,1.1,0.04,0.58
2014-09-22,1,3.65,3.46,3.66,3.44,790192,802793600.0,5.96,-6.23,-0.23,0.8
2014-09-23,1,3.46,3.49,3.52,3.46,462158,466701920.0,1.73,0.87,0.03,0.47
2014-09-24,1,3.47,3.62,3.63,3.45,760553,774981744.0,5.16,3.72,0.13,0.77
2014-09-25,1,3.65,3.55,3.65,3.53,677167,693101936.0,3.31,-1.93,-0.07,0.69
2014-09-26,1,3.53,3.51,3.54,3.46,453633,458477952.0,2.25,-1.13,-0.04,0.46
2014-09-29,1,3.52,3.51,3.56,3.49,605359,613587488.0,1.99,0.0,0.0,0.62
2014-09-30,1,3.52,3.52,3.53,3.49,483982,490091136.0,1.14,0.28,0.01,0.49
2014-10-08,1,3.54,3.6,3.6,3.52,674687,688179616.0,2.27,2.27,0.08,0.69
2014-10-09,1,3.6,3.56,3.62,3.53,662394,676601232.0,2.5,-1.11,-0.04,0.67
2014-10-10,1,3.53,3.53,3.56,3.51,659349,669474240.0,1.4,-0.84,-0.03,0.67
2014-10-13,1,3.51,3.49,3.52,3.45,519875,524142432.0,1.98,-1.13,-0.04,0.53
2014-10-14,1,3.49,3.51,3.56,3.47,575883,582555040.0,2.58,0.57,0.02,0.59
2014-10-15,1,3.5,3.53,3.55,3.44,597660,604421664.0,3.13,0.57,0.02,0.61
2014-10-16,1,3.49,3.56,3.67,3.48,1323735,1355834912.0,5.38,0.85,0.03,1.35
2014-10-17,1,3.56,3.51,3.58,3.46,700511,709337184.0,3.37,-1.4,-0.05,0.71
2014-10-20,1,3.53,3.54,3.56,3.49,611170,619515024.0,1.99,0.85,0.03,0.62
2014-10-21,1,3.52,3.49,3.53,3.47,486323,491186144.0,1.69,-1.41,-0.05,0.49
2014-10-22,1,3.48,3.49,3.56,3.46,559460,566148288.0,2.87,0.0,0.0,0.57
2014-10-23,1,3.51,3.59,3.66,3.51,1585480,1625133856.0,4.3,2.87,0.1,1.61
2014-10-24,1,3.65,3.55,3.67,3.53,820989,842529664.0,3.9,-1.11,-0.04,0.83
2014-10-27,1,3.49,3.44,3.51,3.41,729569,732278928.0,2.82,-3.1,-0.11,0.74
2014-10-28,1,3.46,3.54,3.56,3.46,530651,536920624.0,2.91,2.91,0.1,0.54
2014-10-29,1,3.56,3.63,3.69,3.52,1065276,1093979408.0,4.8,2.54,0.09,1.08
2014-10-30,1,3.64,3.72,3.81,3.57,1520633,1578266416.0,6.61,2.48,0.09,1.55
2014-10-31,1,3.77,4.14,4.36,3.74,3593084,3900875152.0,16.67,11.29,0.42,3.65
2014-11-03,1,4.23,4.19,4.3,4.1,1916835,2129642928.0,4.83,1.21,0.05,1.95
2014-11-04,1,4.22,4.01,4.24,3.96,1318992,1443563424.0,6.68,-4.3,-0.18,1.34
2014-11-05,1,4.01,3.99,4.08,3.88,1285877,1386577312.0,4.99,-0.5,-0.02,1.31
2014-11-06,1,3.99,4.01,4.05,3.94,645124,697762480.0,2.76,0.5,0.02,0.66
2014-11-07,1,3.99,4.06,4.38,3.96,2234369,2470577744.0,10.47,1.25,0.05,2.27
2014-11-10,1,4.15,4.21,4.29,4.02,1621348,1792128608.0,6.65,3.69,0.15,1.65
2014-11-11,1,4.19,4.31,4.56,4.17,2981391,3390990144.0,9.26,2.38,0.1,3.03
2014-11-12,1,4.25,4.26,4.26,4.11,1389463,1538194096.0,3.48,-1.16,-0.05,1.41
2014-11-13,1,4.24,4.15,4.37,4.14,1340384,1498070416.0,5.4,-2.58,-0.11,1.36
2014-11-14,1,4.12,4.07,4.12,3.98,901527,980490608.0,3.37,-1.93,-0.08,0.92
2014-11-17,1,4.08,3.95,4.11,3.92,889594,961843456.0,4.67,-2.95,-0.12,0.9
2014-11-18,1,3.94,3.85,3.99,3.81,930296,989520784.0,4.56,-2.53,-0.1,0.95
2014-11-19,1,3.84,3.86,3.88,3.8,591657,627088000.0,2.08,0.26,0.01,0.6
2014-11-20,1,3.83,3.86,3.9,3.77,683545,724359504.0,3.37,0.0,0.0,0.69
2014-11-21,1,3.85,3.98,4.02,3.77,1146732,1223438992.0,6.48,3.11,0.12,1.17
2014-11-24,1,3.85,3.96,4.08,3.78,2227369,2397290896.0,7.54,-0.5,-0.02,2.26
2014-11-25,1,3.94,4.1,4.13,3.9,1567803,1704413984.0,5.81,3.54,0.14,1.59
2014-11-26,1,4.11,4.26,4.37,4.06,2184919,2437181264.0,7.56,3.9,0.16,2.22
2014-11-27,1,4.36,4.33,4.47,4.2,2103857,2386849904.0,6.34,1.64,0.07,2.14
2014-11-28,1,4.31,5.12,5.12,4.24,4844839,5793392128.0,20.32,18.24,0.79,4.93
2014-12-01,1,5.23,4.94,5.53,4.92,4465214,5600612352.0,11.91,-3.52,-0.18,4.54
2014-12-02,1,4.91,5.59,5.78,4.87,3490411,4436545280.0,18.42,13.16,0.65,3.55
2014-12-03,1,5.59,5.58,6.12,5.31,3997530,5328329984.0,14.49,-0.18,-0.01,4.06
2014-12-04,1,5.6,6.17,6.18,5.44,3450181,4674285056.0,13.26,10.57,0.59,3.51
2014-12-05,1,6.24,6.57,7.06,5.87,4413697,6338168064.0,19.29,6.48,0.4,4.49
2014-12-08,1,6.35,7.06,7.24,6.2,3928343,5883664384.0,15.83,7.46,0.49,3.99
2014-12-09,1,6.87,6.0,7.26,6.0,4045420,6002900224.0,17.85,-15.01,-1.06,4.11
2014-12-10,1,5.92,6.33,6.45,5.52,3527844,4800983040.0,15.5,5.5,0.33,3.59
2014-12-11,1,6.07,6.15,6.6,5.99,2237996,3153661808.0,9.64,-2.84,-0.18,2.28
2014-12-12,1,6.13,6.16,6.34,5.98,1643909,2291244464.0,5.85,0.16,0.01,1.67
2014-12-15,1,6.03,5.91,6.03,5.69,1800937,2428185632.0,5.52,-4.06,-0.25,1.83
2014-12-16,1,5.85,6.47,6.47,5.81,2469073,3433988624.0,11.17,9.48,0.56,2.51
2014-12-17,1,6.48,7.15,7.36,6.34,4400166,6579202304.0,15.77,10.51,0.68,4.47
2014-12-18,1,7.18,6.82,7.28,6.62,2470251,3714889568.0,9.23,-4.62,-0.33,2.51
2014-12-19,1,6.77,6.9,7.03,6.51,1935406,2880581200.0,7.62,1.17,0.08,1.97
2014-12-22,1,6.83,7.13,7.7,6.76,3467391,5383744768.0,13.62,3.33,0.23,3.52
2014-12-23,1,6.89,6.72,7.09,6.55,1797851,2688160560.0,7.57,-5.75,-0.41,1.83
2014-12-24,1,6.71,6.25,6.79,5.98,2010271,2854207872.0,12.05,-6.99,-0.47,2.04
2014-12-25,1,6.44,6.68,6.72,6.23,1997276,2887581456.0,7.84,6.88,0.43,2.03
2014-12-26,1,6.62,6.96,7.02,6.56,2437073,3625690256.0,6.89,4.19,0.28,2.48
2014-12-29,1,7.32,6.84,7.62,6.72,2586148,3983923216.0,12.93,-1.72,-0.12,2.63
2014-12-30,1,6.85,7.24,7.31,6.81,2366078,3637484224.0,7.31,5.85,0.4,2.41
2014-12-31,1,7.32,7.48,7.51,7.1,2400066,3760218240.0,5.66,3.31,0.24,2.44
2015-01-05,1,7.58,7.6,7.78,7.31,2860436,4565387776.0,6.28,1.6,0.12,2.91
2015-01-06,1,7.49,7.44,7.86,7.28,2166421,3453446160.0,7.63,-2.11,-0.16,2.2
2015-01-07,1,7.28,7.23,7.47,7.1,1700121,2634796416.0,4.97,-2.82,-0.21,1.73
2015-01-08,1,7.24,6.87,7.29,6.83,1407714,2128003424.0,6.36,-4.98,-0.36,1.43
2015-01-09,1,6.83,6.95,7.5,6.69,2508500,3835378096.0,11.79,1.16,0.08,2.55
2015-01-12,1,6.81,6.74,6.93,6.55,1553291,2293104608.0,5.47,-3.02,-0.21,1.58
2015-01-13,1,6.65,6.67,6.83,6.62,816875,1204987152.0,3.12,-1.04,-0.07,0.83
2015-01-14,1,6.74,6.76,7.03,6.69,1263030,1889296672.0,5.1,1.35,0.09,1.28
2015-01-15,1,6.79,7.14,7.14,6.69,1242170,1868795904.0,6.66,5.62,0.38,1.26
2015-01-16,1,7.17,7.15,7.33,7.02,1555846,2403346192.0,4.34,0.14,0.01,1.58
2015-01-19,1,6.21,6.08,6.6,6.08,2137124,3016203088.0,7.27,-14.97,-1.07,2.17
2015-01-20,1,6.08,6.08,6.24,5.9,1491018,2064280560.0,5.59,0.0,0.0,1.52
2015-01-21,1,6.12,6.49,6.62,6.03,1940530,2758192752.0,9.7,6.74,0.41,1.97
2015-01-22,1,6.44,6.41,6.56,6.31,1255016,1801436256.0,3.85,-1.23,-0.08,1.28
2015-01-23,1,6.45,6.48,6.64,6.41,1459182,2108746800.0,3.59,1.09,0.07,1.48
2015-01-26,1,6.45,6.44,6.51,6.31,1057606,1508446592.0,3.09,-0.62,-0.04,1.08
2015-01-27,1,6.44,6.19,6.46,6.08,1339495,1881058960.0,5.9,-3.88,-0.25,1.36
2015-01-28,1,6.11,6.24,6.41,6.06,1240878,1742175728.0,5.65,0.81,0.05,1.26
2015-01-29,1,6.08,6.13,6.21,6.03,1016753,1408825360.0,2.88,-1.76,-0.11,1.03
2015-01-30,1,6.15,6.15,6.28,6.03,930117,1298735712.0,4.08,0.33,0.02,0.95
2015-02-02,1,5.92,5.94,6.06,5.89,860932,1176949552.0,2.76,-3.41,-0.21,0.88
2015-02-03,1,6.05,6.17,6.19,5.94,883349,1217876592.0,4.21,3.87,0.23,0.9
2015-02-04,1,6.2,6.0,6.23,5.99,807623,1122666752.0,3.89,-2.76,-0.17,0.82
2015-02-05,1,6.41,6.06,6.5,6.03,1913729,2710523888.0,7.83,1.0,0.06,1.95
2015-02-06,1,5.99,5.86,6.17,5.78,1030409,1411298592.0,6.44,-3.3,-0.2,1.05
2015-02-09,1,5.85,5.87,5.98,5.66,946586,1273141152.0,5.46,0.17,0.01,0.96
2015-02-10,1,5.85,6.04,6.08,5.8,724875,991823744.0,4.77,2.9,0.17,0.74
2015-02-11,1,6.05,6.01,6.1,5.98,554350,763414576.0,1.99,-0.5,-0.03,0.56
2015-02-12,1,6.03,6.1,6.13,5.94,608716,838611232.0,3.16,1.5,0.09,0.62
2015-02-13,1,6.15,6.17,6.33,6.09,887743,1244514800.0,3.93,1.15,0.07,0.9
2015-02-16,1,6.17,6.15,6.21,6.01,721202,999898464.0,3.24,-0.32,-0.02,0.73
2015-02-17,1,6.17,6.19,6.28,6.15,680492,954430240.0,2.11,0.65,0.04,0.69
2015-02-25,1,6.23,6.06,6.24,6.03,577392,799193632.0,3.39,-2.1,-0.13,0.59
2015-02-26,1,6.06,6.25,6.26,5.92,1025544,1424064864.0,5.61,3.14,0.19,1.04
2015-02-27,1,6.24,6.19,6.31,6.17,793570,1115146048.0,2.24,-0.96,-0.06,0.81
2015-03-02,1,6.22,6.22,6.26,6.11,1018797,1423603264.0,2.42,0.48,0.03,1.04
2015-03-03,1,6.19,5.92,6.19,5.92,1059476,1457305040.0,4.34,-4.82,-0.3,1.08
2015-03-04,1,5.94,5.9,6.01,5.85,814973,1108145424.0,2.7,-0.34,-0.02,0.83
2015-03-05,1,5.85,5.77,5.87,5.71,828605,1109151968.0,2.71,-2.2,-0.13,0.84
2015-03-06,1,5.76,5.81,5.86,5.75,557048,748959120.0,1.91,0.69,0.04,0.57
2015-03-09,1,5.83,6.31,6.44,5.73,2205324,3067985536.0,12.22,8.61,0.5,2.24
2015-03-10,1,6.2,6.04,6.28,6.04,1385706,1927581936.0,3.8,-4.28,-0.27,1.41
2015-03-11,1,6.06,6.1,6.26,6.06,903354,1258356128.0,3.31,0.99,0.06,0.92
2015-03-12,1,6.34,6.62,6.87,6.26,3305137,4805590272.0,10.0,8.52,0.52,3.36
2015-03-13,1,6.83,6.89,7.32,6.76,3163988,4799935232.0,8.46,4.08,0.27,3.22
2015-03-16,1,6.96,7.18,7.24,6.84,2218472,3387198608.0,5.81,4.21,0.29,2.26
2015-03-17,1,7.25,7.17,7.45,7.07,1959842,3020408704.0,5.29,-0.14,-0.01,1.99
2015-03-18,1,7.15,7.25,7.3,7.1,1831001,2823982784.0,2.79,1.12,0.08,1.86
2015-03-19,1,7.23,7.03,7.23,6.98,1580300,2413982128.0,3.45,-3.03,-0.22,1.61
2015-03-20,1,7.03,7.12,7.28,6.94,1976394,3027315328.0,4.84,1.28,0.09,2.01
2015-03-23,1,7.12,7.19,7.28,7.12,1782056,2750596672.0,2.25,0.98,0.07,1.81
2015-03-24,1,7.19,7.14,7.31,7.05,1559193,2396553392.0,3.62,-0.7,-0.05,1.59
2015-03-25,1,7.09,6.83,7.12,6.82,1591468,2396614000.0,4.2,-4.34,-0.31,1.62
2015-03-26,1,6.8,6.97,7.19,6.69,1487892,2246003760.0,7.32,2.05,0.14,1.51
2015-03-27,1,6.96,6.95,7.1,6.8,1047639,1577607056.0,4.3,-0.29,-0.02,1.07
2015-03-30,1,7.06,7.35,7.55,6.96,2582614,4014724432.0,8.49,5.76,0.4,2.63
2015-03-31,1,7.62,7.42,8.01,7.33,2733183,4393135104.0,9.25,0.95,0.07,2.78
2015-04-01,1,7.46,7.56,7.69,7.28,1643316,2608976848.0,5.53,1.89,0.14,1.67
2015-04-02,1,7.65,7.45,7.69,7.33,1405837,2222670592.0,4.76,-1.46,-0.11,1.43
2015-04-03,1,7.38,7.49,7.55,7.32,1434941,2262844480.0,3.09,0.54,0.04,1.46
2015-04-07,1,7.69,8.15,8.26,7.69,2960472,4898119424.0,7.61,8.81,0.66,3.01
2015-04-08,1,8.24,8.92,9.03,8.04,3371646,5784459008.0,12.15,9.45,0.77,3.43
2015-04-09,1,8.94,8.98,9.71,8.79,3173063,5794631936.0,10.31,0.67,0.06,3.23
2015-04-10,1,8.98,10.23,10.23,8.87,3340210,6339648768.0,15.14,13.92,1.25,3.4
2015-04-13,1,10.77,10.38,10.9,10.06,4807153,8021097216.0,8.21,1.47,0.15,4.07
2015-04-14,1,10.35,10.18,10.35,10.02,2472375,4020209600.0,3.18,-1.93,-0.2,2.09
2015-04-15,1,10.18,10.47,11.0,10.02,3417642,5746875136.0,9.63,2.85,0.29,2.9
2015-04-16,1,10.22,10.77,10.85,10.14,2467407,4102824560.0,6.78,2.87,0.3,2.09
2015-04-17,1,11.18,10.71,11.18,10.6,2609523,4447333120.0,5.39,-0.56,-0.06,2.21
2015-04-20,1,10.85,10.18,10.93,10.07,3447257,5776438016.0,8.03,-4.95,-0.53,2.92
2015-04-21,1,10.2,10.4,10.52,9.92,2415937,3943357056.0,5.89,2.16,0.22,2.05
2015-04-22,1,10.42,10.72,10.75,10.35,2773142,4640335872.0,3.85,3.08,0.32,2.35
2015-04-23,1,10.75,10.48,10.8,10.4,2319688,3893522080.0,3.73,-2.24,-0.24,1.97
2015-04-24,1,10.18,10.05,10.36,9.94,2442837,3959606496.0,4.01,-4.1,-0.43,2.07
2015-04-27,1,10.11,10.28,10.43,10.1,2460564,4027939232.0,3.28,2.29,0.23,2.08
2015-04-28,1,10.31,10.52,11.08,10.12,4763544,8014319360.0,9.34,2.33,0.24,4.04
2015-04-29,1,10.48,10.47,10.56,10.1,2151188,3550493344.0,4.37,-0.48,-0.05,1.82
2015-04-30,1,10.62,10.52,10.98,10.5,2890635,4899379968.0,4.58,0.48,0.05,2.45
2015-05-04,1,10.52,10.37,10.52,10.17,1427575,2351547456.0,3.33,-1.43,-0.15,1.21
2015-05-05,1,10.27,9.82,10.37,9.52,2299342,3685372400.0,8.2,-5.3,-0.55,1.95
2015-05-06,1,9.78,9.7,10.18,9.51,1949911,3107565648.0,6.82,-1.22,-0.12,1.65
2015-05-07,1,9.7,9.66,9.83,9.52,1258708,1968941840.0,3.2,-0.41,-0.04,1.07
2015-05-08,1,9.69,9.81,9.92,9.52,1374468,2163108912.0,4.14,1.55,0.15,1.16
2015-05-11,1,9.77,9.96,10.03,9.51,2123077,3349066832.0,5.3,1.53,0.15,1.8
2015-05-12,1,9.92,9.9,10.08,9.64,1989656,3166864480.0,4.42,-0.6,-0.06,1.69
2015-05-13,1,10.08,9.83,10.14,9.72,1756562,2807445568.0,4.24,-0.71,-0.07,1.49
2015-05-14,1,9.93,9.84,9.97,9.67,1438028,2283604816.0,3.05,0.1,0.01,1.22
2015-05-15,1,9.77,9.47,9.83,9.32,1752717,2718885232.0,5.18,-3.76,-0.37,1.48
2015-05-18,1,9.27,9.25,9.39,9.07,1537084,2327558368.0,3.38,-2.32,-0.22,1.3
2015-05-19,1,9.24,9.59,9.72,9.14,1917813,2959557088.0,6.27,3.68,0.34,1.62
2015-05-20,1,9.94,9.72,10.06,9.6,2589667,4115472704.0,4.8,1.36,0.13,2.19
2015-05-21,1,9.77,9.76,9.84,9.62,1405847,2214024928.0,2.26,0.41,0.04,1.19
2015-05-22,1,9.86,10.16,10.18,9.78,2621908,4233675712.0,4.1,4.1,0.4,2.22
2015-05-25,1,10.22,10.43,10.52,10.22,2730369,4518316544.0,2.95,2.66,0.27,2.31
2015-05-26,1,10.46,10.45,10.52,10.17,2792209,4607493632.0,3.36,0.19,0.02,2.37
2015-05-27,1,10.45,10.33,10.69,10.27,2341218,3888992240.0,4.02,-1.15,-0.12,1.98
2015-05-28,1,10.35,9.52,10.36,9.46,2733061,4404154624.0,8.71,-7.84,-0.81,2.32
2015-05-29,1,9.52,9.37,9.66,9.19,2014933,3103543664.0,4.94,-1.58,-0.15,1.71
2015-06-01,1,9.37,9.85,9.92,9.26,2158362,3365459280.0,7.04,5.12,0.48,1.83
2015-06-02,1,9.84,9.74,9.85,9.53,1904822,2991564976.0,3.25,-1.12,-0.11,1.61
2015-06-03,1,9.74,9.79,9.89,9.52,1975232,3103860656.0,3.8,0.51,0.05,1.67
2015-06-04,1,9.81,10.24,10.42,9.65,3682533,5971846144.0,7.87,4.6,0.45,3.12
2015-06-05,1,10.52,10.18,10.6,9.96,2855456,4681142528.0,6.25,-0.59,-0.06,2.42
2015-06-08,1,10.2,11.01,11.14,10.09,5086050,8596942080.0,10.31,8.15,0.83,4.31
2015-06-09,1,11.07,10.75,11.14,10.5,3286968,5601775872.0,5.81,-2.36,-0.26,2.78
2015-06-10,1,10.6,10.5,10.71,10.37,2198387,3679460608.0,3.16,-2.33,-0.25,1.86
2015-06-11,1,10.5,10.33,10.57,10.22,1706960,2811189680.0,3.33,-1.62,-0.17,1.45
2015-06-12,1,10.33,10.36,10.46,10.19,1903389,3131996560.0,2.61,0.29,0.03,1.61
2015-06-15,1,10.37,9.87,10.43,9.85,2192177,3547149536.0,5.6,-4.73,-0.49,1.86
2015-06-16,1,9.77,9.63,9.98,9.52,1812180,2858213728.0,4.66,-2.43,-0.24,1.54
2015-06-17,1,9.79,9.71,9.84,9.47,1715942,2689990224.0,3.84,0.83,0.08,1.45
2015-06-18,1,9.67,9.42,9.67,9.11,1602555,2468466176.0,5.77,-2.99,-0.29,1.36
2015-06-19,1,9.31,8.79,9.42,8.68,1565520,2345768672.0,7.86,-6.69,-0.63,1.33
2015-06-23,1,8.8,9.06,9.07,8.36,1805488,2643179920.0,8.08,3.07,0.27,1.53
2015-06-24,1,9.1,9.2,9.21,8.85,1531996,2290363600.0,3.97,1.55,0.14,1.3
2015-06-25,1,9.58,8.99,9.62,8.9,2079165,3179774400.0,7.83,-2.28,-0.21,1.76
2015-06-26,1,8.8,8.07,9.06,7.75,2555322,3623880480.0,14.57,-10.23,-0.92,2.16
2015-06-29,1,8.33,7.9,8.39,7.22,2612943,3570319312.0,14.5,-2.11,-0.17,2.21
2015-06-30,1,7.88,8.72,8.72,7.75,2548103,3572978448.0,12.28,10.38,0.82,2.16
2015-07-01,1,8.56,8.2,8.76,8.05,1835406,2629096352.0,8.14,-5.96,-0.52,1.55
2015-07-02,1,8.18,8.06,8.52,7.75,1982826,2762337232.0,9.39,-1.71,-0.14,1.68
2015-07-03,1,8.25,7.49,8.26,7.26,2597458,3473335632.0,12.41,-7.07,-0.57,2.2
2015-07-06,1,8.52,8.17,8.52,7.67,3381527,4660186368.0,11.35,9.08,0.68,2.86
2015-07-07,1,7.98,8.81,8.81,7.61,4808312,6808003840.0,14.69,7.83,0.64,4.07
2015-07-08,1,8.11,7.59,8.27,7.59,4996697,6762103296.0,7.72,-13.85,-1.22,4.23
2015-07-09,1,7.59,8.48,8.63,6.69,4344355,5904698624.0,25.56,11.73,0.89,3.68
2015-07-10,1,8.14,8.98,9.4,7.94,4650988,6891581184.0,17.22,5.9,0.5,3.94
2015-07-13,1,8.6,8.63,9.01,8.37,3268196,4737400576.0,7.13,-3.9,-0.35,2.77
2015-07-14,1,8.43,8.16,8.58,7.86,2580230,3608580672.0,8.34,-5.45,-0.47,2.19
2015-07-15,1,7.98,7.92,8.23,7.77,1626423,2225696912.0,5.64,-2.94,-0.24,1.38
2015-07-16,1,7.93,7.93,8.07,7.78,1388940,1884221632.0,3.66,0.13,0.01,1.18
2015-07-17,1,7.98,8.12,8.22,7.87,1680638,2304999344.0,4.41,2.4,0.19,1.42
2015-07-20,1,8.1,7.93,8.1,7.87,1358683,1852316448.0,2.83,-2.34,-0.19,1.15
2015-07-21,1,7.86,7.91,7.97,7.75,1131644,1529148272.0,2.77,-0.25,-0.02,0.96
2015-07-22,1,7.84,7.87,7.88,7.72,1138091,1528783824.0,2.02,-0.51,-0.04,0.96
2015-07-23,1,7.82,7.99,8.06,7.77,1483696,2022035344.0,3.68,1.52,0.12,1.26
2015-07-24,1,8.0,7.75,8.02,7.7,1339310,1815658960.0,4.01,-3.0,-0.24,1.13
2015-07-27,1,7.64,6.97,7.7,6.63,1787859,2289450160.0,13.81,-10.06,-0.78,1.51
2015-07-28,1,6.76,7.12,7.23,6.72,2011201,2509971536.0,7.32,2.15,0.15,1.7
2015-07-29,1,7.1,7.1,7.12,6.92,971683,1210759104.0,2.81,-0.28,-0.02,0.82
2015-07-30,1,7.11,6.82,7.13,6.79,770279,962337456.0,4.79,-3.94,-0.28,0.65
2015-07-31,1,6.73,6.9,6.95,6.62,1202747,1472860288.0,4.84,1.17,0.08,1.02
2015-08-03,1,6.77,7.28,7.31,6.72,1405123,1757739728.0,8.55,5.51,0.38,1.19
2015-08-04,1,7.24,7.32,7.42,7.09,774938,988843504.0,4.53,0.55,0.04,0.66
2015-08-05,1,7.27,7.09,7.39,7.07,551802,704539360.0,4.37,-3.14,-0.23,0.47
2015-08-06,1,7.02,7.04,7.21,6.96,450218,567208512.0,3.53,-0.71,-0.05,0.38
2015-08-07,1,7.11,7.11,7.2,7.05,622010,785501392.0,2.13,0.99,0.07,0.53
2015-08-10,1,7.15,7.37,7.42,7.06,1053112,1346325152.0,5.06,3.66,0.26,0.89
2015-08-11,1,7.36,7.3,7.39,7.26,828493,1065323952.0,1.76,-0.95,-0.07,0.7
2015-08-12,1,7.17,7.07,7.24,7.07,686822,869580816.0,2.33,-3.15,-0.23,0.58
2015-08-13,1,7.02,7.07,7.16,6.95,606344,760265712.0,2.97,0.0,0.0,0.51
2015-08-14,1,7.17,7.13,7.22,7.08,823789,1043762736.0,1.98,0.85,0.06,0.7
2015-08-17,1,7.11,7.05,7.17,6.97,679643,852588992.0,2.81,-1.12,-0.08,0.58
2015-08-18,1,7.02,6.82,7.22,6.56,1176324,1459671040.0,9.36,-3.26,-0.23,1.0
2015-08-19,1,6.68,6.79,6.79,6.52,958894,1157078544.0,3.96,-0.44,-0.03,0.81
2015-08-20,1,6.74,6.64,6.74,6.52,677634,815652768.0,3.24,-2.21,-0.15,0.57
2015-08-21,1,6.52,6.18,6.59,6.15,933368,1095668272.0,6.63,-6.93,-0.46,0.79
2015-08-24,1,5.85,5.22,5.91,5.22,1518030,1601529040.0,11.17,-15.53,-0.96,1.29
2015-08-25,1,4.81,4.48,5.22,4.37,2192334,2122788592.0,16.28,-14.18,-0.74,1.86
2015-08-26,1,4.6,4.86,5.12,4.35,2491920,2460482144.0,17.19,8.48,0.38,2.11
2015-08-27,1,5.07,5.6,5.68,4.82,1849236,1912163264.0,17.7,15.23,0.74,1.57
2015-08-28,1,5.67,5.62,5.84,5.39,1608030,1728745632.0,8.04,0.36,0.02,1.36
2015-08-31,1,5.52,5.82,5.82,5.33,1464297,1578261440.0,8.72,3.56,0.2,1.24
2015-09-01,1,5.68,6.24,6.27,5.44,2657661,3003860704.0,14.26,7.22,0.42,2.25
2015-09-02,1,5.92,6.47,6.6,5.82,2815747,3273803296.0,12.5,3.69,0.23,2.39
2015-09-07,1,6.22,5.67,6.23,5.67,1376111,1544055072.0,8.66,-12.36,-0.8,1.17
2015-09-08,1,5.67,5.77,5.89,5.42,747292,815241856.0,8.29,1.76,0.1,0.63
2015-09-09,1,5.79,5.85,5.92,5.67,851074,940582960.0,4.33,1.39,0.08,0.72
2015-09-10,1,5.77,5.81,5.92,5.72,465206,514578384.0,3.42,-0.68,-0.04,0.39
2015-09-11,1,5.78,5.73,5.87,5.67,426451,469297504.0,3.44,-1.38,-0.08,0.36
2015-09-14,1,5.76,5.66,5.77,5.31,756453,813927120.0,8.03,-1.22,-0.07,0.64
2015-09-15,1,5.51,5.41,5.64,5.35,542839,579042240.0,5.12,-4.42,-0.25,0.46
2015-09-16,1,5.42,5.68,5.83,5.37,569244,612767024.0,8.5,4.99,0.27,0.48
2015-09-17,1,5.64,5.57,5.88,5.57,620799,682338192.0,5.46,-1.94,-0.11,0.53
2015-09-18,1,5.63,5.61,5.73,5.54,318273,345063776.0,3.41,0.72,0.04,0.27
2015-09-21,1,5.52,5.62,5.67,5.47,386111,416851088.0,3.57,0.18,0.01,0.33
2015-09-22,1,5.62,5.73,5.82,5.62,492956,541007296.0,3.56,1.96,0.11,0.42
2015-09-23,1,5.65,5.52,5.69,5.5,371151,399583552.0,3.32,-3.66,-0.21,0.31
2015-09-24,1,5.57,5.52,5.61,5.49,258633,277274192.0,2.17,0.0,0.0,0.22
2015-09-25,1,5.51,5.39,5.52,5.31,446421,471537648.0,3.8,-2.36,-0.13,0.38
2015-09-28,1,5.4,5.37,5.42,5.29,199087,209186171.0,2.41,-0.37,-0.02,0.17
2015-09-29,1,5.31,5.25,5.4,5.2,333604,347612304.0,3.72,-2.23,-0.12,0.28
2015-09-30,1,5.27,5.34,5.42,5.26,364660,383230176.0,3.05,1.71,0.09,0.31
2015-10-08,1,5.64,5.52,5.67,5.52,494071,533806128.0,2.81,3.37,0.18,0.42
2015-10-09,1,5.56,5.68,5.72,5.53,474612,516310496.0,3.44,2.9,0.16,0.4
2015-10-12,1,5.73,5.96,6.08,5.69,849665,950602304.0,6.87,4.93,0.28,0.72
2015-10-13,1,5.93,5.87,5.98,5.84,359798,401600928.0,2.35,-1.51,-0.09,0.3
2015-10-14,1,5.8,5.75,5.89,5.72,418981,462963472.0,2.9,-2.04,-0.12,0.35
2015-10-15,1,5.72,5.91,5.91,5.72,485901,539103664.0,3.3,2.78,0.16,0.41
2015-10-16,1,5.94,5.96,6.02,5.9,570001,640488896.0,2.03,0.85,0.05,0.48
2015-10-19,1,5.99,5.98,6.06,5.89,723372,814910976.0,2.85,0.34,0.02,0.61
2015-10-20,1,5.93,6.03,6.08,5.92,715163,807642384.0,2.68,0.84,0.05,0.61
2015-10-21,1,6.01,5.95,6.39,5.92,1332629,1523591984.0,7.79,-1.33,-0.08,1.13
2015-10-22,1,5.97,6.04,6.1,5.92,822806,928960032.0,3.03,1.51,0.09,0.7
2015-10-23,1,6.09,6.16,6.21,6.05,937425,1073981536.0,2.65,1.99,0.12,0.79
2015-10-26,1,6.27,6.2,6.44,6.13,1085918,1260872032.0,5.03,0.65,0.04,0.92
2015-10-27,1,6.18,6.17,6.3,6.05,580436,664648832.0,4.03,-0.48,-0.03,0.49
2015-10-28,1,6.15,5.99,6.17,5.97,544811,619790800.0,3.24,-2.92,-0.18,0.46
2015-10-29,1,6.02,5.99,6.07,5.97,316704,357830448.0,1.67,0.0,0.0,0.27
2015-10-30,1,6.02,6.07,6.12,5.99,535931,607980992.0,2.17,1.34,0.08,0.45
2015-11-02,1,5.99,5.88,6.03,5.85,484436,544000192.0,2.97,-3.13,-0.19,0.41
2015-11-03,1,5.89,5.81,5.94,5.77,391265,434818768.0,2.89,-1.19,-0.07,0.33
2015-11-04,1,5.83,6.34,6.35,5.81,1307244,1493255536.0,9.29,9.12,0.53,1.11
2015-11-05,1,6.27,6.66,7.07,6.22,2292190,2780266752.0,13.41,5.05,0.32,1.94
2015-11-06,1,6.62,6.92,6.94,6.53,1463195,1781331280.0,6.16,3.9,0.26,1.24
2015-11-09,1,7.02,7.38,7.75,6.98,2413888,3137641552.0,11.13,6.65,0.46,2.04
2015-11-10,1,7.27,7.22,7.49,7.11,1125028,1438707536.0,5.15,-2.17,-0.16,0.95
2015-11-11,1,7.18,7.06,7.25,6.92,1021735,1280174416.0,4.57,-2.22,-0.16,0.87
2015-11-12,1,7.1,6.93,7.14,6.83,671140,833753296.0,4.39,-1.84,-0.13,0.57
2015-11-13,1,6.78,6.8,7.0,6.76,587555,722252992.0,3.46,-1.88,-0.13,0.5
2015-11-16,1,6.71,6.88,6.92,6.67,559849,685977376.0,3.68,1.18,0.08,0.47
2015-11-17,1,6.94,7.02,7.18,6.9,1046487,1315319792.0,4.07,2.03,0.14,0.89
2015-11-18,1,6.98,6.95,7.18,6.86,793705,991513840.0,4.56,-1.0,-0.07,0.67
2015-11-19,1,6.93,7.02,7.02,6.87,471121,585570976.0,2.16,1.01,0.07,0.4
2015-11-20,1,7.02,7.06,7.09,6.95,598036,747487168.0,1.99,0.57,0.04,0.51
2015-11-23,1,7.06,6.97,7.1,6.92,607975,760493344.0,2.55,-1.27,-0.09,0.52
2015-11-24,1,6.94,6.83,6.97,6.73,664215,812675936.0,3.44,-2.01,-0.14,0.56
2015-11-25,1,6.77,6.87,6.91,6.74,513463,629507056.0,2.49,0.59,0.04,0.43
2015-11-26,1,6.9,6.79,6.92,6.77,552210,679692128.0,2.18,-1.16,-0.08,0.47
2015-11-27,1,6.75,6.37,6.77,6.21,728026,867702432.0,8.25,-6.19,-0.42,0.62
2015-11-30,1,6.37,6.38,6.49,6.18,658494,770221392.0,4.87,0.16,0.01,0.56
2015-12-01,1,6.35,6.39,6.48,6.19,680254,793118208.0,4.55,0.16,0.01,0.58
2015-12-02,1,6.35,7.02,7.13,6.32,1615761,1978750512.0,12.68,9.86,0.63,1.37
2015-12-03,1,6.92,6.97,7.22,6.81,1425977,1786008976.0,5.84,-0.71,-0.05,1.21
2015-12-04,1,6.86,6.7,6.92,6.67,764532,934906576.0,3.59,-3.87,-0.27,0.65
2015-12-07,1,6.75,6.72,6.81,6.63,402793,488370704.0,2.69,0.3,0.02,0.34
2015-12-08,1,6.66,6.57,6.67,6.52,503102,602568624.0,2.23,-2.23,-0.15,0.43
2015-12-09,1,6.53,6.59,6.7,6.52,429384,515596480.0,2.74,0.3,0.02,0.36
2015-12-10,1,6.56,6.57,6.72,6.52,417604,502326080.0,3.03,-0.3,-0.02,0.35
2015-12-11,1,6.52,6.46,6.53,6.37,379508,448800944.0,2.44,-1.67,-0.11,0.32
2015-12-14,1,6.37,6.66,6.69,6.36,587237,698791984.0,5.11,3.1,0.2,0.5
2015-12-15,1,6.62,6.53,6.67,6.48,364487,436557696.0,2.85,-1.95,-0.13,0.31
2015-12-16,1,6.58,6.51,6.61,6.5,392763,468510256.0,1.68,-0.31,-0.02,0.33
2015-12-17,1,6.57,6.66,6.72,6.57,648275,780891808.0,2.3,2.3,0.15,0.55
2015-12-18,1,6.62,6.79,7.06,6.62,1022945,1257360352.0,6.61,1.95,0.13,0.87
2015-12-21,1,6.72,7.02,7.2,6.69,1281142,1595741312.0,7.51,3.39,0.23,1.09
2015-12-22,1,7.02,6.96,7.12,6.92,698091,870121728.0,2.85,-0.85,-0.06,0.59
2015-12-23,1,6.99,7.0,7.25,6.93,1039018,1302341536.0,4.6,0.57,0.04,0.88
2015-12-24,1,6.98,6.88,7.07,6.8,640230,791975824.0,3.86,-1.71,-0.12,0.54
2015-12-25,1,6.92,6.94,6.99,6.87,399845,495638048.0,1.74,0.87,0.06,0.34
2015-12-28,1,6.96,6.58,6.98,6.58,822409,1003010208.0,5.76,-5.19,-0.36,0.7
2015-12-29,1,6.59,6.67,6.68,6.57,619802,744718416.0,1.67,1.37,0.09,0.53
2015-12-30,1,6.67,6.68,6.69,6.56,532667,641277264.0,1.95,0.15,0.01,0.45
2015-12-31,1,6.68,6.59,6.71,6.58,491259,591643584.0,1.95,-1.35,-0.09,0.42
2016-01-04,1,6.6,6.04,6.62,5.96,563498,660376160.0,10.02,-8.35,-0.55,0.48
2016-01-05,1,5.99,6.1,6.24,5.89,663270,755531360.0,5.79,0.99,0.06,0.56
2016-01-06,1,6.12,6.21,6.23,6.09,515706,591698528.0,2.3,1.8,0.11,0.44
2016-01-07,1,6.11,5.72,6.11,5.69,174761,194869493.0,6.76,-7.89,-0.49,0.15
2016-01-08,1,5.94,5.87,6.01,5.68,747528,831334544.0,5.77,2.62,0.15,0.63
2016-01-11,1,5.77,5.57,5.83,5.5,732014,800683648.0,5.62,-5.11,-0.3,0.62
2016-01-12,1,5.62,5.61,5.69,5.47,561642,605970832.0,3.95,0.72,0.04,0.48
2016-01-13,1,5.67,5.52,5.72,5.52,391709,424371696.0,3.57,-1.6,-0.09,0.33
2016-01-14,1,5.42,5.57,5.6,5.33,666315,708535008.0,4.89,0.91,0.05,0.56
2016-01-15,1,5.48,5.32,5.6,5.28,448202,474908144.0,5.75,-4.49,-0.25,0.38
2016-01-18,1,5.22,5.27,5.4,5.18,421041,439917824.0,4.14,-0.94,-0.05,0.36
2016-01-19,1,5.31,5.52,5.58,5.27,501109,532074704.0,5.88,4.74,0.25,0.42
2016-01-20,1,5.52,5.38,5.6,5.3,603753,640968944.0,5.43,-2.54,-0.14,0.51
2016-01-21,1,5.33,5.2,5.56,5.2,606145,638127872.0,6.69,-3.35,-0.18,0.51
2016-01-22,1,5.27,5.27,5.31,5.12,466752,482984448.0,3.65,1.35,0.07,0.4
2016-01-25,1,5.27,5.24,5.3,5.21,376432,390734880.0,1.71,-0.57,-0.03,0.32
2016-01-26,1,5.2,4.82,5.2,4.82,647901,653561600.0,7.25,-8.02,-0.42,0.55
2016-01-27,1,4.87,4.83,4.92,4.6,569037,558510640.0,6.64,0.21,0.01,0.48
2016-01-28,1,4.78,4.67,4.84,4.64,302541,296055312.0,4.14,-3.31,-0.16,0.26
2016-01-29,1,4.72,4.93,5.0,4.67,544436,540544464.0,7.07,5.57,0.26,0.46
2016-02-01,1,4.92,4.77,4.94,4.72,417732,412635648.0,4.46,-3.25,-0.16,0.35
2016-02-02,1,4.77,4.89,4.96,4.75,369104,367360496.0,4.4,2.52,0.12,0.31
2016-02-03,1,4.81,4.81,4.84,4.74,274572,269997840.0,2.04,-1.64,-0.08,0.23
2016-02-04,1,4.84,4.89,4.93,4.83,373099,370586192.0,2.08,1.66,0.08,0.32
2016-02-05,1,4.9,4.87,4.91,4.86,270893,269184384.0,1.02,-0.41,-0.02,0.23
2016-02-15,1,4.65,4.76,4.81,4.64,278499,271173376.0,3.49,-2.26,-0.11,0.24
2016-02-16,1,4.8,4.94,4.96,4.79,428386,427507776.0,3.57,3.78,0.18,0.36
2016-02-17,1,4.96,5.06,5.12,4.92,585167,590538912.0,4.05,2.43,0.12,0.5
2016-02-18,1,5.08,5.01,5.12,5.01,406178,412337568.0,2.17,-0.99,-0.05,0.34
2016-02-19,1,5.01,4.97,5.05,4.92,318898,320939648.0,2.59,-0.8,-0.04,0.27
2016-02-22,1,5.04,5.17,5.19,4.98,617739,630251520.0,4.23,4.02,0.2,0.52
2016-02-23,1,5.17,5.03,5.17,4.97,425874,432315312.0,3.87,-2.71,-0.14,0.36
2016-02-24,1,4.98,5.06,5.06,4.94,300104,302498032.0,2.39,0.6,0.03,0.25
2016-02-25,1,5.03,4.66,5.04,4.6,622073,615004736.0,8.7,-7.91,-0.4,0.53
2016-02-26,1,4.74,4.76,4.79,4.65,392154,382634656.0,3.0,2.15,0.1,0.33
2016-02-29,1,4.76,4.57,4.77,4.45,566896,542183968.0,6.72,-3.99,-0.19,0.48
2016-03-01,1,4.62,4.68,4.74,4.58,377911,365149008.0,3.5,2.41,0.11,0.32
2016-03-02,1,4.72,5.02,5.04,4.7,676614,673626224.0,7.26,7.26,0.34,0.57
2016-03-03,1,5.01,5.02,5.08,4.97,553089,559045200.0,2.19,0.0,0.0,0.47
2016-03-04,1,5.01,5.27,5.35,4.99,1381249,1429273056.0,7.17,4.98,0.25,1.17
2016-03-07,1,5.22,5.22,5.34,5.18,606353,630155600.0,3.04,-0.95,-0.05,0.51
2016-03-08,1,5.23,5.17,5.23,4.88,643156,650471600.0,6.7,-0.96,-0.05,0.54
2016-03-09,1,5.05,5.07,5.12,4.97,325901,330124896.0,2.9,-1.93,-0.1,0.28
2016-03-10,1,5.13,5.06,5.22,5.04,474020,486414240.0,3.55,-0.2,-0.01,0.4
2016-03-11,1,5.02,5.07,5.12,4.97,383737,389638928.0,2.96,0.2,0.01,0.33
2016-03-14,1,5.11,5.15,5.32,5.11,655158,679161312.0,4.14,1.58,0.08,0.56
2016-03-15,1,5.17,5.2,5.23,5.07,417920,428786688.0,3.11,0.97,0.05,0.35
2016-03-16,1,5.16,5.22,5.31,5.14,664886,690087712.0,3.27,0.38,0.02,0.56
2016-03-17,1,5.23,5.28,5.33,5.18,610996,635181312.0,2.87,1.15,0.06,0.52
2016-03-18,1,5.28,5.38,5.41,5.27,797216,836565552.0,2.65,1.89,0.1,0.68
2016-03-21,1,5.39,5.6,5.65,5.39,920433,987764464.0,4.83,4.09,0.22,0.78
2016-03-22,1,5.57,5.53,5.72,5.51,625482,675406608.0,3.75,-1.25,-0.07,0.53
2016-03-23,1,5.52,5.52,5.57,5.44,430278,458963280.0,2.35,-0.18,-0.01,0.36
2016-03-24,1,5.44,5.37,5.46,5.35,372406,393411552.0,1.99,-2.72,-0.15,0.32
2016-03-25,1,5.36,5.42,5.43,5.35,237070,250338489.0,1.49,0.93,0.05,0.2
2016-03-28,1,5.45,5.33,5.47,5.31,358621,378973328.0,2.95,-1.66,-0.09,0.3
2016-03-29,1,5.36,5.29,5.37,5.25,318318,332422400.0,2.25,-0.75,-0.04,0.27
2016-03-30,1,5.33,5.52,5.52,5.32,539700,572627424.0,3.78,4.35,0.23,0.46
2016-03-31,1,5.52,5.47,5.56,5.47,418388,447266288.0,1.63,-0.91,-0.05,0.35
2016-04-01,1,5.45,5.48,5.51,5.35,369342,391830400.0,2.93,0.18,0.01,0.31
2016-04-05,1,5.45,5.52,5.61,5.35,592309,632378864.0,4.74,0.73,0.04,0.5
2016-04-06,1,5.5,5.53,5.56,5.44,435260,464962432.0,2.17,0.18,0.01,0.37
2016-04-07,1,5.53,5.42,5.54,5.42,377720,401949056.0,2.17,-1.99,-0.11,0.32
2016-04-08,1,5.39,5.41,5.49,5.35,376554,397998240.0,2.58,-0.18,-0.01,0.32
2016-04-11,1,5.43,5.53,5.6,5.43,786386,840486352.0,3.14,2.22,0.12,0.67
2016-04-12,1,5.52,5.49,5.52,5.45,298600,318538000.0,1.27,-0.72,-0.04,0.25
2016-04-13,1,5.54,5.61,5.74,5.52,856760,929858592.0,4.01,2.19,0.12,0.73
2016-04-14,1,5.67,5.63,5.68,5.59,323646,350702736.0,1.6,0.36,0.02,0.27
2016-04-15,1,5.63,5.67,5.72,5.6,497224,541052864.0,2.13,0.71,0.04,0.42
2016-04-18,1,5.62,5.54,5.64,5.54,350654,377791440.0,1.76,-2.29,-0.13,0.3
2016-04-19,1,5.57,5.57,5.61,5.52,218240,234479844.0,1.62,0.54,0.03,0.18
2016-04-20,1,5.57,5.37,5.58,5.23,606586,640149680.0,6.28,-3.59,-0.2,0.51
2016-04-21,1,5.37,5.36,5.46,5.31,558799,588731552.0,2.79,-0.19,-0.01,0.47
2016-04-22,1,5.32,5.39,5.45,5.27,359677,379176144.0,3.36,0.56,0.03,0.3
2016-04-25,1,5.4,5.35,5.4,5.28,349258,366533376.0,2.23,-0.74,-0.04,0.3
2016-04-26,1,5.33,5.42,5.43,5.32,291699,306962512.0,2.06,1.31,0.07,0.25
2016-04-27,1,5.42,5.41,5.44,5.37,239554,253308584.0,1.29,-0.18,-0.01,0.2
2016-04-28,1,5.42,5.48,5.57,5.38,457460,487261216.0,3.51,1.29,0.07,0.39
2016-04-29,1,5.47,5.41,5.47,5.39,404978,428582160.0,1.46,-1.28,-0.07,0.34
2016-05-03,1,5.42,5.5,5.53,5.37,489102,521137504.0,2.96,1.66,0.09,0.41
2016-05-04,1,5.5,5.53,5.56,5.48,412436,441848160.0,1.45,0.55,0.03,0.35
2016-05-05,1,5.51,5.53,5.53,5.47,239517,256002095.0,1.08,0.0,0.0,0.2
2016-05-06,1,5.54,5.37,5.54,5.37,346545,367408592.0,3.07,-2.89,-0.16,0.29
2016-05-09,1,5.35,5.22,5.37,5.2,411171,428356624.0,3.17,-2.79,-0.15,0.35
2016-05-10,1,5.22,5.17,5.24,5.16,292600,301767200.0,1.53,-0.96,-0.05,0.25
2016-05-11,1,5.18,5.24,5.3,5.18,327290,339005280.0,2.32,1.35,0.07,0.28
2016-05-12,1,5.19,5.25,5.27,5.14,325886,336792704.0,2.48,0.19,0.01,0.28
2016-05-13,1,5.22,5.22,5.27,5.21,184266,191007255.0,1.14,-0.57,-0.03,0.16
2016-05-16,1,5.2,5.23,5.23,5.14,215225,221931208.0,1.72,0.19,0.01,0.18
2016-05-17,1,5.23,5.18,5.24,5.13,250424,257859628.0,2.1,-0.96,-0.05,0.21
2016-05-18,1,5.17,5.18,5.2,5.07,534151,547076640.0,2.51,0.0,0.0,0.45
2016-05-19,1,5.16,5.14,5.2,5.14,170778,175591500.0,1.16,-0.77,-0.04,0.14
2016-05-20,1,5.13,5.18,5.21,5.09,206704,212277642.0,2.33,0.78,0.04,0.18
2016-05-23,1,5.21,5.17,5.22,5.14,323647,333300176.0,1.54,-0.19,-0.01,0.27
2016-05-24,1,5.16,5.11,5.17,5.09,259294,265042286.0,1.55,-1.16,-0.06,0.21
2016-05-25,1,5.14,5.12,5.17,5.09,204235,209019882.0,1.57,0.2,0.01,0.17
2016-05-26,1,5.12,5.12,5.16,5.07,261397,266736775.0,1.76,0.0,0.0,0.21
2016-05-27,1,5.12,5.16,5.17,5.09,222819,228377555.0,1.56,0.78,0.04,0.18
2016-05-30,1,5.14,5.17,5.17,5.1,380947,390119744.0,1.36,0.19,0.01,0.31
2016-05-31,1,5.15,5.39,5.41,5.15,946467,991668176.0,5.03,4.26,0.22,0.78
2016-06-01,1,5.36,5.33,5.39,5.3,556751,584161152.0,1.67,-1.11,-0.06,0.46
2016-06-02,1,5.32,5.32,5.33,5.28,293036,306269376.0,0.94,-0.19,-0.01,0.24
2016-06-03,1,5.32,5.35,5.37,5.27,423389,443039584.0,1.88,0.56,0.03,0.35
2016-06-06,1,5.36,5.36,5.37,5.31,338332,354998368.0,1.12,0.19,0.01,0.28
2016-06-07,1,5.37,5.37,5.37,5.33,229282,240887148.0,0.75,0.19,0.01,0.19
2016-06-08,1,5.38,5.35,5.38,5.32,268188,281651744.0,1.12,-0.37,-0.02,0.22
2016-06-13,1,5.32,5.21,5.32,5.21,344817,358996272.0,2.06,-2.62,-0.14,0.28
2016-06-14,1,5.22,5.27,5.27,5.2,273637,283578304.0,1.34,1.15,0.06,0.22
2016-06-15,1,5.21,5.3,5.33,5.2,378172,394033680.0,2.47,0.57,0.03,0.31
2016-06-16,1,5.3,5.3,5.33,5.26,386670,331192448.0,1.32,0.0,0.0,0.26
2016-06-17,1,5.3,5.31,5.34,5.27,315173,270236704.0,1.32,0.19,0.01,0.22
2016-06-20,1,5.32,5.33,5.33,5.29,270732,232205297.0,0.75,0.38,0.02,0.19
2016-06-21,1,5.34,5.34,5.38,5.31,380750,327940704.0,1.31,0.19,0.01,0.26
2016-06-22,1,5.33,5.46,5.46,5.31,478002,413947376.0,2.81,2.25,0.12,0.33
2016-06-23,1,5.4,5.39,5.43,5.36,335614,290490400.0,1.28,-1.28,-0.07,0.23
2016-06-24,1,5.37,5.3,5.43,5.25,427664,367771056.0,3.34,-1.67,-0.09,0.29
2016-06-27,1,5.3,5.34,5.37,5.27,325214,280044080.0,1.89,0.75,0.04,0.22
2016-06-28,1,5.31,5.36,5.37,5.29,336519,289122208.0,1.5,0.37,0.02,0.23
2016-06-29,1,5.36,5.42,5.42,5.35,369612,319908688.0,1.31,1.12,0.06,0.25
2016-06-30,1,5.42,5.43,5.47,5.39,362205,315051856.0,1.48,0.18,0.01,0.25
2016-07-01,1,5.42,5.44,5.46,5.41,348930,303652368.0,0.92,0.18,0.01,0.24
2016-07-04,1,5.42,5.54,5.59,5.4,608257,534656912.0,3.49,1.84,0.1,0.42
2016-07-05,1,5.53,5.54,5.56,5.5,422037,371422816.0,1.08,0.0,0.0,0.29
2016-07-06,1,5.53,5.52,5.55,5.49,322950,283827376.0,1.08,-0.36,-0.02,0.22
2016-07-07,1,5.52,5.51,5.53,5.47,312853,274337184.0,1.09,-0.18,-0.01,0.21
2016-07-08,1,5.52,5.47,5.52,5.46,261342,228778674.0,1.09,-0.73,-0.04,0.18
2016-07-11,1,5.48,5.48,5.52,5.47,365373,320333760.0,0.91,0.18,0.01,0.25
2016-07-12,1,5.48,5.61,5.62,5.47,711832,627505584.0,2.74,2.37,0.13,0.49
2016-07-13,1,5.61,5.72,5.78,5.59,798289,716797024.0,3.39,1.96,0.11,0.55
2016-07-14,1,5.7,5.67,5.73,5.64,359699,321889344.0,1.57,-0.87,-0.05,0.25
2016-07-15,1,5.68,5.72,5.73,5.64,352034,315555248.0,1.59,0.88,0.05,0.24
2016-07-18,1,5.72,5.77,5.81,5.7,506935,457358032.0,1.92,0.87,0.05,0.35
2016-07-19,1,5.77,5.7,5.78,5.68,362788,326046528.0,1.73,-1.21,-0.07,0.25
2016-07-20,1,5.69,5.69,5.72,5.68,310926,278737200.0,0.7,-0.18,-0.01,0.21
2016-07-21,1,5.68,5.72,5.74,5.68,340261,305710336.0,1.05,0.53,0.03,0.23
2016-07-22,1,5.72,5.67,5.72,5.65,295550,264379250.0,1.22,-0.87,-0.05,0.2
2016-07-25,1,5.66,5.71,5.71,5.64,264683,236937494.0,1.23,0.71,0.04,0.18
2016-07-26,1,5.7,5.84,5.85,5.7,546557,494506416.0,2.63,2.28,0.13,0.37
2016-07-27,1,5.85,5.74,5.9,5.64,818678,741263296.0,4.45,-1.71,-0.1,0.56
2016-07-28,1,5.71,5.81,5.84,5.7,479910,434490544.0,2.44,1.22,0.07,0.33
2016-07-29,1,5.81,5.93,5.97,5.76,671425,614972672.0,3.61,2.07,0.12,0.46
2016-08-01,1,5.91,6.01,6.07,5.9,759324,702466624.0,2.87,1.35,0.08,0.52
2016-08-02,1,5.97,5.98,5.99,5.9,449165,413484592.0,1.5,-0.5,-0.03,0.31
2016-08-03,1,5.94,5.91,5.95,5.88,424622,389817536.0,1.17,-1.17,-0.07,0.29
2016-08-04,1,5.9,5.72,5.91,5.66,1344462,1210346976.0,4.23,-3.21,-0.19,0.92
2016-08-05,1,5.72,5.77,5.8,5.68,725948,654998096.0,2.1,0.87,0.05,0.5
2016-08-08,1,5.77,5.84,5.84,5.74,398479,361191040.0,1.73,1.21,0.07,0.27
2016-08-09,1,5.82,5.88,5.88,5.8,415676,378720688.0,1.37,0.68,0.04,0.28
2016-08-10,1,5.88,5.87,5.91,5.85,436655,399656992.0,1.02,-0.17,-0.01,0.3
2016-08-11,1,5.87,5.95,6.08,5.86,935576,866594864.0,3.75,1.36,0.08,0.64
2016-08-12,1,5.93,6.23,6.26,5.91,1370022,1282336288.0,5.88,4.71,0.28,0.94
2016-08-15,1,6.28,6.41,6.53,6.24,1897552,1835196864.0,4.65,2.89,0.18,1.3
2016-08-16,1,6.41,6.25,6.41,6.19,1099559,1050479552.0,3.43,-2.5,-0.16,0.75
2016-08-17,1,6.25,6.28,6.33,6.21,560725,534926048.0,1.92,0.48,0.03,0.38
2016-08-18,1,6.29,6.23,6.32,6.16,691504,658183952.0,2.55,-0.8,-0.05,0.47
2016-08-19,1,6.22,6.24,6.25,6.16,505335,478779728.0,1.44,0.16,0.01,0.35
2016-08-22,1,6.23,6.13,6.24,6.09,979433,922426432.0,2.4,-1.76,-0.11,0.67
2016-08-23,1,6.11,6.13,6.18,6.1,890657,838185904.0,1.31,0.0,0.0,0.61
2016-08-24,1,6.14,6.16,6.16,6.11,732281,688971680.0,0.82,0.49,0.03,0.5
2016-08-25,1,6.15,6.17,6.18,6.07,617390,580648480.0,1.79,0.16,0.01,0.42
2016-08-26,1,6.18,6.18,6.2,6.13,502234,473688080.0,1.13,0.16,0.01,0.34
2016-08-29,1,6.14,6.15,6.18,6.11,565232,532295360.0,1.13,-0.49,-0.03,0.39
2016-08-30,1,6.15,6.2,6.2,6.14,595081,561854064.0,0.98,0.81,0.05,0.41
2016-08-31,1,6.19,6.22,6.23,6.16,489747,463875760.0,1.13,0.32,0.02,0.33
2016-09-01,1,6.22,6.18,6.25,6.15,480131,454848640.0,1.61,-0.64,-0.04,0.33
2016-09-02,1,6.16,6.18,6.19,6.15,368796,348054368.0,0.65,0.0,0.0,0.25
2016-09-05,1,6.19,6.15,6.19,6.13,469937,443204800.0,0.97,-0.49,-0.03,0.32
2016-09-06,1,6.15,6.14,6.16,6.09,574738,539813280.0,1.14,-0.16,-0.01,0.39
2016-09-07,1,6.14,6.13,6.15,6.1,459373,431984160.0,0.81,-0.16,-0.01,0.31
2016-09-08,1,6.12,6.13,6.15,6.11,295218,277503760.0,0.65,0.0,0.0,0.2
2016-09-09,1,6.13,6.11,6.16,6.09,327431,307527264.0,1.14,-0.33,-0.02,0.22
2016-09-12,1,6.02,5.89,6.05,5.86,756582,697759184.0,3.11,-3.6,-0.22,0.52
2016-09-13,1,5.91,5.92,5.94,5.87,460931,423113840.0,1.19,0.51,0.03,0.32
2016-09-14,1,5.9,5.79,5.91,5.78,421481,384081264.0,2.2,-2.2,-0.13,0.29
2016-09-19,1,5.78,5.85,5.87,5.78,354349,322575920.0,1.55,1.04,0.06,0.24
2016-09-20,1,5.85,5.81,5.85,5.77,436679,396359328.0,1.37,-0.68,-0.04,0.3
2016-09-21,1,5.81,5.81,5.83,5.76,405665,367767504.0,1.2,0.0,0.0,0.28
2016-09-22,1,5.83,5.89,5.91,5.82,494613,451909024.0,1.55,1.38,0.08,0.34
2016-09-23,1,5.89,5.88,5.92,5.87,288799,264699513.0,0.85,-0.17,-0.01,0.2
2016-09-26,1,5.86,5.77,5.86,5.77,439482,398771872.0,1.53,-1.87,-0.11,0.3
2016-09-27,1,5.77,5.79,5.8,5.74,401324,362769232.0,1.04,0.35,0.02,0.27
2016-09-28,1,5.79,5.78,5.79,5.76,271366,245499467.0,0.52,-0.17,-0.01,0.19
2016-09-29,1,5.78,5.79,5.81,5.78,303664,275239664.0,0.52,0.17,0.01,0.21
2016-09-30,1,5.79,5.8,5.83,5.78,308085,279526480.0,0.86,0.17,0.01,0.21
2016-10-10,1,5.83,5.85,5.9,5.81,611382,557122272.0,1.55,0.86,0.05,0.42
2016-10-11,1,5.86,5.88,5.88,5.84,363371,331886512.0,0.68,0.51,0.03,0.25
2016-10-12,1,5.87,5.86,5.89,5.85,270316,246995531.0,0.68,-0.34,-0.02,0.18
2016-10-13,1,5.81,5.8,5.84,5.78,632368,574142480.0,1.02,-1.02,-0.06,0.43
2016-10-14,1,5.79,5.82,5.82,5.77,335412,304218672.0,0.86,0.34,0.02,0.23
2016-10-17,1,5.81,5.78,5.82,5.76,359223,325582448.0,1.03,-0.69,-0.04,0.25
2016-10-18,1,5.76,5.82,5.82,5.76,593737,537784128.0,1.04,0.69,0.04,0.41
2016-10-19,1,5.82,5.81,5.84,5.78,482636,438299024.0,1.03,-0.17,-0.01,0.33
2016-10-20,1,5.81,5.8,5.82,5.78,342845,310966016.0,0.69,-0.17,-0.01,0.23
2016-10-21,1,5.81,5.86,5.86,5.79,683897,621549840.0,1.21,1.03,0.06,0.47
2016-10-24,1,5.86,5.97,6.03,5.85,915677,844746080.0,3.07,1.88,0.11,0.63
2016-10-25,1,5.98,5.94,5.99,5.91,500753,461542704.0,1.34,-0.5,-0.03,0.34
2016-10-26,1,5.95,5.88,5.95,5.86,440452,403750816.0,1.52,-1.01,-0.06,0.3
2016-10-27,1,5.89,5.89,5.9,5.85,324141,296216912.0,0.85,0.17,0.01,0.22
2016-10-28,1,5.89,5.9,5.96,5.87,541998,497615056.0,1.53,0.17,0.01,0.37
2016-10-31,1,5.88,5.88,5.89,5.82,493597,450148880.0,1.19,-0.34,-0.02,0.34
2016-11-01,1,5.87,5.87,5.89,5.84,525416,480117536.0,0.85,-0.17,-0.01,0.36
2016-11-02,1,5.87,5.8,5.87,5.78,633586,576083792.0,1.53,-1.19,-0.07,0.43
2016-11-03,1,5.79,5.86,5.87,5.78,616871,561464944.0,1.55,1.03,0.06,0.42
2016-11-04,1,5.84,5.84,5.9,5.83,508118,463831936.0,1.19,-0.34,-0.02,0.35
2016-11-07,1,5.83,5.85,5.85,5.8,497240,452447936.0,0.86,0.17,0.01,0.34
2016-11-08,1,5.85,5.88,5.88,5.83,806695,736747216.0,0.85,0.51,0.03,0.55
2016-11-09,1,5.87,5.8,5.87,5.74,722617,656061968.0,2.21,-1.36,-0.08,0.49
2016-11-10,1,5.83,5.87,5.89,5.83,631999,576898448.0,1.03,1.21,0.07,0.43
2016-11-11,1,5.87,5.91,5.91,5.84,812270,742969904.0,1.19,0.68,0.04,0.56
2016-11-14,1,5.89,5.95,5.98,5.89,975079,898058352.0,1.52,0.68,0.04,0.67
2016-11-15,1,5.93,5.96,5.97,5.91,554343,510596176.0,1.01,0.17,0.01,0.38
2016-11-16,1,5.96,5.96,5.97,5.93,415842,383425744.0,0.67,0.0,0.0,0.28
2016-11-17,1,5.95,5.94,5.95,5.91,505324,464611136.0,0.67,-0.34,-0.02,0.35
2016-11-18,1,5.94,5.91,5.94,5.89,517597,475289968.0,0.84,-0.51,-0.03,0.35
2016-11-21,1,5.91,5.97,6.01,5.9,850243,785475680.0,1.86,1.02,0.06,0.58
2016-11-22,1,5.97,6.09,6.09,5.96,1180257,1097408720.0,2.18,2.01,0.12,0.81
2016-11-23,1,6.07,6.18,6.29,6.07,1752869,1660465712.0,3.61,1.48,0.09,1.2
2016-11-24,1,6.17,6.2,6.25,6.15,779749,738580576.0,1.62,0.32,0.02,0.53
2016-11-25,1,6.21,6.35,6.35,6.19,1013675,968127760.0,2.58,2.42,0.15,0.69
2016-11-28,1,6.42,6.36,6.51,6.33,1279689,1240686240.0,2.83,0.16,0.01,0.87
2016-11-29,1,6.32,6.35,6.43,6.28,887779,854308656.0,2.36,-0.16,-0.01,0.61
2016-11-30,1,6.38,6.28,6.45,6.23,1025963,985758448.0,3.46,-1.1,-0.07,0.7
2016-12-01,1,6.3,6.33,6.36,6.28,646004,619633744.0,1.27,0.8,0.05,0.44
2016-12-02,1,6.33,6.28,6.33,6.17,829687,790044448.0,2.53,-0.79,-0.05,0.57
2016-12-05,1,6.23,6.19,6.27,6.14,764366,723222048.0,2.07,-1.43,-0.09,0.52
2016-12-06,1,6.21,6.22,6.25,6.18,602903,571585184.0,1.13,0.48,0.03,0.41
2016-12-07,1,6.21,6.21,6.22,6.14,493405,466085504.0,1.29,-0.16,-0.01,0.34
2016-12-08,1,6.23,6.25,6.28,6.16,671452,638058512.0,1.93,0.64,0.04,0.46
2016-12-09,1,6.23,6.38,6.48,6.21,1514199,1460778336.0,4.32,2.08,0.13,1.03
2016-12-12,1,6.38,6.23,6.5,6.17,1256874,1206662624.0,5.17,-2.35,-0.15,0.86
2016-12-13,1,6.21,6.15,6.23,6.06,645772,607769968.0,2.73,-1.28,-0.08,0.44
2016-12-14,1,6.15,6.13,6.24,6.13,597706,564787520.0,1.79,-0.33,-0.02,0.41
2016-12-15,1,6.1,5.98,6.14,5.94,827613,767751840.0,3.26,-2.45,-0.15,0.57
2016-12-16,1,5.97,5.98,6.02,5.94,396814,366925344.0,1.34,0.0,0.0,0.27
2016-12-19,1,5.95,5.93,5.96,5.9,494011,453899744.0,1.0,-0.84,-0.05,0.34
2016-12-20,1,5.93,5.84,5.93,5.81,636638,580118160.0,2.02,-1.52,-0.09,0.44
2016-12-21,1,5.85,5.89,5.89,5.84,369921,338201440.0,0.86,0.86,0.05,0.25
2016-12-22,1,5.88,5.87,5.89,5.84,341341,311546864.0,0.85,-0.34,-0.02,0.23
2016-12-23,1,5.87,5.81,5.87,5.8,382912,348140448.0,1.19,-1.02,-0.06,0.26
2016-12-26,1,5.79,5.85,5.86,5.75,302059,273934288.0,1.89,0.69,0.04,0.21
2016-12-27,1,5.85,5.81,5.86,5.8,268841,244788273.0,1.03,-0.68,-0.04,0.18
2016-12-28,1,5.81,5.79,5.84,5.77,336055,304898608.0,1.2,-0.34,-0.02,0.23
2016-12-29,1,5.8,5.81,5.82,5.78,338759,307183504.0,0.69,0.35,0.02,0.23
2016-12-30,1,5.81,5.83,5.83,5.79,302607,274882704.0,0.69,0.34,0.02,0.21
2017-01-03,1,5.84,5.89,5.91,5.82,459840,420595184.0,1.54,1.03,0.06,0.31
2017-01-04,1,5.88,5.89,5.91,5.87,449330,411503440.0,0.68,0.0,0.0,0.31
2017-01-05,1,5.9,5.9,5.91,5.88,344373,315769696.0,0.51,0.17,0.01,0.24
2017-01-06,1,5.9,5.86,5.9,5.84,358154,327176432.0,1.02,-0.68,-0.04,0.24
2017-01-09,1,5.86,5.88,5.9,5.84,361082,329994608.0,1.02,0.34,0.02,0.21
2017-01-10,1,5.88,5.88,5.89,5.87,241054,220575131.0,0.34,0.0,0.0,0.14
2017-01-11,1,5.87,5.87,5.9,5.86,303431,277553200.0,0.68,-0.17,-0.01,0.18
2017-01-12,1,5.86,5.88,5.9,5.86,428007,391869408.0,0.68,0.17,0.01,0.25
2017-01-13,1,5.87,5.89,5.92,5.85,434301,397601904.0,1.19,0.17,0.01,0.26
2017-01-16,1,5.88,5.87,5.89,5.8,683166,623025824.0,1.53,-0.34,-0.02,0.4
2017-01-17,1,5.85,5.88,5.89,5.83,545552,498179696.0,1.02,0.17,0.01,0.32
2017-01-18,1,5.87,5.9,5.92,5.86,574269,526426592.0,1.02,0.34,0.02,0.34
2017-01-19,1,5.88,5.91,5.97,5.88,437713,402445632.0,1.53,0.17,0.01,0.26
2017-01-20,1,5.9,5.95,5.96,5.9,393329,361865152.0,1.02,0.68,0.04,0.23
2017-01-23,1,5.95,5.95,5.99,5.93,420299,388019072.0,1.01,0.0,0.0,0.25
2017-01-24,1,5.96,6.0,6.01,5.93,470244,434787728.0,1.34,0.84,0.05,0.28
2017-01-25,1,6.0,5.99,6.01,5.98,304402,281976288.0,0.5,-0.17,-0.01,0.18
2017-01-26,1,6.0,6.06,6.07,5.99,420713,391844288.0,1.34,1.17,0.07,0.25
2017-02-03,1,6.07,5.99,6.09,5.96,315472,292617936.0,2.15,-1.16,-0.07,0.19
2017-02-06,1,5.99,6.04,6.05,5.99,516786,480441328.0,1.0,0.83,0.05,0.31
2017-02-07,1,6.04,6.03,6.05,6.0,396885,368755280.0,0.83,-0.17,-0.01,0.23
2017-02-08,1,6.02,6.03,6.03,5.97,360272,333975408.0,1.0,0.0,0.0,0.21
2017-02-09,1,6.03,6.04,6.06,6.01,342855,319201024.0,0.83,0.17,0.01,0.2
2017-02-10,1,6.05,6.06,6.09,6.04,482743,450701344.0,0.83,0.33,0.02,0.29
2017-02-13,1,6.07,6.14,6.17,6.06,638365,599951024.0,1.82,1.32,0.08,0.38
2017-02-14,1,6.14,6.13,6.15,6.1,362405,340318432.0,0.81,-0.16,-0.01,0.21
2017-02-15,1,6.13,6.18,6.27,6.12,756613,716759648.0,2.45,0.82,0.05,0.45
2017-02-16,1,6.18,6.19,6.23,6.15,411161,388636224.0,1.29,0.16,0.01,0.24
2017-02-17,1,6.19,6.12,6.22,6.1,423775,400161792.0,1.94,-1.13,-0.07,0.25
2017-02-20,1,6.13,6.29,6.31,6.13,898755,855710800.0,2.94,2.78,0.17,0.53
2017-02-21,1,6.28,6.3,6.35,6.27,646584,618761072.0,1.27,0.16,0.01,0.38
2017-02-22,1,6.3,6.3,6.3,6.23,462966,441528336.0,1.11,0.0,0.0,0.27
2017-02-23,1,6.28,6.24,6.3,6.21,335328,319293840.0,1.43,-0.95,-0.06,0.2
2017-02-24,1,6.23,6.23,6.27,6.21,332500,316020784.0,0.96,-0.16,-0.01,0.2
2017-02-27,1,6.23,6.16,6.23,6.15,407341,384781008.0,1.28,-1.12,-0.07,0.24
2017-02-28,1,6.16,6.21,6.24,6.15,369720,350366896.0,1.46,0.81,0.05,0.22
2017-03-01,1,6.22,6.22,6.28,6.2,346994,330157968.0,1.29,0.16,0.01,0.21
2017-03-02,1,6.24,6.16,6.27,6.15,403629,382395888.0,1.93,-0.96,-0.06,0.24
2017-03-03,1,6.14,6.13,6.16,6.09,342655,321952544.0,1.14,-0.49,-0.03,0.2
2017-03-06,1,6.13,6.18,6.19,6.12,404511,381212304.0,1.14,0.82,0.05,0.24
2017-03-07,1,6.17,6.18,6.19,6.13,294673,277747408.0,0.97,0.0,0.0,0.17
2017-03-08,1,6.16,6.15,6.18,6.13,244438,230425150.0,0.81,-0.49,-0.03,0.14
2017-03-09,1,6.14,6.11,6.16,6.09,378170,354813680.0,1.14,-0.65,-0.04,0.22
2017-03-10,1,6.11,6.13,6.14,6.09,390182,366140048.0,0.82,0.33,0.02,0.23
2017-03-13,1,6.12,6.17,6.18,6.1,545304,513148480.0,1.31,0.65,0.04,0.32
2017-03-14,1,6.16,6.17,6.19,6.14,404484,381594064.0,0.81,0.0,0.0,0.24
2017-03-15,1,6.15,6.21,6.21,6.15,546561,515943744.0,0.97,0.65,0.04,0.32
2017-03-16,1,6.21,6.25,6.26,6.18,635954,603450064.0,1.29,0.64,0.04,0.38
2017-03-17,1,6.18,6.04,6.19,6.03,1583647,1482736992.0,2.56,-3.36,-0.21,0.94
2017-03-20,1,6.02,5.98,6.04,5.95,715022,661887008.0,1.49,-0.99,-0.06,0.42
2017-03-21,1,5.98,5.97,5.99,5.93,554649,511914336.0,1.0,-0.17,-0.01,0.33
2017-03-22,1,5.93,5.89,5.95,5.87,566124,519331024.0,1.34,-1.34,-0.08,0.33
2017-03-23,1,5.89,5.93,5.97,5.88,433588,398986560.0,1.53,0.68,0.04,0.26
2017-03-24,1,5.93,5.92,5.97,5.89,710828,653533824.0,1.35,-0.17,-0.01,0.42
2017-03-27,1,5.85,5.87,5.92,5.81,985012,900094464.0,1.86,-0.84,-0.05,0.58
2017-03-28,1,5.89,5.85,5.9,5.83,481373,439405824.0,1.19,-0.34,-0.02,0.28
2017-03-29,1,5.86,5.84,5.88,5.82,601141,548060688.0,1.03,-0.17,-0.01,0.36
2017-03-30,1,5.85,5.81,5.85,5.79,687286,623995520.0,1.03,-0.51,-0.03,0.41
2017-03-31,1,5.81,5.9,5.91,5.81,633121,578579040.0,1.72,1.55,0.09,0.37
2017-04-05,1,5.89,5.94,5.95,5.88,499150,458567840.0,1.19,0.68,0.04,0.3
2017-04-06,1,5.93,5.93,5.95,5.9,434391,399118976.0,0.84,-0.17,-0.01,0.26
2017-04-07,1,5.92,5.93,5.95,5.9,514845,473366400.0,0.84,0.0,0.0,0.3
2017-04-10,1,5.93,5.91,5.94,5.9,401344,368682032.0,0.67,-0.34,-0.02,0.24
2017-04-11,1,5.9,5.88,5.92,5.82,612438,560304080.0,1.69,-0.51,-0.03,0.36
2017-04-12,1,5.89,5.85,5.9,5.83,455337,416101248.0,1.19,-0.51,-0.03,0.27
2017-04-13,1,5.84,5.85,5.87,5.83,357443,325949856.0,0.68,0.0,0.0,0.21
2017-04-14,1,5.84,5.81,5.85,5.79,490501,445637456.0,1.03,-0.68,-0.04,0.29
2017-04-17,1,5.81,5.83,5.84,5.78,531892,483130496.0,1.03,0.34,0.02,0.31
2017-04-18,1,5.82,5.78,5.83,5.78,335377,304162864.0,0.86,-0.86,-0.05,0.2
2017-04-19,1,5.76,5.64,5.77,5.63,799669,714963680.0,2.42,-2.42,-0.14,0.47
2017-04-20,1,5.63,5.65,5.67,5.62,437630,390063536.0,0.89,0.18,0.01,0.26
2017-04-21,1,5.65,5.7,5.72,5.63,325408,291126080.0,1.59,0.88,0.05,0.19
2017-04-24,1,5.7,5.66,5.71,5.62,394995,352926400.0,1.58,-0.7,-0.04,0.23
2017-04-25,1,5.66,5.73,5.74,5.66,377933,339230144.0,1.41,1.24,0.07,0.22
2017-04-26,1,5.73,5.72,5.74,5.69,382147,343316096.0,0.87,-0.17,-0.01,0.23
2017-04-27,1,5.7,5.7,5.71,5.64,387393,346186992.0,1.22,-0.35,-0.02,0.23
2017-04-28,1,5.69,5.72,5.72,5.65,286446,256106698.0,1.23,0.35,0.02,0.17
2017-05-02,1,5.69,5.67,5.69,5.63,311026,277665888.0,1.05,-0.87,-0.05,0.18
2017-05-03,1,5.65,5.64,5.66,5.62,280311,249660877.0,0.71,-0.53,-0.03,0.17
2017-05-04,1,5.62,5.47,5.62,5.45,696517,613783440.0,3.01,-3.01,-0.17,0.41
2017-05-05,1,5.47,5.36,5.49,5.31,623701,539541744.0,3.29,-2.01,-0.11,0.37
2017-05-08,1,5.33,5.3,5.35,5.27,460090,394424112.0,1.49,-1.12,-0.06,0.27
2017-05-09,1,5.29,5.37,5.37,5.28,324194,279119680.0,1.7,1.32,0.07,0.19
2017-05-10,1,5.36,5.4,5.53,5.35,573078,498675312.0,3.35,0.56,0.03,0.34
2017-05-11,1,5.38,5.43,5.45,5.33,503644,436444288.0,2.22,0.56,0.03,0.3
2017-05-12,1,5.41,5.63,5.63,5.37,917968,809131904.0,4.79,3.68,0.2,0.54
2017-05-15,1,5.62,5.59,5.68,5.54,536578,476417664.0,2.49,-0.71,-0.04,0.32
2017-05-16,1,5.57,5.57,5.58,5.46,524872,461069296.0,2.15,-0.36,-0.02,0.31
2017-05-17,1,5.54,5.5,5.54,5.48,417338,365987536.0,1.08,-1.26,-0.07,0.25
2017-05-18,1,5.45,5.46,5.5,5.44,227401,198765579.0,1.09,-0.73,-0.04,0.13
2017-05-19,1,5.47,5.42,5.49,5.41,294271,256396867.0,1.47,-0.73,-0.04,0.17
2017-05-22,1,5.41,5.41,5.46,5.34,679120,588546720.0,2.21,-0.18,-0.01,0.4
2017-05-23,1,5.4,5.52,5.57,5.37,800040,702123776.0,3.7,2.03,0.11,0.47
2017-05-24,1,5.51,5.54,5.56,5.41,532377,466560640.0,2.72,0.36,0.02,0.31
2017-05-25,1,5.52,5.83,5.87,5.51,1621544,1462763024.0,6.5,5.23,0.29,0.96
2017-05-26,1,5.81,5.83,5.86,5.77,895366,813387168.0,1.54,0.0,0.0,0.53
2017-05-31,1,5.83,5.93,5.96,5.79,1033211,948741888.0,2.92,1.72,0.1,0.61
2017-06-01,1,5.93,5.92,5.96,5.85,566183,519544672.0,1.85,-0.17,-0.01,0.33
2017-06-02,1,5.91,5.9,6.02,5.87,770757,710119504.0,2.53,-0.34,-0.02,0.46
2017-06-05,1,5.86,5.76,5.9,5.72,634133,573460400.0,3.05,-2.37,-0.14,0.37
2017-06-06,1,5.74,5.77,5.79,5.72,355342,320520912.0,1.22,0.17,0.01,0.21
2017-06-07,1,5.75,5.86,5.88,5.74,645723,587357664.0,2.43,1.56,0.09,0.38
2017-06-08,1,5.84,5.86,5.88,5.81,383004,348860768.0,1.19,0.0,0.0,0.23
2017-06-09,1,5.88,5.88,5.95,5.85,685468,628281696.0,1.71,0.34,0.02,0.41
2017-06-12,1,5.88,5.84,5.92,5.83,504578,461493696.0,1.53,-0.68,-0.04,0.3
2017-06-13,1,5.84,5.85,5.87,5.78,448435,407876688.0,1.54,0.17,0.01,0.27
2017-06-14,1,5.85,5.81,5.86,5.77,375444,340596128.0,1.54,-0.68,-0.04,0.22
2017-06-15,1,5.81,5.77,5.81,5.76,337798,305610496.0,0.86,-0.69,-0.04,0.2
2017-06-16,1,5.77,5.75,5.81,5.74,285991,258559005.0,1.21,-0.35,-0.02,0.17
2017-06-19,1,5.76,5.86,5.88,5.75,489705,446000768.0,2.26,1.91,0.11,0.29
2017-06-20,1,5.85,5.85,5.89,5.82,313616,286053888.0,1.19,-0.17,-0.01,0.19
2017-06-21,1,5.9,5.88,5.91,5.84,496932,454488896.0,1.2,0.51,0.03,0.29
2017-06-22,1,5.88,5.98,6.13,5.87,1426958,1325210560.0,4.42,1.7,0.1,0.84
2017-06-23,1,5.96,5.98,6.0,5.89,584004,538303568.0,1.84,0.0,0.0,0.35
2017-06-26,1,5.99,6.03,6.13,5.99,710770,663762848.0,2.34,0.84,0.05,0.42
2017-06-27,1,6.03,6.09,6.12,6.0,546016,509162016.0,1.99,1.0,0.06,0.32
2017-06-28,1,6.08,6.16,6.22,6.06,1168796,1102438096.0,2.63,1.15,0.07,0.69
2017-06-29,1,6.16,6.16,6.18,6.1,488805,459810416.0,1.3,0.0,0.0,0.29
2017-06-30,1,6.13,6.12,6.16,6.04,499633,468003520.0,1.95,-0.65,-0.04,0.3
2017-07-03,1,6.13,6.13,6.16,6.07,388349,364465840.0,1.47,0.16,0.01,0.23
2017-07-04,1,6.13,6.07,6.14,6.03,488363,456577024.0,1.79,-0.98,-0.06,0.29
2017-07-05,1,6.02,6.1,6.11,6.0,567720,529294112.0,1.81,0.49,0.03,0.34
2017-07-06,1,6.09,6.13,6.14,6.04,738912,691387184.0,1.64,0.49,0.03,0.44
2017-07-07,1,6.1,6.2,6.21,6.07,760370,717084352.0,2.28,1.14,0.07,0.45
2017-07-10,1,6.18,6.32,6.39,6.17,1360816,1303090000.0,3.55,1.94,0.12,0.8
2017-07-11,1,6.34,6.98,7.19,6.34,3812087,3842010176.0,13.45,10.44,0.66,2.25
2017-07-12,1,7.0,7.07,7.31,6.93,2998844,3113681344.0,5.44,1.29,0.09,1.77
2017-07-13,1,7.03,7.63,7.63,6.97,2994534,3180144560.0,9.34,7.92,0.56,1.77
2017-07-14,1,7.54,7.63,7.67,7.39,1722570,1864449200.0,3.67,0.0,0.0,1.02
2017-07-17,1,7.68,7.54,8.06,7.45,3273123,3608692272.0,7.99,-1.18,-0.09,1.93
2017-07-18,1,7.48,7.78,7.87,7.35,2349432,2558433984.0,6.9,3.18,0.24,1.39
2017-07-19,1,7.72,7.82,7.92,7.61,1933076,2131336288.0,3.98,0.51,0.04,1.14
2017-07-20,1,7.81,7.7,7.95,7.64,1537339,1695060976.0,3.96,-1.53,-0.12,0.91
2017-07-21,1,7.72,7.78,7.84,7.58,1501020,1625416432.0,3.38,1.04,0.08,0.89
2017-07-24,1,7.71,7.84,7.95,7.62,1692664,1846886672.0,4.24,0.77,0.06,1.0
2017-07-25,1,7.87,7.89,8.16,7.84,1954768,2172114592.0,4.08,0.64,0.05,1.16
2017-07-26,1,7.81,7.63,8.07,7.55,1697412,1846282144.0,6.59,-3.3,-0.26,1.0
2017-07-27,1,7.61,7.48,7.66,7.42,1194490,1273888880.0,3.15,-1.97,-0.15,0.71
2017-07-28,1,7.5,7.63,7.7,7.47,819195,877769280.0,3.07,2.01,0.15,0.48
2017-07-31,1,7.69,7.56,7.71,7.34,1575864,1671814032.0,4.85,-0.92,-0.07,0.93
2017-08-01,1,7.53,7.93,7.97,7.49,2035710,2222887936.0,6.35,4.89,0.37,1.2
2017-08-02,1,7.94,8.04,8.23,7.85,2062069,2307726688.0,4.79,1.39,0.11,1.22
2017-08-03,1,8.03,7.9,8.11,7.86,984219,1090954128.0,3.11,-1.74,-0.14,0.58
2017-08-04,1,7.89,8.06,8.18,7.82,1353952,1511389824.0,4.56,2.03,0.16,0.8
2017-08-07,1,7.95,7.89,8.06,7.79,860644,946975696.0,3.35,-2.11,-0.17,0.51
2017-08-08,1,7.89,7.94,8.0,7.8,689567,758872032.0,2.53,0.63,0.05,0.41
2017-08-09,1,7.85,7.62,7.91,7.57,1042322,1126512112.0,4.28,-4.03,-0.32,0.62
2017-08-10,1,7.59,7.51,7.71,7.43,959880,1026676000.0,3.67,-1.44,-0.11,0.57
2017-08-11,1,7.37,6.91,7.43,6.88,2440643,2501779376.0,7.32,-7.99,-0.6,1.44
2017-08-14,1,7.02,7.11,7.14,6.93,1157665,1175479136.0,3.04,2.89,0.2,0.68
2017-08-15,1,7.13,7.2,7.4,7.1,1075162,1116750000.0,4.22,1.27,0.09,0.64
2017-08-16,1,7.18,7.23,7.26,7.04,756806,778517616.0,3.06,0.42,0.03,0.45
2017-08-17,1,7.24,7.31,7.31,7.18,553642,573093952.0,1.8,1.11,0.08,0.33
2017-08-18,1,7.25,7.33,7.49,7.18,616520,643188720.0,4.24,0.27,0.02,0.36
2017-08-21,1,7.32,7.35,7.41,7.28,399155,417653104.0,1.77,0.27,0.02,0.24
2017-08-22,1,7.37,7.54,7.55,7.26,875682,922881872.0,3.95,2.59,0.19,0.52
2017-08-23,1,7.52,7.79,7.87,7.48,1319152,1430051904.0,5.17,3.32,0.25,0.78
2017-08-24,1,7.78,7.82,8.0,7.73,924249,1014933648.0,3.47,0.39,0.03,0.55
2017-08-25,1,7.83,8.0,8.06,7.79,963940,1068994544.0,3.45,2.3,0.18,0.57
2017-08-28,1,7.99,8.24,8.43,7.99,1603938,1828380080.0,5.5,3.0,0.24,0.95
2017-08-29,1,8.19,8.56,8.63,8.17,1357984,1569230032.0,5.58,3.88,0.32,0.8
2017-08-30,1,8.57,8.32,8.59,8.24,1096675,1264128144.0,4.09,-2.8,-0.24,0.65
2017-08-31,1,8.28,8.17,8.33,8.04,1151786,1297730592.0,3.49,-1.8,-0.15,0.68
2017-09-01,1,8.17,8.1,8.28,8.04,959977,1080996320.0,2.94,-0.86,-0.07,0.57
2017-09-04,1,8.07,8.61,8.61,8.06,1352326,1551875040.0,6.79,6.3,0.51,0.8
2017-09-05,1,8.57,8.53,8.83,8.49,1287519,1513759536.0,3.95,-0.93,-0.08,0.76
2017-09-06,1,8.48,8.59,8.77,8.37,791622,925519040.0,4.69,0.7,0.06,0.47
2017-09-07,1,8.54,8.33,8.64,8.28,614187,711036416.0,4.19,-3.03,-0.26,0.36
2017-09-08,1,8.35,8.38,8.53,8.27,481276,553644528.0,3.12,0.6,0.05,0.28
2017-09-11,1,8.43,8.27,8.58,8.19,699473,801825008.0,4.65,-1.31,-0.11,0.41
2017-09-12,1,8.27,8.43,8.43,8.16,846183,962032176.0,3.26,1.93,0.16,0.5
2017-09-13,1,8.38,8.32,8.43,8.23,668237,765028192.0,2.37,-1.3,-0.11,0.39
2017-09-14,1,8.32,8.21,8.48,8.13,883088,1005775584.0,4.21,-1.32,-0.11,0.52
2017-09-15,1,8.18,8.18,8.21,8.04,646095,726061104.0,2.07,-0.37,-0.03,0.38
2017-09-18,1,8.14,8.14,8.21,8.09,607613,684223024.0,1.47,-0.49,-0.04,0.36
2017-09-19,1,8.14,8.02,8.23,7.97,764213,853816000.0,3.19,-1.47,-0.12,0.45
2017-09-20,1,8.03,8.18,8.26,7.94,787155,884640960.0,3.99,2.0,0.16,0.47
2017-09-21,1,8.15,8.35,8.4,8.09,692408,788605296.0,3.79,2.08,0.17,0.41
2017-09-22,1,8.32,8.33,8.41,8.2,593928,677622496.0,2.51,-0.24,-0.02,0.35
2017-09-25,1,8.33,8.18,8.34,8.07,532391,602270304.0,3.24,-1.8,-0.15,0.31
2017-09-26,1,8.15,7.94,8.19,7.85,967461,1074228192.0,4.16,-2.93,-0.24,0.57
2017-09-27,1,7.9,7.82,7.97,7.79,727188,798377280.0,2.27,-1.51,-0.12,0.43
2017-09-28,1,7.87,7.77,7.87,7.71,517220,563485120.0,2.05,-0.64,-0.05,0.31
2017-09-29,1,7.81,8.0,8.05,7.75,682280,753852528.0,3.86,2.96,0.23,0.4
2017-10-09,1,8.46,8.19,8.53,8.15,1325227,1520609504.0,4.75,2.38,0.19,0.78
2017-10-10,1,8.22,8.36,8.39,8.22,747925,853665856.0,2.08,2.08,0.17,0.44
2017-10-11,1,8.37,8.42,8.47,8.23,658078,756203408.0,2.87,0.72,0.06,0.39
2017-10-12,1,8.43,8.44,8.47,8.36,578065,667148384.0,1.31,0.24,0.02,0.34
2017-10-13,1,8.45,8.25,8.45,8.14,737376,839662736.0,3.67,-2.25,-0.19,0.44
2017-10-16,1,8.25,8.48,8.49,8.18,1036251,1190724208.0,3.76,2.79,0.23,0.61
2017-10-17,1,8.51,8.4,8.54,8.37,506372,585334000.0,2.0,-0.94,-0.08,0.3
2017-10-18,1,8.42,8.58,8.59,8.4,871365,1011050928.0,2.26,2.14,0.18,0.52
2017-10-19,1,8.53,8.52,8.61,8.46,722765,841546800.0,1.75,-0.7,-0.06,0.43
2017-10-20,1,8.48,8.37,8.48,8.3,461808,529747056.0,2.11,-1.76,-0.15,0.27
2017-10-23,1,8.28,8.08,8.29,8.04,1074465,1206888288.0,2.99,-3.46,-0.29,0.64
2017-10-24,1,8.09,8.28,8.31,8.07,618872,700896864.0,2.97,2.48,0.2,0.37
2017-10-25,1,8.25,8.16,8.26,8.14,418574,472708176.0,1.45,-1.45,-0.12,0.25
2017-10-26,1,8.14,8.07,8.21,8.01,928996,1041707024.0,2.45,-1.1,-0.09,0.55
2017-10-27,1,8.08,8.45,8.45,8.07,1360086,1548543728.0,4.71,4.71,0.38,0.8
2017-10-30,1,8.44,8.45,8.62,8.34,1278247,1484495472.0,3.31,0.0,0.0,0.76
2017-10-31,1,8.44,8.43,8.47,8.28,627491,721237472.0,2.25,-0.24,-0.02,0.37
2017-11-01,1,8.45,8.29,8.48,8.21,692618,792881040.0,3.2,-1.66,-0.14,0.41
2017-11-02,1,8.25,8.43,8.47,8.15,604308,689229872.0,3.86,1.69,0.14,0.36
2017-11-03,1,8.38,8.28,8.57,8.24,743343,852032112.0,3.91,-1.78,-0.15,0.44
2017-11-06,1,8.31,8.17,8.31,7.98,1029903,1157303984.0,3.99,-1.33,-0.11,0.61
2017-11-07,1,8.16,8.81,8.98,8.14,2477163,2914269168.0,10.28,7.83,0.64,1.46
2017-11-08,1,8.89,9.02,9.48,8.82,4262826,5199224320.0,7.49,2.38,0.21,2.52
2017-11-09,1,9.09,9.22,9.46,9.04,2295289,2839861728.0,4.66,2.22,0.2,1.36
2017-11-10,1,9.26,9.19,9.44,9.04,1757552,2167126592.0,4.34,-0.33,-0.03,1.04
2017-11-13,1,9.24,9.79,9.99,9.24,2566906,3307955296.0,8.16,6.53,0.6,1.52
2017-11-14,1,9.84,9.84,10.15,9.7,1780302,2318092528.0,4.6,0.51,0.05,1.05
2017-11-15,1,9.79,9.79,10.02,9.66,1263052,1627912720.0,3.66,-0.51,-0.05,0.75
2017-11-16,1,9.79,9.99,10.01,9.56,1200815,1550701792.0,4.6,2.04,0.2,0.71
2017-11-17,1,10.06,10.07,10.35,9.92,2064150,2731215936.0,4.3,0.8,0.08,1.22
2017-11-20,1,10.02,11.14,11.14,9.94,2843926,3860145472.0,11.92,10.63,1.07,1.68
2017-11-21,1,10.96,11.34,11.68,10.9,2495328,3609849024.0,7.0,1.8,0.2,1.47
2017-11-22,1,11.37,11.99,12.13,11.37,2570231,3839501152.0,6.7,5.73,0.65,1.52
2017-11-23,1,12.04,11.24,12.13,10.96,2429142,3562843392.0,9.76,-6.26,-0.75,1.44
2017-11-24,1,11.18,11.45,11.48,10.67,2630190,3732597280.0,7.21,1.87,0.21,1.55
2017-11-27,1,11.19,10.82,11.19,10.64,2064085,2878491904.0,4.8,-5.5,-0.63,1.22
2017-11-28,1,10.74,10.59,10.74,10.29,1766433,2396540128.0,4.16,-2.13,-0.23,1.04
2017-11-29,1,10.62,10.71,10.82,10.36,1564095,2148312656.0,4.34,1.13,0.12,0.92
2017-11-30,1,10.59,10.27,10.62,10.15,1379636,1866700880.0,4.39,-4.11,-0.44,0.82
2017-12-01,1,10.29,9.89,10.37,9.85,1784933,2354299664.0,5.06,-3.7,-0.38,1.06
2017-12-04,1,9.94,10.19,10.26,9.89,1454023,1923315712.0,3.74,3.03,0.3,0.86
2017-12-05,1,10.04,10.19,10.38,9.99,1723681,2301867648.0,3.83,0.0,0.0,1.02
2017-12-06,1,10.15,9.97,10.16,9.68,1619845,2104168544.0,4.71,-2.16,-0.22,0.96
2017-12-07,1,9.94,9.72,10.03,9.64,1181958,1526953344.0,3.91,-2.51,-0.25,0.7
2017-12-08,1,9.78,9.98,9.98,9.64,1351315,1751423120.0,3.5,2.67,0.26,0.8
2017-12-11,1,9.97,10.39,10.46,9.77,2261953,2980735568.0,6.91,4.11,0.41,1.34
2017-12-12,1,10.29,9.91,10.37,9.91,1743406,2302354896.0,4.43,-4.62,-0.48,1.03
2017-12-13,1,9.89,10.02,10.09,9.77,1289248,1679022032.0,3.23,1.11,0.11,0.76
2017-12-14,1,10.04,9.89,10.2,9.8,1001998,1311131920.0,3.99,-1.3,-0.13,0.59
2017-12-15,1,9.79,9.61,9.82,9.56,1099953,1405372000.0,2.63,-2.83,-0.28,0.65
2017-12-18,1,9.62,9.64,9.8,9.53,805465,1029422752.0,2.81,0.31,0.03,0.48
2017-12-19,1,9.68,10.17,10.21,9.63,2397943,3138687568.0,6.02,5.5,0.53,1.42
2017-12-20,1,10.09,10.15,10.2,10.02,1106245,1463802112.0,1.77,-0.2,-0.02,0.65
2017-12-21,1,10.07,10.43,10.57,10.05,1485203,2005617680.0,5.12,2.76,0.28,0.88
2017-12-22,1,10.39,10.41,10.52,10.34,742901,1004525776.0,1.73,-0.19,-0.02,0.44
2017-12-25,1,10.41,10.14,10.75,10.05,1585567,2145040656.0,6.72,-2.59,-0.27,0.94
2017-12-26,1,10.15,10.55,10.58,10.08,1123688,1510826272.0,4.93,4.04,0.41,0.66
2017-12-27,1,10.47,10.18,10.67,10.08,1366567,1848165008.0,5.59,-3.51,-0.37,0.81
2017-12-28,1,10.17,10.1,10.35,9.91,1553030,2052944544.0,4.32,-0.79,-0.08,0.92
2017-12-29,1,10.1,10.19,10.32,9.99,982916,1303222048.0,3.27,0.89,0.09,0.58
2018-01-02,1,10.24,10.59,10.82,10.21,2081593,2856543824.0,5.99,3.93,0.4,1.23
2018-01-03,1,10.62,10.22,10.75,10.09,2962498,4006220768.0,6.23,-3.49,-0.37,1.75
2018-01-04,1,10.21,10.14,10.26,10.02,1854509,2454543520.0,2.35,-0.78,-0.08,1.1
2018-01-05,1,10.1,10.19,10.24,10.04,1210313,1603289520.0,1.97,0.49,0.05,0.72
2018-01-08,1,10.14,9.85,10.18,9.75,2158621,2806099168.0,4.22,-3.34,-0.34,1.28
2018-01-09,1,9.85,9.97,10.09,9.81,1344345,1754315792.0,2.84,1.22,0.12,0.79
2018-01-10,1,9.93,10.36,10.38,9.81,2403277,3196055824.0,5.72,3.91,0.39,1.42
2018-01-11,1,10.3,10.29,10.48,10.16,1443878,1937494288.0,3.09,-0.68,-0.07,0.85
2018-01-12,1,10.34,10.44,10.57,10.3,1353991,1833435680.0,2.62,1.46,0.15,0.8
2018-01-15,1,10.4,11.09,11.22,10.39,3122395,4376707072.0,7.95,6.23,0.65,1.85
2018-01-16,1,11.06,11.09,11.27,10.91,2444549,3479177088.0,3.25,0.0,0.0,1.44
2018-01-17,1,11.22,11.12,11.69,11.09,2656294,3849312880.0,5.41,0.27,0.03,1.57
2018-01-18,1,11.29,11.61,11.61,11.17,2148027,3120455744.0,3.96,4.41,0.49,1.27
2018-01-19,1,11.69,11.69,12.02,11.57,2571147,3832857440.0,3.88,0.69,0.08,1.52
2018-01-22,1,11.49,11.33,11.83,11.32,2073867,3032799072.0,4.36,-3.08,-0.36,1.23
2018-01-23,1,11.25,11.54,11.79,11.22,2388792,3492462000.0,5.03,1.85,0.21,1.41
2018-01-24,1,11.55,11.53,11.97,11.39,2591292,3838734928.0,5.03,-0.09,-0.01,1.53
2018-01-25,1,11.34,11.09,11.36,10.89,2369985,3360822352.0,4.08,-3.82,-0.44,1.4
2018-01-26,1,11.07,10.94,11.23,10.91,2032989,2885104624.0,2.89,-1.35,-0.15,1.2
2018-01-29,1,10.94,10.63,11.14,10.49,2090547,2911452096.0,5.94,-2.83,-0.31,1.24
2018-01-30,1,10.59,10.54,10.73,10.44,1094740,1497708880.0,2.73,-0.85,-0.09,0.65
2018-01-31,1,10.49,10.94,10.94,10.42,1747729,2423104768.0,4.93,3.8,0.4,1.03
2018-02-01,1,10.84,10.92,11.19,10.73,2005615,2821583616.0,4.2,-0.18,-0.02,1.19
2018-02-02,1,10.8,10.94,10.99,10.52,1176513,1637619616.0,4.3,0.18,0.02,0.7
2018-02-05,1,10.69,11.44,11.46,10.62,2331998,3326355312.0,7.68,4.57,0.5,1.38
2018-02-06,1,11.12,10.89,11.22,10.82,2582872,3641294704.0,3.5,-4.81,-0.55,1.53
2018-02-07,1,11.11,9.81,11.19,9.65,3345717,4521586688.0,14.14,-9.92,-1.08,1.98
2018-02-08,1,9.72,9.43,9.81,9.42,2137815,2711464880.0,3.98,-3.87,-0.38,1.26
2018-02-09,1,8.97,8.58,8.97,8.27,2824950,3308553504.0,7.42,-9.01,-0.85,1.67
2018-02-12,1,8.67,8.61,8.73,8.45,1228782,1439644320.0,3.26,0.35,0.03,0.73
2018-02-13,1,8.76,8.83,9.1,8.73,1298179,1562420000.0,4.3,2.56,0.22,0.77
2018-02-14,1,8.85,8.89,8.92,8.65,864190,1030474416.0,3.06,0.68,0.06,0.51
2018-02-22,1,9.14,9.35,9.42,9.14,1268406,1573562576.0,3.15,5.17,0.46,0.75
2018-02-23,1,9.47,9.5,9.68,9.34,1013663,1278185728.0,3.64,1.6,0.15,0.6
2018-02-26,1,9.66,9.52,9.74,9.34,1045759,1318960464.0,4.21,0.21,0.02,0.62
2018-02-27,1,9.53,9.17,9.59,9.08,1285869,1590018496.0,5.36,-3.68,-0.35,0.76
2018-02-28,1,8.99,8.94,9.08,8.82,1214146,1463313696.0,2.84,-2.51,-0.23,0.72
2018-03-01,1,8.81,8.93,9.04,8.79,886957,1069354496.0,2.8,-0.11,-0.01,0.52
2018-03-02,1,8.81,8.84,8.93,8.74,663124,791736480.0,2.13,-1.01,-0.09,0.39
2018-03-05,1,8.82,8.75,8.97,8.69,754183,897244272.0,3.17,-1.02,-0.09,0.45
2018-03-06,1,8.84,8.99,9.0,8.66,1150162,1373438384.0,3.89,2.74,0.24,0.68
2018-03-07,1,9.04,8.94,9.23,8.93,1427570,1744085264.0,3.34,-0.56,-0.05,0.84
2018-03-08,1,8.94,9.0,9.04,8.84,689755,832153696.0,2.24,0.67,0.06,0.41
2018-03-09,1,9.04,8.98,9.09,8.87,943877,1139043568.0,2.44,-0.22,-0.02,0.56
2018-03-12,1,9.04,8.92,9.06,8.84,1268701,1526643472.0,2.45,-0.67,-0.06,0.75
2018-03-13,1,8.93,8.91,9.11,8.89,1082267,1309543472.0,2.47,-0.11,-0.01,0.64
2018-03-14,1,8.87,8.81,8.89,8.72,635594,757090752.0,1.91,-1.12,-0.1,0.38
2018-03-15,1,8.68,8.6,8.74,8.55,1155695,1356878640.0,2.16,-2.38,-0.21,0.68
2018-03-16,1,8.61,8.53,8.74,8.53,962983,1130784176.0,2.44,-0.81,-0.07,0.57
2018-03-19,1,8.55,8.72,8.73,8.5,808539,947664752.0,2.7,2.23,0.19,0.48
2018-03-20,1,8.63,8.71,8.77,8.61,776150,916858480.0,1.83,-0.11,-0.01,0.46
2018-03-21,1,8.84,8.79,9.01,8.74,1445110,1736437408.0,3.1,0.92,0.08,0.85
2018-03-22,1,8.79,8.55,8.86,8.51,984278,1155741056.0,3.98,-2.73,-0.24,0.58
2018-03-23,1,8.14,8.23,8.24,7.81,1825691,2037734400.0,5.03,-3.74,-0.32,1.08
2018-03-26,1,8.04,7.82,8.09,7.75,1383599,1519435008.0,4.13,-4.98,-0.41,0.82
2018-03-27,1,7.99,7.83,8.06,7.75,1103934,1213989936.0,3.96,0.13,0.01,0.65
2018-03-28,1,7.74,7.78,8.03,7.68,1099023,1201023440.0,4.47,-0.64,-0.05,0.65
2018-03-29,1,7.81,7.94,8.06,7.44,1330602,1445281824.0,7.97,2.06,0.16,0.79
2018-03-30,1,7.93,7.79,7.94,7.77,752174,823438176.0,2.14,-1.89,-0.15,0.44
2018-04-02,1,7.76,7.6,7.88,7.59,1109316,1200911984.0,3.72,-2.44,-0.19,0.66
2018-04-03,1,7.49,7.45,7.56,7.4,890746,942237808.0,2.11,-1.97,-0.15,0.53
2018-04-04,1,7.57,7.76,7.9,7.49,1602489,1737258896.0,5.5,4.16,0.31,0.95
2018-04-09,1,7.69,7.91,7.99,7.62,1074796,1180084368.0,4.77,1.93,0.15,0.64
2018-04-10,1,7.91,8.31,8.35,7.86,1390951,1562265088.0,6.19,5.06,0.4,0.82
2018-04-11,1,8.28,8.72,8.81,8.27,2095970,2458982160.0,6.5,4.93,0.41,1.24
2018-04-12,1,8.69,8.41,8.72,8.31,1173128,1364675856.0,4.7,-3.56,-0.31,0.69
2018-04-13,1,8.53,8.46,8.68,8.34,1300256,1516155520.0,4.04,0.59,0.05,0.77
2018-04-16,1,8.36,7.99,8.36,7.92,1427073,1593706080.0,5.2,-5.56,-0.47,0.84
2018-04-17,1,8.01,8.1,8.34,8.0,1301892,1468159344.0,4.26,1.38,0.11,0.77
2018-04-18,1,8.34,8.39,8.5,8.17,1475845,1692722928.0,4.07,3.58,0.29,0.87
2018-04-19,1,8.41,8.36,8.58,8.31,849132,979593568.0,3.22,-0.36,-0.03,0.5
2018-04-20,1,8.4,8.24,8.47,8.09,958691,1090801312.0,4.55,-1.44,-0.12,0.57
2018-04-23,1,8.19,8.46,8.5,8.15,1070289,1228544000.0,4.25,2.67,0.22,0.63
2018-04-24,1,8.52,8.75,8.83,8.47,1461099,1725152192.0,4.26,3.43,0.29,0.86
2018-04-25,1,8.65,8.57,8.7,8.52,730286,854713248.0,2.06,-2.06,-0.18,0.43
2018-04-26,1,8.55,8.31,8.58,8.2,874236,1002483152.0,4.43,-3.03,-0.26,0.52
2018-04-27,1,8.38,7.74,8.4,7.52,2709796,2958464272.0,10.59,-6.86,-0.57,1.6
2018-05-02,1,7.86,7.77,7.92,7.69,1190523,1295804416.0,2.97,0.39,0.03,0.7
2018-05-03,1,7.75,7.64,7.77,7.46,1281356,1372765840.0,3.99,-1.67,-0.13,0.76
2018-05-04,1,7.62,7.57,7.72,7.55,710510,761302464.0,2.23,-0.92,-0.07,0.42
2018-05-07,1,7.59,7.7,7.72,7.53,974310,1046743104.0,2.51,1.72,0.13,0.58
2018-05-08,1,7.72,7.9,8.04,7.69,1373306,1511546688.0,4.55,2.6,0.2,0.81
2018-05-09,1,7.87,7.86,7.92,7.77,627656,687036880.0,1.9,-0.51,-0.04,0.37
2018-05-10,1,7.92,7.9,7.98,7.8,552736,607350000.0,2.29,0.51,0.04,0.33
2018-05-11,1,7.93,7.9,8.02,7.85,772370,853271168.0,2.15,0.0,0.0,0.46
2018-05-14,1,7.98,8.07,8.12,7.92,1039297,1158064208.0,2.53,2.15,0.17,0.61
2018-05-15,1,8.07,8.01,8.08,7.91,669261,742590448.0,2.11,-0.74,-0.06,0.4
2018-05-16,1,7.96,7.79,7.96,7.78,714362,782694672.0,2.25,-2.75,-0.22,0.42
2018-05-17,1,7.8,7.71,7.83,7.67,586494,635675440.0,2.05,-1.03,-0.08,0.35
2018-05-18,1,7.7,7.85,7.86,7.65,578385,628250192.0,2.72,1.82,0.14,0.34
2018-05-21,1,7.96,7.84,8.0,7.82,763534,838750576.0,2.29,-0.13,-0.01,0.44
2018-05-22,1,7.84,7.75,7.87,7.68,589872,639815248.0,2.42,-1.15,-0.09,0.34
2018-05-23,1,7.71,7.54,7.71,7.51,991016,1058587808.0,2.58,-2.71,-0.21,0.58
2018-05-24,1,7.55,7.5,7.57,7.47,688152,730678768.0,1.33,-0.53,-0.04,0.4
2018-05-25,1,7.5,7.48,7.56,7.44,593336,629735456.0,1.6,-0.27,-0.02,0.35
2018-05-28,1,7.47,7.48,7.55,7.4,569401,602590752.0,2.01,0.0,0.0,0.33
2018-05-29,1,7.47,7.27,7.52,7.24,889495,930386960.0,3.74,-2.81,-0.21,0.52
2018-05-30,1,7.18,6.97,7.18,6.94,1124447,1139918752.0,3.3,-4.13,-0.3,0.65
2018-05-31,1,7.0,7.07,7.08,6.91,987360,999216336.0,2.44,1.43,0.1,0.58
2018-06-01,1,7.04,7.08,7.18,6.96,597211,608398864.0,3.11,0.14,0.01,0.35
2018-06-04,1,7.12,7.16,7.2,7.04,593038,608291984.0,2.26,1.13,0.08,0.35
2018-06-05,1,7.18,7.15,7.19,7.0,656541,670740304.0,2.65,-0.14,-0.01,0.38
2018-06-06,1,7.14,7.03,7.15,6.99,712743,724032800.0,2.24,-1.68,-0.12,0.42
2018-06-07,1,7.09,7.26,7.35,7.07,1262638,1306425472.0,3.98,3.27,0.23,0.74
2018-06-08,1,7.22,7.01,7.22,6.95,1099380,1114968864.0,3.72,-3.44,-0.25,0.64
2018-06-11,1,6.95,6.93,7.02,6.89,721375,724688000.0,1.85,-1.14,-0.08,0.42
2018-06-12,1,6.92,6.95,6.97,6.84,913301,914001696.0,1.88,0.29,0.02,0.53
2018-06-13,1,6.93,6.84,6.95,6.84,530584,530483760.0,1.58,-1.58,-0.11,0.31
2018-06-14,1,6.84,6.96,7.04,6.81,866392,872487568.0,3.36,1.75,0.12,0.5
2018-06-15,1,6.97,7.06,7.18,6.95,1248708,1273412992.0,3.3,1.44,0.1,0.73
2018-06-19,1,6.94,6.76,7.04,6.71,1565874,1565756560.0,4.67,-4.25,-0.3,0.91
2018-06-20,1,6.76,6.8,6.84,6.65,763637,752950704.0,2.81,0.59,0.04,0.44
2018-06-21,1,6.82,6.75,6.93,6.75,840071,836014832.0,2.65,-0.74,-0.05,0.49
2018-06-22,1,6.69,6.74,6.76,6.66,657819,645752912.0,1.48,-0.15,-0.01,0.38
2018-06-25,1,6.8,6.35,6.81,6.27,1195213,1154559088.0,8.01,-5.79,-0.39,0.7
2018-06-26,1,6.28,6.25,6.33,5.98,1124157,1042528544.0,5.51,-1.57,-0.1,0.65
2018-06-27,1,6.2,5.98,6.29,5.92,1045143,958871648.0,5.92,-4.32,-0.27,0.61
2018-06-28,1,5.84,5.81,5.97,5.76,1110764,996801232.0,3.51,-2.84,-0.17,0.65
2018-06-29,1,5.9,5.98,6.02,5.85,675300,611346096.0,2.93,2.93,0.17,0.39
2018-07-02,1,5.94,5.5,5.94,5.44,1315520,1158545872.0,8.36,-8.03,-0.48,0.77
2018-07-03,1,5.58,5.56,5.59,5.34,1274839,1096657040.0,4.55,1.09,0.06,0.74
2018-07-04,1,5.52,5.5,5.64,5.5,711153,617278560.0,2.52,-1.08,-0.06,0.41
2018-07-05,1,5.51,5.49,5.62,5.44,835769,722169584.0,3.27,-0.18,-0.01,0.49
2018-07-06,1,5.5,5.55,5.67,5.34,988283,852071520.0,6.01,1.09,0.06,0.58
2018-07-09,1,5.58,5.92,5.92,5.57,1409955,1255007616.0,6.31,6.67,0.37,0.82
2018-07-10,1,5.91,5.87,5.91,5.78,896862,803038960.0,2.2,-0.84,-0.05,0.52
2018-07-11,1,5.65,5.67,5.72,5.57,851297,744765824.0,2.56,-3.41,-0.2,0.5
2018-07-12,1,5.62,5.9,5.99,5.6,1140492,1008658832.0,6.88,4.06,0.23,0.66
2018-07-13,1,5.94,5.9,5.96,5.84,603378,535401168.0,2.03,0.0,0.0,0.35
2018-07-16,1,5.87,5.75,5.92,5.71,689846,603427712.0,3.56,-2.54,-0.15,0.4
2018-07-17,1,5.76,5.74,5.77,5.68,375356,326396992.0,1.57,-0.17,-0.01,0.22
2018-07-18,1,5.77,5.72,5.87,5.71,525153,460697376.0,2.79,-0.35,-0.02,0.31
2018-07-19,1,5.77,5.75,5.83,5.71,461372,403674304.0,2.1,0.52,0.03,0.27
2018-07-20,1,5.75,6.13,6.22,5.63,1754277,1576843936.0,10.26,6.61,0.38,1.02
2018-07-23,1,6.06,6.44,6.47,6.02,1781688,1646028016.0,7.34,5.06,0.31,1.04
2018-07-24,1,6.41,6.42,6.61,6.35,1425894,1348746832.0,4.04,-0.31,-0.02,0.83
2018-07-25,1,6.46,6.4,6.49,6.35,614123,575752176.0,2.18,-0.31,-0.02,0.36
2018-07-26,1,6.42,6.27,6.5,6.23,833358,778429760.0,4.22,-2.03,-0.13,0.49
2018-07-27,1,6.32,6.27,6.38,6.2,515126,477527424.0,2.87,0.0,0.0,0.3
2018-07-30,1,6.34,6.41,6.51,6.28,706386,661767552.0,3.67,2.23,0.14,0.41
2018-07-31,1,6.39,6.44,6.51,6.27,720151,674484656.0,3.74,0.47,0.03,0.42
2018-08-01,1,6.44,6.17,6.52,6.13,814082,759282224.0,6.06,-4.19,-0.27,0.47
2018-08-02,1,6.15,5.96,6.17,5.9,931401,839272256.0,4.38,-3.4,-0.21,0.54
2018-08-03,1,5.95,5.93,6.12,5.93,476547,428641520.0,3.19,-0.5,-0.03,0.28
2018-08-06,1,5.96,5.96,6.13,5.91,554010,497906688.0,3.71,0.51,0.03,0.32
2018-08-07,1,5.98,6.19,6.19,5.9,690423,624359664.0,4.87,3.86,0.23,0.4
2018-08-08,1,6.18,6.07,6.18,6.06,578953,527526992.0,1.94,-1.94,-0.12,0.34
2018-08-09,1,6.06,6.31,6.37,6.04,806784,746469808.0,5.44,3.95,0.24,0.47
2018-08-10,1,6.32,6.25,6.34,6.18,424168,391366336.0,2.54,-0.95,-0.06,0.25
2018-08-13,1,6.14,6.07,6.18,5.92,818491,736947792.0,4.16,-2.88,-0.18,0.48
2018-08-14,1,6.05,6.02,6.06,5.96,430240,386334624.0,1.65,-0.82,-0.05,0.25
2018-08-15,1,6.04,5.81,6.04,5.77,670443,594759520.0,4.49,-3.49,-0.21,0.39
2018-08-16,1,5.75,5.8,5.91,5.66,638273,559523120.0,4.3,-0.17,-0.01,0.37
2018-08-17,1,5.9,5.83,5.96,5.8,649477,576683264.0,2.76,0.52,0.03,0.38
2018-08-20,1,5.92,6.02,6.04,5.89,681322,609934720.0,2.57,3.26,0.19,0.4
2018-08-21,1,6.04,6.25,6.28,6.03,1264474,1163292800.0,4.15,3.82,0.23,0.74
2018-08-22,1,6.26,6.31,6.36,6.15,982434,909598736.0,3.36,0.96,0.06,0.57
2018-08-23,1,6.32,6.38,6.44,6.25,729075,680941392.0,3.01,1.11,0.07,0.42
2018-08-24,1,6.33,7.05,7.3,6.31,3040408,2995071984.0,15.52,10.5,0.67,1.77
2018-08-27,1,7.04,7.45,7.45,6.99,2218424,2251527728.0,6.52,5.67,0.4,1.29
2018-08-28,1,7.36,7.31,7.45,7.26,1289777,1331917856.0,2.55,-1.88,-0.14,0.75
2018-08-29,1,7.27,7.29,7.35,7.17,901883,923581552.0,2.46,-0.27,-0.02,0.53
2018-08-30,1,7.29,7.14,7.37,7.1,994918,1013877520.0,3.7,-2.06,-0.15,0.58
2018-08-31,1,7.15,7.15,7.34,7.12,1310865,1337898864.0,3.08,0.14,0.01,0.76
2018-09-03,1,7.11,7.21,7.32,7.11,711696,725303296.0,2.94,0.84,0.06,0.41
2018-09-04,1,7.22,7.45,7.57,7.09,1296342,1339756560.0,6.66,3.33,0.24,0.75
2018-09-05,1,7.32,7.07,7.35,7.07,1179453,1202345696.0,3.76,-5.1,-0.38,0.69
2018-09-06,1,7.07,6.99,7.16,6.97,711778,713975744.0,2.69,-1.13,-0.08,0.41
2018-09-07,1,7.06,7.03,7.2,6.95,809035,815151728.0,3.58,0.57,0.04,0.47
2018-09-10,1,7.03,6.9,7.09,6.86,636989,631174176.0,3.27,-1.85,-0.13,0.37
2018-09-11,1,6.92,6.93,7.05,6.83,712968,707337568.0,3.19,0.43,0.03,0.42
2018-09-12,1,6.89,6.9,6.99,6.84,564829,558399568.0,2.16,-0.43,-0.03,0.33
2018-09-13,1,7.11,6.98,7.12,6.86,999726,993389968.0,3.77,1.16,0.08,0.58
2018-09-14,1,7.0,6.86,7.0,6.83,619750,611422480.0,2.44,-1.72,-0.12,0.36
2018-09-17,1,6.82,6.71,6.82,6.7,517082,502609648.0,1.75,-2.19,-0.15,0.3
2018-09-18,1,6.75,7.1,7.14,6.72,1126807,1120867536.0,6.26,5.81,0.39,0.66
2018-09-19,1,7.05,7.26,7.36,7.05,1231549,1257191504.0,4.37,2.25,0.16,0.72
2018-09-20,1,7.29,7.25,7.38,7.21,620348,636742816.0,2.34,-0.14,-0.01,0.36
2018-09-21,1,7.28,7.69,7.72,7.2,1624518,1707850480.0,7.17,6.07,0.44,0.95
2018-09-25,1,7.54,7.57,7.7,7.5,977015,1030715792.0,2.6,-1.56,-0.12,0.57
2018-09-26,1,7.63,7.73,7.94,7.54,1490513,1600626208.0,5.28,2.11,0.16,0.87
2018-09-27,1,7.67,7.76,7.86,7.59,880363,942200400.0,3.49,0.39,0.03,0.51
2018-09-28,1,7.8,8.07,8.29,7.8,2110243,2331358288.0,6.31,3.99,0.31,1.23
2018-10-08,1,7.72,7.47,7.81,7.47,1686359,1793455280.0,4.21,-7.43,-0.6,0.98
2018-10-09,1,7.48,7.58,7.72,7.41,1064084,1117946544.0,4.15,1.47,0.11,0.62
2018-10-10,1,7.56,7.47,7.68,7.4,995200,1045666176.0,3.69,-1.45,-0.11,0.58
2018-10-11,1,7.07,6.88,7.18,6.72,1995144,1994186608.0,6.16,-7.9,-0.59,1.16
2018-10-12,1,6.99,7.32,7.36,6.89,1516810,1532651408.0,6.83,6.4,0.44,0.88
2018-10-15,1,7.41,7.13,7.49,7.11,1402685,1443043056.0,5.19,-2.6,-0.19,0.82
2018-10-16,1,7.16,7.39,7.56,7.14,1396921,1450020368.0,5.89,3.65,0.26,0.81
2018-10-17,1,7.52,7.35,7.57,7.16,1350890,1400306336.0,5.55,-0.54,-0.04,0.79
2018-10-18,1,7.31,7.11,7.31,7.08,1001156,1015654816.0,3.13,-3.27,-0.24,0.58
2018-10-19,1,6.97,7.78,7.8,6.94,2083667,2173571248.0,12.1,9.42,0.67,1.21
2018-10-22,1,7.83,8.17,8.48,7.8,2645543,2932714464.0,8.74,5.01,0.39,1.54
2018-10-23,1,8.22,7.86,8.24,7.75,1602546,1759265952.0,6.0,-3.79,-0.31,0.93
2018-10-24,1,7.92,8.06,8.35,7.82,1829425,2026171904.0,6.74,2.54,0.2,1.07
2018-10-25,1,7.82,8.31,8.31,7.73,1685011,1855823744.0,7.2,3.1,0.25,0.98
2018-10-26,1,8.31,8.2,8.33,7.98,1299975,1448843520.0,4.21,-1.32,-0.11,0.76
2018-10-29,1,8.22,7.77,8.26,7.64,1591629,1725932496.0,7.56,-5.24,-0.43,0.93
2018-10-30,1,7.8,7.92,8.1,7.75,1501828,1641371792.0,4.5,1.93,0.15,0.87
2018-10-31,1,7.97,7.93,8.01,7.77,1152684,1252156768.0,3.03,0.13,0.01,0.67
2018-11-01,1,8.01,7.85,8.07,7.78,1542776,1679443456.0,3.66,-1.01,-0.08,0.9
2018-11-02,1,8.06,8.11,8.18,7.85,2212923,2439179136.0,4.2,3.31,0.26,1.29
2018-11-05,1,7.97,7.94,8.06,7.84,1291924,1409457168.0,2.71,-2.1,-0.17,0.75
2018-11-06,1,7.89,7.86,7.95,7.75,735726,795322640.0,2.52,-1.01,-0.08,0.43
2018-11-07,1,7.85,7.83,7.97,7.77,785597,851487056.0,2.54,-0.38,-0.03,0.46
2018-11-08,1,7.9,7.91,7.99,7.84,793976,864744240.0,1.92,1.02,0.08,0.46
2018-11-09,1,7.73,7.57,7.75,7.42,1629269,1716198384.0,4.17,-4.3,-0.34,0.95
2018-11-12,1,7.48,7.58,7.6,7.4,920334,965756512.0,2.64,0.13,0.01,0.54
2018-11-13,1,7.43,7.56,7.67,7.4,1072498,1126736144.0,3.56,-0.26,-0.02,0.62
2018-11-14,1,7.55,7.46,7.57,7.44,774240,810357744.0,1.72,-1.32,-0.1,0.45
2018-11-15,1,7.46,7.64,7.66,7.44,901462,949991808.0,2.95,2.41,0.18,0.53
2018-11-16,1,7.63,7.59,7.74,7.51,1059593,1123173216.0,3.01,-0.65,-0.05,0.62
2018-11-19,1,7.59,7.87,7.9,7.59,1360887,1466899424.0,4.08,3.69,0.28,0.79
2018-11-20,1,7.77,7.59,7.82,7.54,1033878,1099654688.0,3.56,-3.56,-0.28,0.6
2018-11-21,1,7.52,7.63,7.69,7.5,666157,705638352.0,2.5,0.53,0.04,0.39
2018-11-22,1,7.69,7.57,7.69,7.5,500268,527103280.0,2.49,-0.79,-0.06,0.29
2018-11-23,1,7.55,7.34,7.6,7.33,700358,730667664.0,3.57,-3.04,-0.23,0.41
2018-11-26,1,7.36,7.36,7.48,7.32,516569,535963344.0,2.18,0.27,0.02,0.3
2018-11-27,1,7.37,7.2,7.41,7.18,733448,752824128.0,3.13,-2.17,-0.16,0.43
2018-11-28,1,7.19,7.3,7.33,7.18,537751,550820240.0,2.08,1.39,0.1,0.31
2018-11-29,1,7.37,7.22,7.41,7.21,485284,499068832.0,2.74,-1.1,-0.08,0.28
2018-11-30,1,7.24,7.38,7.38,7.19,594715,610571536.0,2.63,2.22,0.16,0.35
2018-12-03,1,7.61,7.61,7.68,7.49,1064097,1126374832.0,2.57,3.12,0.23,0.62
2018-12-04,1,7.59,7.61,7.64,7.55,534813,565743744.0,1.18,0.0,0.0,0.31
2018-12-05,1,7.51,7.47,7.53,7.42,581545,608133296.0,1.45,-1.84,-0.14,0.34
2018-12-06,1,7.38,7.27,7.39,7.25,578866,594649680.0,1.87,-2.68,-0.2,0.34
2018-12-07,1,7.32,7.3,7.41,7.29,340216,351101376.0,1.65,0.41,0.03,0.2
2018-12-10,1,7.24,7.19,7.29,7.15,494819,504040656.0,1.92,-1.51,-0.11,0.29
2018-12-11,1,7.23,7.25,7.28,7.19,299090,305389216.0,1.25,0.83,0.06,0.17
2018-12-12,1,7.32,7.26,7.34,7.22,366379,375402864.0,1.66,0.14,0.01,0.21
2018-12-13,1,7.27,7.41,7.5,7.22,790845,819920688.0,3.86,2.07,0.15,0.46
2018-12-14,1,7.36,7.19,7.37,7.18,526675,539263008.0,2.56,-2.97,-0.22,0.31
2018-12-17,1,7.18,7.31,7.35,7.12,571275,584679520.0,3.2,1.67,0.12,0.33
2018-12-18,1,7.22,7.14,7.34,7.12,537744,547157568.0,3.01,-2.33,-0.17,0.31
2018-12-19,1,7.16,6.96,7.2,6.92,598007,600090176.0,3.92,-2.52,-0.18,0.35
2018-12-20,1,6.94,6.73,6.99,6.65,990285,964202864.0,4.89,-3.3,-0.23,0.58
2018-12-21,1,6.7,6.47,6.72,6.35,1000617,944460336.0,5.5,-3.86,-0.26,0.58
2018-12-24,1,6.42,6.44,6.47,6.33,509118,477186912.0,2.16,-0.46,-0.03,0.3
2018-12-25,1,6.31,6.36,6.45,6.23,586615,545235600.0,3.42,-1.24,-0.08,0.34
2018-12-26,1,6.37,6.32,6.44,6.29,421141,393215136.0,2.36,-0.63,-0.04,0.25
2018-12-27,1,6.47,6.3,6.51,6.3,624593,586343760.0,3.32,-0.32,-0.02,0.36
2018-12-28,1,6.33,6.4,6.48,6.33,576604,541571008.0,2.38,1.59,0.1,0.34
2019-01-02,1,6.41,6.21,6.44,6.18,539386,498695104.0,4.06,-2.97,-0.19,0.31
2019-01-03,1,6.2,6.3,6.35,6.17,415538,384457712.0,2.9,1.45,0.09,0.24
2019-01-04,1,6.26,6.77,6.84,6.24,1481159,1422149888.0,9.52,7.46,0.47,0.86
2019-01-07,1,6.86,6.76,6.87,6.65,865688,841166432.0,3.25,-0.15,-0.01,0.5
2019-01-08,1,6.75,6.68,6.76,6.64,402388,389247792.0,1.78,-1.18,-0.08,0.23
2019-01-09,1,6.76,6.96,7.1,6.72,1233486,1229465120.0,5.69,4.19,0.28,0.72
2019-01-10,1,6.89,7.12,7.22,6.88,1071818,1079711040.0,4.89,2.3,0.16,0.62
2019-01-11,1,7.13,7.22,7.24,7.07,696365,708001808.0,2.39,1.4,0.1,0.41
2019-01-14,1,7.24,7.13,7.27,7.09,500444,507862880.0,2.49,-1.25,-0.09,0.29
2019-01-15,1,7.13,7.26,7.3,7.11,542161,553027312.0,2.66,1.82,0.13,0.32
2019-01-16,1,7.26,7.5,7.52,7.25,977699,1017495120.0,3.72,3.31,0.24,0.57
2019-01-17,1,7.56,7.27,7.59,7.19,882812,910212064.0,5.33,-3.07,-0.23,0.51
2019-01-18,1,7.36,7.45,7.51,7.3,738793,769973632.0,2.89,2.48,0.18,0.43
2019-01-21,1,7.36,7.36,7.49,7.34,659356,684465648.0,2.01,-1.21,-0.09,0.38
2019-01-22,1,7.36,7.3,7.46,7.28,424414,438991456.0,2.45,-0.82,-0.06,0.25
2019-01-23,1,7.31,7.37,7.49,7.31,537877,559384400.0,2.47,0.96,0.07,0.31
2019-01-24,1,7.42,7.54,7.57,7.39,679241,711495712.0,2.44,2.31,0.17,0.4
2019-01-25,1,7.58,8.02,8.06,7.57,2108362,2299718224.0,6.5,6.37,0.48,1.23
2019-01-28,1,8.06,7.96,8.16,7.9,1035910,1141853840.0,3.24,-0.75,-0.06,0.6
2019-01-29,1,7.98,8.02,8.09,7.79,826631,904847856.0,3.77,0.75,0.06,0.48
2019-01-30,1,7.97,7.97,8.2,7.88,712001,785204576.0,3.99,-0.62,-0.05,0.41
2019-01-31,1,8.0,8.12,8.22,7.96,831623,922602880.0,3.26,1.88,0.15,0.48
2019-02-01,1,8.22,8.22,8.27,7.98,1014270,1127216192.0,3.57,1.23,0.1,0.59
2019-02-11,1,8.1,8.23,8.23,7.99,801937,889951536.0,2.92,0.12,0.01,0.47
2019-02-12,1,8.22,8.21,8.33,8.05,959937,1071873088.0,3.4,-0.24,-0.02,0.56
2019-02-13,1,8.21,8.4,8.43,8.14,1137366,1280182096.0,3.53,2.31,0.19,0.66
2019-02-14,1,8.32,8.27,8.35,8.21,869185,977818096.0,1.67,-1.55,-0.13,0.51
2019-02-15,1,8.25,7.97,8.25,7.92,1100127,1213914432.0,3.99,-3.63,-0.3,0.64
2019-02-18,1,8.07,8.38,8.38,8.06,1255522,1408279680.0,4.02,5.14,0.41,0.73
2019-02-19,1,8.38,8.29,8.64,8.26,1270882,1445281376.0,4.53,-1.07,-0.09,0.74
2019-02-20,1,8.35,8.43,8.55,8.27,832630,949430816.0,3.38,1.69,0.14,0.48
2019-02-21,1,8.4,8.38,8.57,8.3,754246,860591072.0,3.2,-0.59,-0.05,0.44
2019-02-22,1,8.37,8.56,8.59,8.17,1184048,1343020336.0,5.01,2.15,0.18,0.69
2019-02-25,1,8.72,9.57,9.66,8.59,2824935,3415946864.0,12.5,11.8,1.01,1.65
2019-02-26,1,9.57,9.22,9.59,9.17,2017545,2485673360.0,4.39,-3.66,-0.35,1.18
2019-02-27,1,9.26,9.42,9.68,9.17,1979014,2454404416.0,5.53,2.17,0.2,1.15
2019-02-28,1,9.46,9.38,9.63,9.29,1113100,1383110816.0,3.61,-0.42,-0.04,0.65
2019-03-01,1,9.5,9.78,9.8,9.22,1712679,2137669552.0,6.18,4.26,0.4,1.0
2019-03-04,1,9.72,10.01,10.4,9.64,2456830,3195011696.0,7.77,2.35,0.23,1.43
2019-03-05,1,9.93,10.08,10.31,9.86,1408422,1838251664.0,4.5,0.7,0.07,0.82
2019-03-06,1,10.08,10.1,10.17,9.86,1245760,1614670976.0,3.08,0.2,0.02,0.73
2019-03-07,1,10.08,9.76,10.08,9.57,1782057,2274151008.0,5.05,-3.37,-0.34,1.04
2019-03-08,1,9.51,9.32,9.72,9.27,1778162,2214572416.0,4.61,-4.51,-0.44,1.04
2019-03-11,1,9.32,9.34,9.51,9.07,1157651,1416000384.0,4.72,0.21,0.02,0.67
2019-03-12,1,9.51,9.38,9.66,9.26,1411795,1757797248.0,4.28,0.43,0.04,0.82
2019-03-13,1,9.36,9.39,9.57,9.15,1269427,1568387536.0,4.48,0.11,0.01,0.74
2019-03-14,1,9.35,9.45,9.64,9.29,1057468,1316372928.0,3.73,0.64,0.06,0.62
2019-03-15,1,9.36,9.52,9.7,9.36,1045406,1311323008.0,3.6,0.74,0.07,0.61
2019-03-18,1,9.55,9.93,9.96,9.34,1486455,1882483632.0,6.51,4.31,0.41,0.87
2019-03-19,1,9.94,9.81,9.96,9.63,957196,1221118288.0,3.32,-1.21,-0.12,0.56
2019-03-20,1,9.7,9.77,9.9,9.64,929996,1185477056.0,2.65,-0.41,-0.04,0.54
2019-03-21,1,9.79,9.71,9.82,9.6,860141,1092506480.0,2.25,-0.61,-0.06,0.5
2019-03-22,1,9.71,9.61,9.76,9.52,713502,898629424.0,2.47,-1.03,-0.1,0.42
2019-03-25,1,9.42,9.13,9.42,9.12,1179883,1445560160.0,3.12,-4.99,-0.48,0.69
2019-03-26,1,9.25,9.12,9.31,9.03,935393,1136721264.0,3.07,-0.11,-0.01,0.54
2019-03-27,1,9.26,9.4,9.49,9.2,922827,1138302656.0,3.18,3.07,0.28,0.54
2019-03-28,1,9.33,9.24,9.33,9.12,732467,892530624.0,2.23,-1.7,-0.16,0.43
2019-03-29,1,9.28,9.84,9.84,9.23,1669506,2108295392.0,6.6,6.49,0.6,0.97
2019-04-01,1,9.85,10.2,10.57,9.85,1951401,2588268672.0,7.32,3.66,0.36,1.14
2019-04-02,1,10.3,10.38,10.5,10.25,1100384,1466040992.0,2.45,1.76,0.18,0.64
2019-04-03,1,10.23,10.46,10.47,10.17,792916,1056166224.0,2.89,0.77,0.08,0.46
2019-04-04,1,10.45,10.88,11.02,10.45,2034365,2796366352.0,5.45,4.02,0.42,1.18
2019-04-08,1,10.92,10.98,11.45,10.74,1743176,2464536240.0,6.53,0.92,0.1,1.02
2019-04-09,1,10.89,10.83,11.0,10.77,781332,1080549200.0,2.09,-1.37,-0.15,0.46
2019-04-10,1,10.77,10.75,10.9,10.42,947135,1289475600.0,4.43,-0.74,-0.08,0.55
2019-04-11,1,10.75,10.56,10.98,10.51,655357,897382240.0,4.37,-1.77,-0.19,0.38
2019-04-12,1,10.51,10.44,10.61,10.23,774325,1035139680.0,3.6,-1.14,-0.12,0.45
2019-04-15,1,10.74,10.71,11.11,10.68,1533891,2134708976.0,4.12,2.59,0.27,0.89
2019-04-16,1,10.69,11.6,11.6,10.57,2379375,3379550304.0,9.62,8.31,0.89,1.39
2019-04-17,1,11.44,11.37,11.61,11.25,1004110,1443493488.0,3.1,-1.98,-0.23,0.58
2019-04-18,1,11.32,11.36,11.39,11.13,507045,721908800.0,2.29,-0.09,-0.01,0.3
2019-04-19,1,11.47,11.75,11.82,11.32,1246036,1814875936.0,4.4,3.43,0.39,0.73
2019-04-22,1,11.62,11.17,11.86,11.1,1322274,1899850000.0,6.47,-4.94,-0.58,0.77
2019-04-23,1,11.12,11.09,11.22,10.99,940687,1326465632.0,2.06,-0.72,-0.08,0.55
2019-04-24,1,11.47,11.46,11.62,11.18,1949724,2811131024.0,3.97,3.34,0.37,1.14
2019-04-25,1,11.4,11.15,11.66,11.15,1111476,1597895216.0,4.45,-2.71,-0.31,0.65
2019-04-26,1,11.1,10.81,11.27,10.72,1009421,1407987360.0,4.93,-3.05,-0.34,0.59
2019-04-29,1,10.92,11.12,11.35,10.88,1030696,1450714128.0,4.35,2.87,0.31,0.6
2019-04-30,1,11.01,10.87,11.07,10.61,1116570,1542958576.0,4.14,-2.25,-0.25,0.65
2019-05-06,1,10.12,9.89,10.37,9.73,2108668,2742409408.0,5.89,-9.02,-0.98,1.23
2019-05-07,1,10.05,9.97,10.11,9.74,1072658,1386247072.0,3.74,0.81,0.08,0.62
2019-05-08,1,9.74,9.62,9.93,9.52,975451,1236655984.0,4.11,-3.51,-0.35,0.57
2019-05-09,1,9.54,9.18,9.6,9.07,1557152,1904905488.0,5.51,-4.57,-0.44,0.91
2019-05-10,1,9.36,9.7,9.77,9.12,1192399,1489975632.0,7.08,5.66,0.52,0.69
2019-05-13,1,9.35,9.32,9.56,9.25,741918,916213712.0,3.2,-3.92,-0.38,0.43
2019-05-14,1,9.22,9.51,9.77,9.18,1182598,1477008368.0,6.33,2.04,0.19,0.69
2019-05-15,1,9.6,9.94,10.13,9.59,1103989,1417050112.0,5.68,4.52,0.43,0.64
2019-05-16,1,9.95,9.87,10.01,9.8,634901,816740928.0,2.11,-0.7,-0.07,0.37
2019-05-17,1,9.94,9.46,9.95,9.38,965001,1208569904.0,5.78,-4.15,-0.41,0.56
2019-05-20,1,9.37,9.4,9.56,9.27,786435,971222480.0,3.07,-0.63,-0.06,0.46
2019-05-21,1,9.42,9.58,9.75,9.38,731211,919191248.0,3.94,1.91,0.18,0.43
2019-05-22,1,9.59,9.42,9.59,9.34,506231,628437472.0,2.61,-1.67,-0.16,0.29
2019-05-23,1,9.26,9.31,9.44,9.16,666855,817850528.0,2.97,-1.17,-0.11,0.39
2019-05-24,1,9.37,9.37,9.47,9.33,495526,613106256.0,1.5,0.64,0.06,0.29
2019-05-27,1,9.23,9.39,9.44,8.95,1048426,1275632720.0,5.23,0.21,0.02,0.61
2019-05-28,1,9.33,9.51,9.57,9.28,880703,1094063184.0,3.09,1.28,0.12,0.51
2019-05-29,1,9.38,9.42,9.61,9.28,666412,827828656.0,3.47,-0.95,-0.09,0.39
2019-05-30,1,9.34,9.24,9.4,9.13,646285,787801008.0,2.87,-1.91,-0.18,0.38
2019-05-31,1,9.18,9.2,9.42,9.13,686794,839375712.0,3.14,-0.43,-0.04,0.4
2019-06-03,1,9.24,8.92,9.35,8.84,1512719,1816591872.0,5.54,-3.04,-0.28,0.88
2019-06-04,1,8.91,8.87,8.96,8.62,974655,1147709584.0,3.81,-0.56,-0.05,0.57
2019-06-05,1,8.99,8.99,9.16,8.94,748892,899331712.0,2.48,1.35,0.12,0.44
2019-06-06,1,8.99,8.94,9.09,8.91,433665,519425120.0,2.0,-0.56,-0.05,0.25
2019-06-10,1,9.03,9.36,9.49,9.0,1144669,1404223616.0,5.48,4.7,0.42,0.67
2019-06-11,1,9.36,9.67,9.74,9.32,1251088,1574105216.0,4.49,3.31,0.31,0.73
2019-06-12,1,9.65,9.59,9.68,9.46,657310,825178000.0,2.28,-0.83,-0.08,0.38
2019-06-13,1,9.56,9.61,9.7,9.45,530000,666277696.0,2.61,0.21,0.02,0.31
2019-06-14,1,9.61,9.51,9.71,9.47,483192,606815216.0,2.5,-1.04,-0.1,0.28
2019-06-17,1,9.5,9.69,9.81,9.5,619816,786223584.0,3.26,1.89,0.18,0.36
2019-06-18,1,9.69,9.82,9.87,9.61,483555,616237568.0,2.68,1.34,0.13,0.28
2019-06-19,1,10.31,10.09,10.41,10.03,1143226,1504997840.0,3.87,2.75,0.27,0.67
2019-06-20,1,10.19,10.82,10.97,10.14,1529191,2083209232.0,8.23,7.23,0.73,0.89
2019-06-21,1,10.78,10.66,10.89,10.6,1011129,1384099584.0,2.68,-1.48,-0.16,0.59
2019-06-24,1,10.71,10.71,10.85,10.63,659573,904433344.0,2.06,0.47,0.05,0.38
2019-06-25,1,10.74,10.45,10.74,10.09,1469227,1954855792.0,6.07,-2.43,-0.26,0.86
2019-06-26,1,10.44,10.54,10.67,10.36,546505,731207280.0,2.97,0.86,0.09,0.32
2019-06-27,1,10.67,10.88,11.02,10.62,925075,1270042464.0,3.8,3.23,0.34,0.54
2019-06-28,1,10.9,10.95,10.96,10.75,498094,682679968.0,1.93,0.64,0.07,0.29
2019-07-01,1,11.18,11.1,11.35,11.04,960636,1347792880.0,2.83,1.37,0.15,0.56
2019-07-02,1,11.05,11.35,11.41,11.03,1052745,1481211360.0,3.42,2.25,0.25,0.61
2019-07-03,1,11.35,11.18,11.38,11.04,769078,1076744400.0,3.0,-1.5,-0.17,0.45
2019-07-04,1,11.18,11.16,11.45,11.05,621293,873624288.0,3.58,-0.18,-0.02,0.36
2019-07-05,1,11.12,11.09,11.15,10.86,749196,1037357168.0,2.6,-0.63,-0.07,0.44
2019-07-08,1,10.99,10.76,11.05,10.62,778414,1061095712.0,3.88,-2.98,-0.33,0.45
2019-07-09,1,10.8,10.76,10.88,10.61,494296,670391728.0,2.51,0.0,0.0,0.29
2019-07-10,1,10.78,10.73,10.87,10.66,358221,487071872.0,1.95,-0.28,-0.03,0.21
2019-07-11,1,10.85,10.71,10.95,10.7,484183,660588304.0,2.33,-0.19,-0.02,0.28
2019-07-12,1,10.77,11.29,11.4,10.75,1465367,2055749888.0,6.07,5.42,0.58,0.85
2019-07-15,1,11.2,11.17,11.29,11.01,841283,1175798112.0,2.48,-1.06,-0.12,0.49
2019-07-16,1,11.14,10.92,11.16,10.88,722781,998151584.0,2.51,-2.24,-0.25,0.42
2019-07-17,1,10.87,10.86,10.98,10.78,410021,561944448.0,1.83,-0.55,-0.06,0.24
2019-07-18,1,10.82,10.84,10.98,10.73,422826,578067488.0,2.3,-0.18,-0.02,0.25
2019-07-19,1,10.91,11.16,11.25,10.85,866391,1207316528.0,3.69,2.95,0.32,0.5
2019-07-22,1,11.13,11.02,11.19,10.93,582283,807249424.0,2.33,-1.25,-0.14,0.34
2019-07-23,1,11.03,10.93,11.04,10.82,504004,692328448.0,2.0,-0.82,-0.09,0.29
2019-07-24,1,11.04,11.05,11.18,10.96,570276,793387776.0,2.01,1.1,0.12,0.33
2019-07-25,1,11.09,11.37,11.44,11.02,1087826,1534889648.0,3.8,2.9,0.32,0.63
2019-07-26,1,11.35,11.4,11.42,11.25,635306,901074112.0,1.5,0.26,0.03,0.37
2019-07-29,1,11.42,11.46,11.62,11.35,715576,1023261760.0,2.37,0.53,0.06,0.42
2019-07-30,1,11.48,11.54,11.72,11.46,796634,1148582416.0,2.27,0.7,0.08,0.46
2019-07-31,1,11.47,11.3,11.49,11.25,634723,899227872.0,2.08,-2.08,-0.24,0.37
2019-08-01,1,11.23,11.27,11.36,11.11,527981,742308288.0,2.21,-0.27,-0.03,0.31
2019-08-02,1,10.94,10.91,11.05,10.83,969926,1333400768.0,1.95,-3.19,-0.36,0.56
2019-08-05,1,10.77,10.52,10.81,10.44,893082,1201885392.0,3.39,-3.57,-0.39,0.52
2019-08-06,1,10.27,10.54,10.63,10.2,882499,1166971472.0,4.09,0.19,0.02,0.51
2019-08-07,1,10.66,10.71,10.81,10.54,793039,1070736944.0,2.56,1.61,0.17,0.46
2019-08-08,1,11.07,11.55,11.67,11.02,2330715,3313302096.0,6.07,7.84,0.84,1.36
2019-08-09,1,11.72,11.69,12.02,11.6,2060575,3021884304.0,3.64,1.21,0.14,1.2
2019-08-12,1,11.78,12.29,12.29,11.77,2733425,4084497904.0,4.45,5.13,0.6,1.59
2019-08-13,1,12.17,12.06,12.25,11.91,1293736,1925835296.0,2.77,-1.87,-0.23,0.75
2019-08-14,1,12.31,12.14,12.39,11.97,1360547,2038261152.0,3.48,0.66,0.08,0.79
2019-08-15,1,11.81,12.11,12.13,11.77,897376,1333117728.0,2.97,-0.25,-0.03,0.52
2019-08-16,1,12.26,12.07,12.31,11.95,986903,1474900256.0,2.97,-0.33,-0.04,0.57
2019-08-19,1,12.08,12.09,12.11,11.69,2292956,3368207936.0,3.48,0.17,0.02,1.34
2019-08-20,1,12.09,12.16,12.37,11.94,1921042,2872304208.0,3.56,0.58,0.07,1.12
2019-08-21,1,12.04,11.62,12.06,11.55,1990132,2902251104.0,4.19,-4.44,-0.54,1.16
2019-08-22,1,11.57,11.48,11.62,11.37,1353072,1935208496.0,2.15,-1.2,-0.14,0.79
2019-08-23,1,11.54,11.82,11.91,11.52,1636868,2388239088.0,3.4,2.96,0.34,0.95
2019-08-26,1,11.59,11.42,11.67,11.32,1415123,2018498032.0,2.96,-3.38,-0.4,0.82
2019-08-27,1,11.53,11.48,11.65,11.41,1356713,1948127120.0,2.1,0.53,0.06,0.79
2019-08-28,1,11.43,11.44,11.45,11.22,829658,1176329088.0,2.0,-0.35,-0.04,0.48
2019-08-29,1,11.39,11.3,11.41,11.25,609034,861177488.0,1.4,-1.22,-0.14,0.35
2019-08-30,1,11.46,11.33,11.56,11.27,798501,1136119664.0,2.57,0.27,0.03,0.47
2019-09-02,1,11.32,11.62,11.67,11.28,1360201,1955673136.0,3.44,2.56,0.29,0.79
2019-09-03,1,11.65,11.47,11.68,11.42,858654,1230606480.0,2.24,-1.29,-0.15,0.5
2019-09-04,1,11.49,11.61,11.67,11.48,973965,1404037296.0,1.66,1.22,0.14,0.57
2019-09-05,1,11.73,11.75,12.02,11.72,1768051,2599478256.0,2.58,1.21,0.14,1.03
2019-09-06,1,11.88,11.98,11.98,11.79,986433,1451264912.0,1.62,1.96,0.23,0.57
2019-09-09,1,12.15,11.86,12.17,11.77,1299839,1918042304.0,3.34,-1.0,-0.12,0.76
2019-09-10,1,11.77,11.72,11.81,11.58,796871,1155180736.0,1.94,-1.18,-0.14,0.46
2019-09-11,1,11.77,11.73,11.88,11.63,818614,1192674256.0,2.13,0.09,0.01,0.48
2019-09-12,1,11.83,11.85,11.95,11.7,1150688,1682911856.0,2.13,1.02,0.12,0.61
2019-09-16,1,11.87,11.62,11.89,11.57,929894,1349401488.0,2.7,-1.94,-0.23,0.49
2019-09-17,1,11.53,11.41,11.62,11.35,882656,1261416560.0,2.32,-1.81,-0.21,0.47
2019-09-18,1,11.41,11.58,11.65,11.41,820436,1179079984.0,2.1,1.49,0.17,0.42
2019-09-19,1,11.65,12.01,12.06,11.65,1884021,2777383504.0,3.54,3.71,0.43,0.97
2019-09-20,1,12.12,12.51,12.57,12.1,2644285,4020646528.0,3.91,4.16,0.5,1.36
2019-09-23,1,12.51,12.55,12.64,12.35,1403282,2148740448.0,2.32,0.32,0.04,0.72
2019-09-24,1,12.64,12.35,12.71,12.35,1129103,1726238272.0,2.87,-1.59,-0.2,0.58
2019-09-25,1,12.37,12.92,13.02,12.36,1938893,3024598928.0,5.34,4.62,0.57,1.0
2019-09-26,1,13.03,12.88,13.21,12.83,1686593,2673096944.0,2.94,-0.31,-0.04,0.87
2019-09-27,1,13.02,13.07,13.17,12.87,1007706,1598567056.0,2.33,1.48,0.19,0.52
2019-09-30,1,12.92,12.76,13.06,12.74,1046363,1645828528.0,2.45,-2.37,-0.31,0.54
2019-10-08,1,12.77,13.37,13.4,12.77,1386676,2225024592.0,4.94,4.78,0.61,0.71
2019-10-09,1,13.27,13.42,13.69,13.19,1316693,2145061760.0,3.74,0.37,0.05,0.68
2019-10-10,1,13.44,13.41,13.44,13.16,879747,1418751872.0,2.09,-0.07,-0.01,0.45
2019-10-11,1,13.37,13.98,14.12,13.37,1405423,2335030592.0,5.59,4.25,0.57,0.72
2019-10-14,1,14.14,14.39,14.77,14.09,1557637,2688929552.0,4.86,2.93,0.41,0.8
2019-10-15,1,14.42,14.35,14.52,13.99,881955,1503633376.0,3.68,-0.28,-0.04,0.45
2019-10-16,1,14.43,13.96,14.61,13.8,1267671,2146150624.0,5.64,-2.72,-0.39,0.65
2019-10-17,1,14.07,13.87,14.17,13.72,1126182,1887045616.0,3.22,-0.64,-0.09,0.58
2019-10-18,1,13.97,13.68,14.21,13.6,1196799,1999012672.0,4.4,-1.37,-0.19,0.62
2019-10-21,1,13.6,14.06,14.14,13.6,945952,1589276080.0,3.95,2.78,0.38,0.49
2019-10-22,1,14.08,13.59,14.1,13.2,1883531,3072547168.0,6.4,-3.34,-0.47,0.97
2019-10-23,1,13.49,13.62,13.84,13.4,967535,1590781968.0,3.24,0.22,0.03,0.5
2019-10-24,1,13.67,14.04,14.17,13.61,1109215,1861032912.0,4.11,3.08,0.42,0.57
2019-10-25,1,13.95,14.05,14.13,13.75,691436,1161100080.0,2.71,0.07,0.01,0.36
2019-10-28,1,14.15,13.83,14.21,13.65,1070131,1780873360.0,3.99,-1.57,-0.22,0.55
2019-10-29,1,13.86,14.08,14.1,13.73,788865,1322036352.0,2.68,1.81,0.25,0.41
2019-10-30,1,13.97,13.6,14.13,13.59,854317,1420644944.0,3.84,-3.41,-0.48,0.44
2019-10-31,1,13.59,13.43,13.64,13.41,862569,1407006432.0,1.69,-1.25,-0.17,0.44
2019-11-01,1,13.52,14.03,14.17,13.45,1254655,2096068960.0,5.36,4.47,0.6,0.65
2019-11-04,1,14.15,14.09,14.42,13.94,889824,1507910816.0,3.42,0.43,0.06,0.46
2019-11-05,1,13.97,14.32,14.61,13.96,1172486,2010924192.0,4.61,1.63,0.23,0.6
2019-11-06,1,14.23,14.13,14.43,14.05,863325,1470233504.0,2.65,-1.33,-0.19,0.44
2019-11-07,1,14.1,14.06,14.24,13.92,711897,1200671648.0,2.26,-0.5,-0.07,0.37
2019-11-08,1,14.15,13.82,14.19,13.81,849139,1421088320.0,2.7,-1.71,-0.24,0.44
2019-11-11,1,13.67,13.45,13.7,13.37,953516,1556517248.0,2.39,-2.68,-0.37,0.49
2019-11-12,1,13.46,13.5,13.54,13.33,516266,840769280.0,1.56,0.37,0.05,0.27
2019-11-13,1,13.46,13.5,13.63,13.23,655121,1067975600.0,2.96,0.0,0.0,0.34
2019-11-14,1,13.6,13.49,13.65,13.42,468900,767006336.0,1.7,-0.07,-0.01,0.24
2019-11-15,1,13.56,13.51,13.72,13.41,569228,933539568.0,2.3,0.15,0.02,0.29
2019-11-18,1,13.52,13.62,13.72,13.4,557918,915983936.0,2.37,0.81,0.11,0.29
2019-11-19,1,13.62,13.58,13.65,13.48,562120,920998208.0,1.25,-0.29,-0.04,0.29
2019-11-20,1,13.47,13.02,13.47,12.94,1724384,2747598384.0,3.9,-4.12,-0.56,0.89
2019-11-21,1,12.92,13.03,13.04,12.8,772563,1218516400.0,1.84,0.08,0.01,0.4
2019-11-22,1,13.06,12.76,13.09,12.72,773474,1216064544.0,2.84,-2.07,-0.27,0.4
2019-11-25,1,12.81,12.97,13.01,12.71,783258,1233388880.0,2.35,1.65,0.21,0.4
2019-11-26,1,13.06,12.79,13.06,12.66,815298,1271594656.0,3.08,-1.39,-0.18,0.42
2019-11-27,1,12.81,12.64,12.81,12.56,476170,736584288.0,1.95,-1.17,-0.15,0.25
2019-11-28,1,12.64,12.66,12.71,12.61,378017,585252048.0,0.79,0.16,0.02,0.19
2019-11-29,1,12.71,12.46,12.72,12.35,653867,1001451104.0,2.92,-1.58,-0.2,0.34
2019-12-02,1,12.52,12.53,12.6,12.4,553877,849784128.0,1.61,0.56,0.07,0.29
2019-12-03,1,12.47,12.62,12.63,12.38,455418,700293552.0,2.0,0.72,0.09,0.23
2019-12-04,1,12.51,12.48,12.58,12.38,524545,802110336.0,1.58,-1.11,-0.14,0.27
2019-12-05,1,12.52,12.6,12.65,12.47,557084,857682576.0,1.44,0.96,0.12,0.29
2019-12-06,1,12.64,12.77,12.89,12.63,712615,1109423056.0,2.06,1.35,0.17,0.37
2019-12-09,1,12.79,12.58,12.79,12.52,605993,935135952.0,2.11,-1.49,-0.19,0.31
2019-12-10,1,12.53,12.5,12.55,12.42,556384,851377536.0,1.03,-0.64,-0.08,0.29
2019-12-11,1,12.55,12.83,12.85,12.47,871505,1351786528.0,3.04,2.64,0.33,0.45
2019-12-12,1,12.83,12.77,12.84,12.7,478999,747519504.0,1.09,-0.47,-0.06,0.25
2019-12-13,1,13.02,13.29,13.29,12.94,1053104,1680707280.0,2.74,4.07,0.52,0.54
2019-12-16,1,13.29,13.3,13.31,13.04,787952,1262802464.0,2.03,0.08,0.01,0.41
2019-12-17,1,13.17,13.67,13.8,13.15,1203105,1969891328.0,4.89,2.78,0.37,0.62
2019-12-18,1,13.6,13.63,13.83,13.58,797091,1317608544.0,1.83,-0.29,-0.04,0.41
2019-12-19,1,13.72,13.72,13.91,13.61,675537,1119925968.0,2.2,0.66,0.09,0.35
2019-12-20,1,13.72,13.76,13.85,13.61,644478,1067869776.0,1.75,0.29,0.04,0.33
2019-12-23,1,13.85,13.41,13.85,13.34,715793,1173372080.0,3.71,-2.54,-0.35,0.37
2019-12-24,1,13.4,13.57,13.67,13.4,459128,752351616.0,2.01,1.19,0.16,0.24
2019-12-25,1,13.62,13.47,13.73,13.41,414918,679664592.0,2.36,-0.74,-0.1,0.21
2019-12-26,1,13.51,13.64,13.65,13.49,372034,610381760.0,1.19,1.26,0.17,0.19
2019-12-27,1,13.7,13.8,14.1,13.6,1042575,1741473184.0,3.67,1.17,0.16,0.54
2019-12-30,1,13.63,13.74,13.8,13.27,976970,1603152784.0,3.84,-0.43,-0.06,0.5
2019-12-31,1,13.74,13.62,13.8,13.48,704442,1154704352.0,2.33,-0.87,-0.12,0.36
2020-01-02,1,13.82,14.04,14.12,13.72,1530232,2571196480.0,2.94,3.08,0.42,0.79
2020-01-03,1,14.11,14.35,14.48,14.09,1116195,1914495472.0,2.78,2.21,0.31,0.58
2020-01-06,1,14.18,14.24,14.51,14.08,862084,1477930192.0,3.0,-0.77,-0.11,0.44
2020-01-07,1,14.3,14.32,14.45,14.12,728608,1247047136.0,2.32,0.56,0.08,0.38
2020-01-08,1,14.17,13.83,14.22,13.8,847824,1423608816.0,2.93,-3.42,-0.49,0.44
2020-01-09,1,13.98,13.96,14.1,13.7,1031637,1725326800.0,2.89,0.94,0.13,0.53
2020-01-10,1,13.96,13.86,13.98,13.69,585548,975154816.0,2.08,-0.72,-0.1,0.3
2020-01-13,1,13.92,14.16,14.2,13.78,872133,1468271680.0,3.03,2.16,0.3,0.45
2020-01-14,1,14.16,13.93,14.44,13.93,1304494,2217608848.0,3.6,-1.62,-0.23,0.67
2020-01-15,1,13.96,13.69,14.03,13.62,859439,1424889232.0,2.94,-1.72,-0.24,0.44
2020-01-16,1,13.69,13.5,13.74,13.37,1028105,1678888512.0,2.7,-1.39,-0.19,0.53
2020-01-17,1,13.55,13.56,13.72,13.52,605437,995909008.0,1.48,0.44,0.06,0.31
2020-01-20,1,13.6,13.62,13.78,13.52,746075,1226464656.0,1.92,0.44,0.06,0.38
2020-01-21,1,13.51,13.17,13.51,13.1,896603,1442171424.0,3.01,-3.3,-0.45,0.46
2020-01-22,1,13.09,13.26,13.33,12.88,719465,1150933392.0,3.42,0.68,0.09,0.37
2020-01-23,1,13.09,12.71,13.09,12.56,1100592,1723394336.0,4.0,-4.15,-0.55,0.57
2020-02-03,1,11.16,11.16,11.87,11.16,2259195,3201454160.0,5.59,-12.2,-1.55,1.16
2020-02-04,1,11.22,11.77,11.83,11.19,1706172,2442932848.0,5.73,5.47,0.61,0.88
2020-02-05,1,11.76,11.8,12.06,11.49,1491380,2177632048.0,4.84,0.25,0.03,0.77
2020-02-06,1,11.98,11.94,12.04,11.68,1185816,1740107632.0,3.05,1.19,0.14,0.61
2020-02-07,1,11.77,11.79,11.86,11.58,924853,1345053248.0,2.35,-1.26,-0.15,0.48
2020-02-10,1,11.68,11.67,11.7,11.47,1339495,1931983488.0,1.95,-1.02,-0.12,0.69
2020-02-11,1,11.77,11.96,12.11,11.73,1407507,2077194144.0,3.26,2.49,0.29,0.73
2020-02-12,1,11.96,11.94,11.99,11.77,1070503,1573229040.0,1.84,-0.17,-0.02,0.55
2020-02-13,1,11.88,11.82,12.05,11.78,1013205,1491327712.0,2.26,-1.01,-0.12,0.52
2020-02-14,1,11.92,12.2,12.31,11.87,1512435,2253906448.0,3.72,3.21,0.38,0.78
2020-02-17,1,12.21,12.54,12.54,12.1,1543696,2337993584.0,3.61,2.79,0.34,0.8
2020-02-18,1,12.5,12.37,12.5,12.18,973612,1478274224.0,2.55,-1.36,-0.17,0.5
2020-02-19,1,12.27,12.41,12.54,12.25,874107,1333730224.0,2.34,0.32,0.04,0.45
2020-02-20,1,12.44,12.76,12.79,12.27,1235444,1897923024.0,4.19,2.82,0.35,0.64
2020-02-21,1,12.66,12.75,12.89,12.62,995071,1546692928.0,2.12,-0.08,-0.01,0.51
2020-02-24,1,12.63,12.4,12.63,12.32,1191795,1820183856.0,2.43,-2.75,-0.35,0.61
2020-02-25,1,12.17,12.21,12.3,11.95,1144575,1710369792.0,2.82,-1.53,-0.19,0.59
2020-02-26,1,11.94,12.16,12.44,11.87,1176599,1769612240.0,4.67,-0.41,-0.05,0.61
2020-02-27,1,12.13,12.28,12.32,12.06,975271,1464605744.0,2.14,0.99,0.12,0.5
2020-02-28,1,12.02,11.67,12.21,11.63,1300644,1906892416.0,4.72,-4.97,-0.61,0.67
2020-03-02,1,11.72,11.96,12.12,11.63,1116581,1647432272.0,4.2,2.49,0.29,0.58
2020-03-03,1,12.13,11.89,12.16,11.8,1153584,1705816272.0,3.01,-0.59,-0.07,0.59
2020-03-04,1,11.85,11.86,11.95,11.68,862595,1261123056.0,2.27,-0.25,-0.03,0.44
2020-03-05,1,11.97,12.56,12.81,11.9,2686602,4089493520.0,7.67,5.9,0.7,1.38
2020-03-06,1,12.35,12.2,12.44,12.19,1228531,1858691264.0,1.99,-2.87,-0.36,0.63
2020-03-09,1,11.88,11.62,11.9,11.59,1665794,2420392128.0,2.54,-4.75,-0.58,0.86
2020-03-10,1,11.55,11.93,12.02,11.55,1167865,1709084560.0,4.04,2.67,0.31,0.6
2020-03-11,1,11.94,11.86,12.05,11.79,814382,1201250688.0,2.18,-0.59,-0.07,0.42
2020-03-12,1,11.82,11.85,12.01,11.7,986497,1447436640.0,2.61,-0.08,-0.01,0.51
2020-03-13,1,11.07,11.69,11.75,11.07,1169766,1669009840.0,5.74,-1.35,-0.16,0.6
2020-03-16,1,11.62,10.92,11.63,10.92,1406202,1975824192.0,6.07,-6.59,-0.77,0.72
2020-03-17,1,10.92,10.58,11.14,10.3,1177849,1582506080.0,7.69,-3.11,-0.34,0.61
2020-03-18,1,10.58,9.88,10.72,9.82,1384784,1816836896.0,8.51,-6.62,-0.7,0.71
2020-03-19,1,9.85,9.4,9.91,9.08,1891457,2313863664.0,8.4,-4.86,-0.48,0.97
2020-03-20,1,9.57,9.69,9.85,9.43,1578353,1967487824.0,4.47,3.09,0.29,0.81
2020-03-23,1,9.17,9.32,9.52,9.1,1071114,1300469488.0,4.33,-3.82,-0.37,0.55
2020-03-24,1,9.57,9.78,9.85,9.44,1180200,1472909392.0,4.4,4.94,0.46,0.61
2020-03-25,1,10.05,10.04,10.24,9.87,1136958,1467534960.0,3.78,2.66,0.26,0.59
2020-03-26,1,9.95,10.23,10.51,9.89,1075192,1408651056.0,6.18,1.89,0.19,0.55
2020-03-27,1,10.42,10.32,10.55,10.25,653019,861618656.0,2.93,0.88,0.09,0.34
2020-03-30,1,10.02,10.11,10.21,9.93,661739,852956240.0,2.71,-2.03,-0.21,0.34
2020-03-31,1,10.22,9.97,10.26,9.95,513370,662915472.0,3.07,-1.38,-0.14,0.26
2020-04-01,1,10.03,10.06,10.3,9.99,520836,676070112.0,3.11,0.9,0.09,0.27
2020-04-02,1,9.92,10.14,10.14,9.83,518365,663197632.0,3.08,0.8,0.08,0.27
2020-04-03,1,9.99,9.78,10.06,9.72,825348,1047282400.0,3.35,-3.55,-0.36,0.43
2020-04-07,1,10.06,10.05,10.11,9.98,870314,1121200112.0,1.33,2.76,0.27,0.45
2020-04-08,1,10.05,9.95,10.09,9.89,528716,676604880.0,1.99,-1.0,-0.1,0.27
2020-04-09,1,10.05,9.91,10.06,9.89,408554,522027888.0,1.71,-0.4,-0.04,0.21
2020-04-10,1,9.93,9.96,10.15,9.82,666675,853689952.0,3.33,0.5,0.05,0.34
2020-04-13,1,9.84,9.76,9.88,9.64,446214,562008048.0,2.41,-2.01,-0.2,0.23
2020-04-14,1,9.82,10.03,10.03,9.74,686087,874856560.0,2.97,2.77,0.27,0.35
2020-04-15,1,10.03,10.04,10.1,9.95,656396,843649280.0,1.5,0.1,0.01,0.34
2020-04-16,1,9.96,9.85,9.96,9.71,789155,997623824.0,2.49,-1.89,-0.19,0.41
2020-04-17,1,9.94,10.06,10.21,9.82,1331165,1713215760.0,3.96,2.13,0.21,0.69
2020-04-20,1,10.03,10.16,10.22,9.94,818456,1058524016.0,2.78,0.99,0.1,0.42
2020-04-21,1,10.47,10.62,10.87,10.47,2122448,2861879088.0,3.94,4.53,0.46,1.09
2020-04-22,1,10.54,10.4,10.59,10.33,1032803,1368222848.0,2.45,-2.07,-0.22,0.53
2020-04-23,1,10.4,10.4,10.48,10.28,646990,855052112.0,1.92,0.0,0.0,0.33
2020-04-24,1,10.34,10.41,10.45,10.28,566002,747473776.0,1.63,0.1,0.01,0.29
2020-04-27,1,10.47,10.67,10.81,10.42,936830,1263809744.0,3.75,2.5,0.26,0.48
2020-04-28,1,10.62,10.69,10.73,10.44,771564,1038718080.0,2.72,0.19,0.02,0.4
2020-04-29,1,10.65,11.19,11.27,10.62,1108722,1541638208.0,6.08,4.68,0.5,0.57
2020-04-30,1,11.19,11.1,11.49,11.05,819540,1155968240.0,3.93,-0.8,-0.09,0.42
2020-05-06,1,10.93,10.94,11.06,10.78,1008998,1382727488.0,2.52,-1.44,-0.16,0.52
2020-05-07,1,10.93,10.86,10.93,10.77,662749,904349536.0,1.46,-0.73,-0.08,0.34
2020-05-08,1,10.93,11.12,11.19,10.85,934782,1297924592.0,3.13,2.39,0.26,0.48
2020-05-11,1,11.09,11.17,11.3,11.07,612862,859156592.0,2.07,0.45,0.05,0.32
2020-05-12,1,11.12,10.96,11.22,10.89,558511,772109504.0,2.95,-1.88,-0.21,0.29
2020-05-13,1,10.92,10.8,10.95,10.7,640359,871062048.0,2.28,-1.46,-0.16,0.33
2020-05-14,1,10.72,10.47,10.76,10.39,944672,1259440848.0,3.43,-3.06,-0.33,0.49
2020-05-15,1,10.56,10.4,10.6,10.31,756794,1004313264.0,2.77,-0.67,-0.07,0.39
2020-05-18,1,10.37,10.37,10.51,10.29,637209,843479664.0,2.12,-0.29,-0.03,0.33
2020-05-19,1,10.58,10.53,10.62,10.44,600369,801755664.0,1.74,1.54,0.16,0.31
2020-05-20,1,10.55,10.68,10.79,10.44,690851,929928880.0,3.32,1.42,0.15,0.36
2020-05-21,1,10.69,10.57,10.74,10.53,552312,742797056.0,1.97,-1.03,-0.11,0.28
2020-05-22,1,10.5,10.09,10.51,10.09,856237,1119433488.0,3.97,-4.54,-0.48,0.44
2020-05-25,1,10.14,10.13,10.15,9.93,410171,528769360.0,2.18,0.4,0.04,0.21
2020-05-26,1,10.19,10.21,10.24,10.11,396212,515451856.0,1.28,0.79,0.08,0.2
2020-05-27,1,10.22,10.17,10.36,10.13,482963,630305872.0,2.25,-0.39,-0.04,0.25
2020-05-28,1,10.25,10.45,10.56,10.19,960760,1255226992.0,3.64,2.75,0.28,0.5
2020-05-29,1,10.39,10.38,10.42,10.3,457808,594502128.0,1.15,-0.67,-0.07,0.24
2020-06-01,1,10.48,10.7,10.77,10.46,882961,1173619008.0,2.99,3.08,0.32,0.46
2020-06-02,1,10.67,10.93,11.01,10.66,883459,1194375824.0,3.27,2.15,0.23,0.46
2020-06-03,1,11.02,10.92,11.26,10.88,956803,1308782288.0,3.48,-0.09,-0.01,0.49
2020-06-04,1,10.91,10.95,11.02,10.79,583066,788707632.0,2.11,0.27,0.03,0.3
2020-06-05,1,10.98,10.97,11.0,10.81,383027,517232128.0,1.74,0.18,0.02,0.2
2020-06-08,1,11.06,11.0,11.23,10.96,585972,802115792.0,2.46,0.27,0.03,0.3
2020-06-09,1,11.02,11.05,11.11,10.91,474300,646895840.0,1.82,0.45,0.05,0.24
2020-06-10,1,11.09,10.87,11.09,10.78,580476,781995744.0,2.81,-1.63,-0.18,0.3
2020-06-11,1,10.76,10.46,10.77,10.38,1349040,1774199984.0,3.59,-3.77,-0.41,0.7
2020-06-12,1,10.28,10.37,10.4,10.25,1030551,1331618736.0,1.43,-0.86,-0.09,0.53
2020-06-15,1,10.23,10.2,10.35,10.18,660313,850767504.0,1.64,-1.64,-0.17,0.34
2020-06-16,1,10.28,10.27,10.37,10.24,718059,927043680.0,1.27,0.69,0.07,0.37
2020-06-17,1,10.27,10.23,10.3,10.14,716468,918251152.0,1.56,-0.39,-0.04,0.37
2020-06-18,1,10.14,10.14,10.18,9.97,1119648,1419972016.0,2.05,-0.88,-0.09,0.58
2020-06-19,1,10.11,10.18,10.22,9.99,1539522,1954584912.0,2.27,0.39,0.04,0.79
2020-06-22,1,10.12,10.02,10.14,10.0,1319080,1671023280.0,1.38,-1.57,-0.16,0.68
2020-06-23,1,10.03,9.98,10.07,9.9,990807,1248046640.0,1.7,-0.4,-0.04,0.51
2020-06-24,1,10.02,10.18,10.26,9.98,1523220,1946329088.0,2.81,2.0,0.2,0.78
2020-06-29,1,10.3,10.18,10.35,10.09,1038480,1330678288.0,2.55,0.0,0.0,0.54
2020-06-30,1,10.21,10.18,10.26,10.1,937940,1199181600.0,1.57,0.0,0.0,0.48
2020-07-01,1,10.17,10.5,10.53,10.12,1697390,2202800848.0,4.03,3.14,0.32,0.87
2020-07-02,1,10.46,10.81,10.87,10.35,2590501,3433511088.0,4.95,2.95,0.31,1.33
2020-07-03,1,10.95,11.63,11.7,10.94,3768334,5280918016.0,7.03,7.59,0.82,1.94
2020-07-06,1,11.98,13.06,13.06,11.97,4711461,7168653312.0,9.37,12.3,1.43,2.43
2020-07-07,1,13.68,12.86,14.01,12.41,3964428,6267919616.0,12.25,-1.53,-0.2,2.04
2020-07-08,1,12.61,13.14,13.38,12.61,2631339,4095447760.0,5.99,2.18,0.28,1.36
2020-07-09,1,13.04,12.91,13.04,12.69,2243994,3469517328.0,2.66,-1.75,-0.23,1.16
2020-07-10,1,12.73,12.24,12.86,12.14,2158773,3254272384.0,5.58,-5.19,-0.67,1.11
2020-07-13,1,12.08,12.27,12.46,11.88,1937160,2871414848.0,4.74,0.25,0.03,1.0
2020-07-14,1,12.28,12.06,12.57,11.93,1953566,2891773824.0,5.22,-1.71,-0.21,1.01
2020-07-15,1,12.16,11.65,12.24,11.61,2042563,2947173152.0,5.22,-3.4,-0.41,1.05
2020-07-16,1,11.68,11.53,11.93,11.5,1930891,2771496384.0,3.69,-1.03,-0.12,1.0
2020-07-17,1,11.55,11.52,11.66,11.33,1291347,1821043920.0,2.86,-0.09,-0.01,0.67
2020-07-20,1,11.61,12.11,12.15,11.48,1979632,2872758064.0,5.82,5.12,0.59,1.02
2020-07-21,1,12.06,11.87,12.06,11.78,1252866,1815570304.0,2.31,-1.98,-0.24,0.65
2020-07-22,1,11.87,11.79,12.03,11.65,1312952,1895447232.0,3.2,-0.67,-0.08,0.68
2020-07-23,1,11.62,11.39,11.67,11.19,2027526,2838535216.0,4.07,-3.39,-0.4,1.04
2020-07-24,1,11.35,10.88,11.37,10.8,1830882,2504647104.0,5.0,-4.48,-0.51,0.94
2020-07-27,1,11.05,10.62,11.06,10.48,1880653,2497551472.0,5.33,-2.39,-0.26,0.97
2020-07-28,1,10.72,10.72,10.81,10.56,1217006,1618089552.0,2.35,0.94,0.1,0.63
2020-07-29,1,10.73,10.92,11.01,10.59,1519580,2043847472.0,3.92,1.87,0.2,0.78
2020-07-30,1,10.88,10.75,10.89,10.75,964068,1294444928.0,1.28,-1.56,-0.17,0.5
2020-07-31,1,10.66,10.72,10.91,10.63,1165822,1559068288.0,2.6,-0.28,-0.03,0.6
2020-08-03,1,10.85,10.97,11.0,10.81,1445096,1954607264.0,1.77,2.33,0.25,0.74
2020-08-04,1,11.04,11.42,11.53,10.86,2445663,3388510064.0,6.11,4.1,0.45,1.26
2020-08-05,1,11.2,11.14,11.23,11.0,1440203,1980352976.0,2.01,-2.45,-0.28,0.74
2020-08-06,1,11.2,11.28,11.34,11.03,1352511,1868047344.0,2.78,1.26,0.14,0.7
2020-08-07,1,11.18,11.08,11.28,11.0,988678,1356305776.0,2.48,-1.77,-0.2,0.51
2020-08-10,1,11.05,11.33,11.4,11.0,1587710,2208568320.0,3.61,2.26,0.25,0.82
2020-08-11,1,11.35,11.51,12.04,11.35,2603308,3748036832.0,6.09,1.59,0.18,1.34
2020-08-12,1,11.59,11.76,11.88,11.53,1596812,2287731088.0,3.04,2.17,0.25,0.82
2020-08-13,1,11.78,11.56,11.84,11.52,837262,1190139728.0,2.72,-1.7,-0.2,0.43
2020-08-14,1,11.48,11.85,11.89,11.44,1103216,1578543600.0,3.89,2.51,0.29,0.57
2020-08-17,1,11.98,12.57,12.73,11.93,3268028,4923669248.0,6.75,6.08,0.72,1.68
2020-08-18,1,12.58,12.53,12.68,12.29,1350261,2033477712.0,3.1,-0.32,-0.04,0.7
2020-08-19,1,12.49,12.48,12.73,12.34,1420928,2154215104.0,3.11,-0.4,-0.05,0.73
2020-08-20,1,12.39,11.97,12.52,11.91,1333802,1962605008.0,4.89,-4.09,-0.51,0.69
2020-08-21,1,12.09,11.83,12.09,11.7,1234517,1787278576.0,3.26,-1.17,-0.14,0.64
2020-08-24,1,11.88,11.84,12.09,11.79,919449,1338031968.0,2.54,0.08,0.01,0.47
2020-08-25,1,11.94,11.98,12.07,11.84,748320,1090756848.0,1.94,1.18,0.14,0.39
2020-08-26,1,11.98,11.75,11.99,11.66,734118,1057274176.0,2.75,-1.92,-0.23,0.38
2020-08-27,1,11.78,11.84,11.84,11.49,626667,895618656.0,2.98,0.77,0.09,0.32
2020-08-28,1,11.64,12.51,12.56,11.64,2410400,3599035696.0,7.77,5.66,0.67,1.24
2020-08-31,1,12.68,12.46,13.06,12.37,1797130,2760350320.0,5.52,-0.4,-0.05,0.93
2020-09-01,1,12.34,12.52,12.61,12.26,813643,1228342736.0,2.81,0.48,0.06,0.42
2020-09-02,1,12.39,12.7,12.91,12.39,1679383,2575966640.0,4.15,1.44,0.18,0.87
2020-09-03,1,12.7,12.28,12.71,12.22,1279842,1919266720.0,3.86,-3.31,-0.42,0.66
2020-09-04,1,12.11,12.34,12.44,11.98,909890,1353550816.0,3.75,0.49,0.06,0.47
2020-09-07,1,12.26,12.32,12.62,12.21,1031377,1551971376.0,3.32,-0.16,-0.02,0.53
2020-09-08,1,12.38,12.81,12.81,12.38,1407602,2154220784.0,3.49,3.98,0.49,0.73
2020-09-09,1,12.64,12.59,12.94,12.51,1013572,1554005568.0,3.36,-1.72,-0.22,0.52
2020-09-10,1,12.7,12.72,12.86,12.58,957092,1469402768.0,2.22,1.03,0.13,0.49
2020-09-11,1,12.56,12.39,12.68,12.2,954236,1431844016.0,3.77,-2.59,-0.33,0.49
2020-09-14,1,12.39,12.68,12.68,12.3,680251,1027508112.0,3.07,2.34,0.29,0.35
2020-09-15,1,12.58,12.73,12.86,12.53,657133,1007999040.0,2.6,0.39,0.05,0.34
2020-09-16,1,12.7,12.82,12.92,12.59,722415,1114667840.0,2.59,0.71,0.09,0.37
2020-09-17,1,12.92,12.95,13.1,12.78,988216,1543414496.0,2.5,1.01,0.13,0.51
2020-09-18,1,13.0,13.45,13.47,12.9,1373193,2186759088.0,4.4,3.86,0.5,0.71
2020-09-21,1,13.38,13.24,13.43,13.09,896162,1418370976.0,2.53,-1.56,-0.21,0.46
2020-09-22,1,13.05,12.95,13.22,12.77,867756,1354536272.0,3.4,-2.19,-0.29,0.45
2020-09-23,1,12.97,13.01,13.21,12.89,599200,939763264.0,2.47,0.46,0.06,0.31
2020-09-24,1,12.97,12.5,12.99,12.5,1061011,1623376208.0,3.77,-3.92,-0.51,0.55
2020-09-25,1,12.58,12.57,12.69,12.49,614087,933035040.0,1.6,0.56,0.07,0.32
2020-09-28,1,12.57,12.69,12.75,12.36,612711,932800768.0,3.1,0.95,0.12,0.32
2020-09-29,1,12.77,12.18,12.79,12.14,1182374,1766848544.0,5.12,-4.02,-0.51,0.61
2020-09-30,1,12.18,12.55,12.65,12.18,1217065,1838547600.0,3.86,3.04,0.37,0.63
2020-10-09,1,12.68,12.56,12.93,12.51,900426,1376995904.0,3.35,0.08,0.01,0.46
2020-10-12,1,12.6,13.28,13.43,12.59,1591347,2509002880.0,6.69,5.73,0.72,0.82
2020-10-13,1,13.28,13.44,13.49,13.15,908819,1453986336.0,2.56,1.2,0.16,0.47
2020-10-14,1,13.42,13.41,13.5,13.18,662562,1057937824.0,2.38,-0.22,-0.03,0.34
2020-10-15,1,13.58,13.94,14.3,13.53,1600062,2654379584.0,5.74,3.95,0.53,0.82
2020-10-16,1,13.94,14.48,14.75,13.92,2095614,3589229552.0,5.95,3.87,0.54,1.08
2020-10-19,1,14.68,14.86,15.48,14.68,2016106,3571336000.0,5.52,2.62,0.38,1.04
2020-10-20,1,14.86,14.92,14.98,14.63,960072,1673173360.0,2.36,0.4,0.06,0.49
2020-10-21,1,15.02,15.29,15.38,14.71,1244560,2204040368.0,4.49,2.48,0.37,0.64
2020-10-22,1,15.32,14.94,15.88,14.68,1890519,3342069008.0,7.85,-2.29,-0.35,0.97
2020-10-23,1,14.91,15.51,16.16,14.91,1698502,3105623952.0,8.37,3.82,0.57,0.88
2020-10-26,1,15.58,15.08,15.67,14.83,1175599,2085800592.0,5.42,-2.77,-0.43,0.61
2020-10-27,1,15.38,15.14,15.38,14.88,1034865,1839243232.0,3.32,0.4,0.06,0.53
2020-10-28,1,15.14,15.01,15.28,14.67,1205824,2125604544.0,4.03,-0.86,-0.13,0.62
2020-10-29,1,14.92,15.15,15.31,14.73,846604,1498040944.0,3.86,0.93,0.14,0.44
2020-10-30,1,15.12,15.13,15.74,14.98,1007804,1813064336.0,5.02,-0.13,-0.02,0.52
2020-11-02,1,15.03,15.01,15.43,14.71,968453,1702741440.0,4.76,-0.79,-0.12,0.5
2020-11-03,1,15.09,15.34,15.72,15.08,957869,1727488480.0,4.26,2.2,0.33,0.49
2020-11-04,1,15.73,15.7,15.86,15.34,1247636,2275824960.0,3.39,2.35,0.36,0.64
2020-11-05,1,15.75,15.08,15.88,14.92,1429469,2558562448.0,6.11,-3.95,-0.62,0.74
2020-11-06,1,15.09,15.02,15.13,14.6,848782,1486492208.0,3.51,-0.4,-0.06,0.44
2020-11-09,1,15.05,15.22,15.38,14.92,951424,1688807408.0,3.06,1.33,0.2,0.49
2020-11-10,1,15.38,15.49,15.88,15.31,1021063,1854142816.0,3.75,1.77,0.27,0.53
2020-11-11,1,15.58,15.19,15.68,14.98,940130,1677811472.0,4.52,-1.94,-0.3,0.48
2020-11-12,1,15.19,15.04,15.32,14.83,677258,1197284176.0,3.23,-0.99,-0.15,0.35
2020-11-13,1,14.8,14.56,14.85,14.07,1289189,2191492016.0,5.19,-3.19,-0.48,0.66
2020-11-16,1,14.46,14.75,14.81,14.28,759857,1308190464.0,3.64,1.3,0.19,0.39
2020-11-17,1,14.76,15.21,15.31,14.63,852931,1509511584.0,4.61,3.12,0.46,0.44
2020-11-18,1,15.16,15.84,15.88,15.13,1373401,2508632640.0,4.93,4.14,0.63,0.71
2020-11-19,1,15.97,16.23,16.36,15.68,1211741,2270476480.0,4.29,2.46,0.39,0.62
2020-11-20,1,16.21,16.24,16.37,15.9,673919,1265262912.0,2.9,0.06,0.01,0.35
2020-11-23,1,16.23,17.0,17.0,16.18,1165858,2252290576.0,5.05,4.68,0.76,0.6
2020-11-24,1,17.0,16.74,17.06,16.55,678543,1313496144.0,3.0,-1.53,-0.26,0.35
2020-11-25,1,16.86,16.44,17.08,16.43,552585,1068352016.0,3.88,-1.79,-0.3,0.28
2020-11-26,1,16.43,16.88,16.99,16.41,639658,1240074384.0,3.53,2.68,0.44,0.33
2020-11-27,1,17.38,17.08,17.38,16.76,753774,1479430640.0,3.67,1.18,0.2,0.39
2020-11-30,1,17.28,17.12,18.26,16.97,1581441,3213680464.0,7.55,0.23,0.04,0.81
2020-12-01,1,17.08,17.43,17.89,16.78,1263720,2516010784.0,6.48,1.81,0.31,0.65
2020-12-02,1,17.31,17.01,17.44,16.9,889385,1758639184.0,3.1,-2.41,-0.42,0.46
2020-12-03,1,17.16,16.92,17.24,16.55,714452,1393085024.0,4.06,-0.53,-0.09,0.37
2020-12-04,1,16.85,16.68,16.85,16.35,891348,1707639072.0,2.96,-1.42,-0.24,0.46
2020-12-07,1,16.69,16.29,16.77,16.06,873807,1655173472.0,4.26,-2.34,-0.39,0.45
2020-12-08,1,16.3,16.09,16.41,15.91,719648,1345951728.0,3.07,-1.23,-0.2,0.37
2020-12-09,1,16.17,16.09,16.43,16.06,677221,1277484448.0,2.3,0.0,0.0,0.35
2020-12-10,1,16.11,16.03,16.26,15.83,607867,1130916256.0,2.67,-0.37,-0.06,0.31
2020-12-11,1,16.09,15.9,16.18,15.6,887794,1642392320.0,3.62,-0.81,-0.13,0.46
2020-12-14,1,15.98,16.26,16.44,15.88,835992,1575396016.0,3.52,2.26,0.36,0.43
2020-12-15,1,16.18,16.12,16.23,15.53,788858,1458268624.0,4.31,-0.86,-0.14,0.41
2020-12-16,1,16.18,16.39,16.48,15.96,689070,1302133808.0,3.23,1.67,0.27,0.36
2020-12-17,1,16.29,16.33,16.45,15.98,686141,1294658304.0,2.87,-0.37,-0.06,0.35
2020-12-18,1,16.38,15.74,16.48,15.61,1058756,1959764080.0,5.33,-3.61,-0.59,0.55
2020-12-21,1,15.68,15.66,16.02,15.41,906878,1662649808.0,3.88,-0.51,-0.08,0.47
2020-12-22,1,15.74,15.28,16.03,15.26,1028738,1873638736.0,4.92,-2.43,-0.38,0.53
2020-12-23,1,15.34,15.38,15.45,15.17,750083,1345650736.0,1.83,0.65,0.1,0.39
2020-12-24,1,15.53,15.64,15.87,15.43,632950,1155767280.0,2.86,1.69,0.26,0.33
2020-12-25,1,15.64,15.42,15.64,15.18,577077,1038128192.0,2.94,-1.41,-0.22,0.3
2020-12-28,1,15.4,16.23,16.24,15.34,1270337,2352947328.0,5.84,5.25,0.81,0.65
2020-12-29,1,16.25,16.55,16.68,16.08,963092,1837947232.0,3.7,1.97,0.32,0.5
2020-12-30,1,16.38,16.58,16.58,16.1,978498,1854082816.0,2.9,0.18,0.03,0.5
2020-12-31,1,16.59,16.72,16.96,16.4,924503,1781736288.0,3.38,0.84,0.14,0.48
2021-01-04,1,16.48,15.98,16.48,15.82,1554216,2891682320.0,3.95,-4.43,-0.74,0.8
2021-01-05,1,15.78,15.55,15.86,15.18,1821352,3284606912.0,4.26,-2.69,-0.43,0.94
2021-01-06,1,15.46,16.94,16.94,15.38,1934945,3648521904.0,10.03,8.94,1.39,1.0
2021-01-07,1,16.9,17.28,17.36,16.61,1584185,3111274624.0,4.43,2.01,0.34,0.82
2021-01-08,1,17.28,17.23,17.48,16.69,1195473,2348316368.0,4.57,-0.29,-0.05,0.62
2021-01-11,1,17.38,17.76,18.02,17.38,1790457,3652546640.0,3.71,3.08,0.53,0.92
2021-01-12,1,17.77,18.38,18.38,17.56,1288166,2657687440.0,4.62,3.49,0.62,0.66
2021-01-13,1,18.38,18.08,18.39,17.78,1049120,2161849712.0,3.32,-1.63,-0.3,0.54
2021-01-14,1,18.06,17.55,18.27,17.33,1130156,2306404544.0,5.2,-2.93,-0.53,0.58
2021-01-15,1,18.38,18.38,19.33,18.2,2480689,5311218176.0,6.44,4.73,0.83,1.28
2021-01-18,1,18.58,20.08,20.16,18.58,2157302,4792909568.0,8.6,9.25,1.7,1.11
2021-01-19,1,19.89,19.72,20.22,19.43,1242088,2790056608.0,3.93,-1.79,-0.36,0.64
2021-01-20,1,19.53,19.85,20.35,19.5,1280793,2889249856.0,4.31,0.66,0.13,0.66
2021-01-21,1,19.88,19.61,20.18,19.53,944779,2114252736.0,3.27,-1.21,-0.24,0.49
2021-01-22,1,19.61,19.41,19.61,18.89,924434,2025834768.0,3.67,-1.02,-0.2,0.48
2021-01-25,1,19.1,19.87,19.98,18.81,1028365,2269032816.0,6.03,2.37,0.46,0.53
2021-01-26,1,19.68,19.75,20.7,19.68,1126721,2558575504.0,5.13,-0.6,-0.12,0.58
2021-01-27,1,19.69,20.46,20.85,19.69,1294153,2976800960.0,5.87,3.59,0.71,0.67
2021-01-28,1,20.16,20.19,20.56,19.83,857477,1948881152.0,3.57,-1.32,-0.27,0.44
2021-01-29,1,20.19,20.47,20.92,20.09,1240258,2864101424.0,4.11,1.39,0.28,0.64
2021-02-01,1,20.38,21.93,22.37,20.08,1475239,3529556992.0,11.19,7.13,1.46,0.76
2021-02-02,1,20.76,20.66,21.48,20.29,2416169,5679180032.0,5.43,-5.79,-1.27,1.25
2021-02-03,1,20.86,22.33,22.56,20.76,1923272,4690176512.0,8.71,8.08,1.67,0.99
2021-02-04,1,21.56,21.98,22.62,21.42,1255248,3084553744.0,5.37,-1.57,-0.35,0.65
2021-02-05,1,21.98,22.31,22.69,21.65,1015576,2517804160.0,4.73,1.5,0.33,0.52
2021-02-08,1,22.28,22.18,22.28,21.48,1084265,2650948256.0,3.59,-0.58,-0.13,0.56
2021-02-09,1,22.17,21.96,22.22,21.55,942094,2302978160.0,3.02,-0.99,-0.22,0.49
2021-02-10,1,21.98,21.2,22.34,20.76,1918867,4569742080.0,7.19,-3.46,-0.76,0.99
2021-02-18,1,21.38,21.68,21.93,20.86,1505231,3619387648.0,5.05,2.26,0.48,0.78
2021-02-19,1,21.34,21.23,21.57,20.95,922583,2197558288.0,2.86,-2.08,-0.45,0.48
2021-02-22,1,21.18,19.76,21.18,19.64,1956842,4445818624.0,7.25,-6.92,-1.47,1.01
2021-02-23,1,19.76,19.31,20.06,19.2,1870460,4160776608.0,4.35,-2.28,-0.45,0.96
2021-02-24,1,19.65,19.54,19.66,18.94,1428500,3144209056.0,3.73,1.19,0.23,0.74
2021-02-25,1,19.78,19.47,19.94,19.06,1593403,3524600800.0,4.5,-0.36,-0.07,0.82
2021-02-26,1,18.98,18.76,19.34,18.59,1124977,2424653760.0,3.85,-3.65,-0.71,0.58
2021-03-01,1,18.92,18.83,19.06,18.56,1125387,2408050912.0,2.67,0.37,0.07,0.58
2021-03-02,1,19.0,19.03,19.53,18.64,1473425,3196536976.0,4.73,1.06,0.2,0.76
2021-03-03,1,18.96,20.39,20.46,18.84,1919635,4320024320.0,8.51,7.15,1.36,0.99
2021-03-04,1,20.15,20.3,20.87,20.03,1213579,2799747152.0,4.12,-0.44,-0.09,0.63
2021-03-05,1,20.08,19.72,20.36,19.24,880171,1960439120.0,5.52,-2.86,-0.58,0.45
2021-03-08,1,19.82,18.98,20.07,18.86,993774,2189190960.0,6.14,-3.75,-0.74,0.51
2021-03-09,1,19.06,18.23,19.3,17.96,1361895,2882931920.0,7.06,-3.95,-0.75,0.7
2021-03-10,1,18.22,17.78,18.29,17.66,1149417,2356185008.0,3.46,-2.47,-0.45,0.59
2021-03-11,1,17.96,18.65,18.76,17.94,1048659,2213107792.0,4.61,4.89,0.87,0.54
2021-03-12,1,18.75,18.86,19.08,18.58,697201,1494219072.0,2.68,1.13,0.21,0.36
2021-03-15,1,18.78,18.98,19.5,18.49,958749,2077984896.0,5.36,0.64,0.12,0.49
2021-03-16,1,18.98,19.04,19.49,18.65,939684,2038470656.0,4.43,0.32,0.06,0.48
2021-03-17,1,18.83,18.58,18.93,18.28,821489,1738185856.0,3.41,-2.42,-0.46,0.42
2021-03-18,1,18.68,19.11,19.11,18.38,691610,1483801552.0,3.93,2.85,0.53,0.36
2021-03-19,1,18.91,17.85,19.03,17.75,1525622,3159181040.0,6.7,-6.59,-1.26,0.79
2021-03-22,1,17.93,18.93,18.93,17.91,1451190,3087549488.0,5.71,6.05,1.08,0.75
2021-03-23,1,18.95,18.61,19.03,18.34,682903,1448043616.0,3.65,-1.69,-0.32,0.35
2021-03-24,1,18.59,17.91,18.66,17.83,850085,1757688576.0,4.46,-3.76,-0.7,0.44
2021-03-25,1,17.96,18.13,18.21,17.78,492666,1017166048.0,2.4,1.23,0.22,0.25
2021-03-26,1,18.22,18.52,18.78,18.14,822108,1733412576.0,3.53,2.15,0.39,0.42
2021-03-29,1,18.66,18.87,19.03,18.58,785667,1684397872.0,2.43,1.89,0.35,0.4
2021-03-30,1,18.76,19.31,19.31,18.59,738655,1601238496.0,3.82,2.33,0.44,0.38
2021-03-31,1,19.15,19.39,19.45,18.98,777028,1699922176.0,2.43,0.41,0.08,0.4
2021-04-01,1,19.46,19.16,19.49,18.88,544449,1183868016.0,3.15,-1.19,-0.23,0.28
2021-04-02,1,19.08,18.88,19.11,18.74,581084,1249405392.0,1.93,-1.46,-0.28,0.3
2021-04-06,1,18.93,19.06,19.47,18.89,401103,873387024.0,3.07,0.95,0.18,0.21
2021-04-07,1,19.26,19.02,19.31,18.69,517605,1116774448.0,3.25,-0.21,-0.04,0.27
2021-04-08,1,18.84,18.94,19.11,18.71,383030,825170848.0,2.1,-0.42,-0.08,0.2
2021-04-09,1,19.09,18.68,19.1,18.46,398960,849870880.0,3.38,-1.37,-0.26,0.21
2021-04-12,1,18.89,18.08,18.89,18.01,594743,1240067312.0,4.71,-3.21,-0.6,0.31
2021-04-13,1,18.1,18.16,18.26,17.97,499904,1036992688.0,1.6,0.44,0.08,0.26
2021-04-14,1,18.17,18.05,18.32,17.8,537438,1113001536.0,2.86,-0.61,-0.11,0.28
2021-04-15,1,18.14,17.74,18.15,17.46,735865,1494016048.0,3.82,-1.72,-0.31,0.38
2021-04-16,1,17.74,17.64,17.81,17.19,729998,1466509056.0,3.49,-0.56,-0.1,0.38
2021-04-19,1,17.41,18.53,18.62,17.29,1112283,2304021472.0,7.54,5.05,0.89,0.57
2021-04-20,1,18.46,19.07,19.33,18.3,834773,1798249024.0,5.56,2.91,0.54,0.43
2021-04-21,1,19.68,20.39,20.57,19.67,1597100,3644577536.0,4.72,6.92,1.32,0.82
2021-04-22,1,20.57,20.36,20.61,20.16,829694,1905208912.0,2.21,-0.15,-0.03,0.43
2021-04-23,1,20.7,20.67,21.03,20.45,823230,1920413504.0,2.85,1.52,0.31,0.42
2021-04-26,1,21.25,20.32,21.61,20.28,872418,2037109600.0,6.43,-1.69,-0.35,0.45
2021-04-27,1,20.33,20.32,20.57,20.24,470431,1083043584.0,1.62,0.0,0.0,0.24
2021-04-28,1,20.67,20.73,20.83,20.16,593838,1375141408.0,3.3,2.02,0.41,0.31
2021-04-29,1,20.72,20.97,21.09,20.49,614837,1439823968.0,2.89,1.16,0.24,0.32
2021-04-30,1,20.73,20.67,20.87,20.39,561981,1308177200.0,2.29,-1.43,-0.3,0.29
2021-05-06,1,20.48,20.88,21.08,20.48,500295,1174181616.0,2.9,1.02,0.21,0.26
2021-05-07,1,21.05,21.43,21.68,20.77,802214,1929112368.0,4.36,2.63,0.55,0.41
2021-05-10,1,21.38,21.24,21.42,20.4,661439,1566860768.0,4.76,-0.89,-0.19,0.34
2021-05-11,1,21.0,20.91,21.13,20.44,497223,1161846400.0,3.25,-1.55,-0.33,0.26
2021-05-12,1,20.67,20.93,21.02,20.26,533265,1245517712.0,3.63,0.1,0.02,0.27
2021-05-13,1,20.9,20.45,20.97,20.22,549653,1271946304.0,3.58,-2.29,-0.48,0.28
2021-05-14,1,20.7,20.88,20.99,20.16,563785,1300250944.0,4.06,2.1,0.43,0.29
2021-05-17,1,20.71,21.16,21.38,20.51,527565,1241605200.0,4.17,1.34,0.28,0.27
2021-05-18,1,21.41,21.46,21.67,20.96,395415,939786736.0,3.36,1.42,0.3,0.2
2021-05-19,1,21.38,21.16,21.69,21.08,429420,1022553744.0,2.84,-1.4,-0.3,0.22
2021-05-20,1,20.97,21.38,21.4,20.83,405788,957478848.0,2.69,1.04,0.22,0.21
2021-05-21,1,21.44,21.05,21.65,20.59,539336,1263058112.0,4.96,-1.54,-0.33,0.28
2021-05-24,1,21.04,21.04,21.16,20.75,343936,806092208.0,1.95,-0.05,-0.01,0.18
2021-05-25,1,21.1,22.16,22.29,21.01,972375,2363145904.0,6.08,5.32,1.12,0.5
2021-05-26,1,22.2,22.57,22.68,22.06,919264,2286540256.0,2.8,1.85,0.41,0.47
2021-05-27,1,22.47,22.35,22.72,22.08,504091,1246712048.0,2.84,-0.97,-0.22,0.26
2021-05-28,1,22.24,22.06,22.27,21.72,492401,1200523312.0,2.46,-1.3,-0.29,0.25
2021-05-31,1,21.89,21.76,22.09,21.47,515351,1244209040.0,2.81,-1.36,-0.3,0.27
2021-06-01,1,21.76,21.48,21.81,21.06,625018,1490476624.0,3.45,-1.29,-0.28,0.32
2021-06-02,1,21.45,21.45,21.48,20.94,497527,1176608128.0,2.51,-0.14,-0.03,0.26
2021-06-03,1,21.28,21.33,21.7,21.24,400901,958876480.0,2.14,-0.56,-0.12,0.21
2021-06-04,1,21.55,22.1,22.52,21.36,756739,1851425840.0,5.44,3.61,0.77,0.39
2021-06-07,1,22.04,21.86,22.04,21.49,447914,1081738832.0,2.49,-1.09,-0.24,0.23
2021-06-08,1,21.71,22.09,22.13,21.51,570078,1384120304.0,2.84,1.05,0.23,0.29
2021-06-09,1,21.99,22.21,22.44,21.74,453832,1116771376.0,3.17,0.54,0.12,0.23
2021-06-10,1,22.22,21.76,22.62,21.71,530215,1294972560.0,4.1,-2.03,-0.45,0.27
2021-06-11,1,21.87,20.93,21.91,20.68,834665,1965393120.0,5.65,-3.81,-0.83,0.43
2021-06-15,1,20.91,20.78,20.99,20.36,660623,1524503472.0,3.01,-0.72,-0.15,0.34
2021-06-16,1,20.78,20.82,20.96,20.57,378208,878470832.0,1.88,0.19,0.04,0.19
2021-06-17,1,20.58,20.66,21.25,20.58,453282,1059121808.0,3.22,-0.77,-0.16,0.23
2021-06-18,1,20.69,20.21,20.84,19.95,694099,1574437728.0,4.31,-2.18,-0.45,0.36
2021-06-21,1,20.16,19.72,20.23,19.57,718273,1600119856.0,3.27,-2.42,-0.49,0.37
2021-06-22,1,19.94,20.53,20.65,19.81,757751,1720058048.0,4.26,4.11,0.81,0.39
2021-06-23,1,20.41,20.7,20.97,20.28,447908,1035835696.0,3.36,0.83,0.17,0.23
2021-06-24,1,20.59,20.64,20.68,20.24,390283,894502112.0,2.13,-0.29,-0.06,0.2
2021-06-25,1,20.64,20.92,21.16,20.62,559973,1310287392.0,2.62,1.36,0.28,0.29
2021-06-28,1,20.92,20.34,20.95,20.04,626257,1425702208.0,4.35,-2.77,-0.58,0.32
2021-06-29,1,20.14,19.9,20.35,19.56,1049749,2341926368.0,3.88,-2.16,-0.44,0.54
2021-06-30,1,19.92,20.18,20.49,19.91,403435,913285184.0,2.91,1.41,0.28,0.21
2021-07-01,1,20.37,20.76,21.06,20.08,664833,1530548800.0,4.86,2.87,0.58,0.34
2021-07-02,1,20.28,19.37,20.3,19.32,1070678,2360189792.0,4.72,-6.7,-1.39,0.55
2021-07-05,1,19.25,19.62,19.71,18.65,859341,1859394320.0,5.47,1.29,0.25,0.44
2021-07-06,1,19.64,20.34,20.56,19.41,791957,1784792784.0,5.86,3.67,0.72,0.41
2021-07-07,1,20.24,20.11,20.61,20.06,468945,1063910096.0,2.7,-1.13,-0.23,0.24
2021-07-08,1,20.34,19.07,20.34,18.76,1457059,3140657440.0,7.86,-5.17,-1.04,0.75
2021-07-09,1,18.86,18.83,19.19,18.58,762365,1625461600.0,3.2,-1.26,-0.24,0.39
2021-07-12,1,19.06,18.72,19.06,18.45,877901,1859059504.0,3.24,-0.58,-0.11,0.45
2021-07-13,1,18.71,18.68,18.9,18.1,657614,1382029136.0,4.27,-0.21,-0.04,0.34
2021-07-14,1,18.56,18.32,18.56,17.97,847951,1755810880.0,3.16,-1.93,-0.36,0.44
2021-07-15,1,18.28,19.18,19.28,18.19,956003,2040266256.0,5.95,4.69,0.86,0.49
2021-07-16,1,18.97,18.9,19.38,18.86,573003,1230180816.0,2.71,-1.46,-0.28,0.3
2021-07-19,1,18.92,18.77,18.99,18.34,522136,1098434736.0,3.44,-0.69,-0.13,0.27
2021-07-20,1,18.66,18.16,18.76,18.03,804034,1665315552.0,3.89,-3.25,-0.61,0.41
2021-07-21,1,18.14,18.01,18.36,17.76,753077,1535327568.0,3.3,-0.83,-0.15,0.39
2021-07-22,1,18.01,17.94,18.22,17.8,868648,1773999328.0,2.33,-0.39,-0.07,0.45
2021-07-23,1,17.94,17.66,17.94,17.56,727404,1461467504.0,2.12,-1.56,-0.28,0.37
2021-07-26,1,17.52,16.36,17.55,15.99,1451304,2770236704.0,8.83,-7.36,-1.3,0.75
2021-07-27,1,16.43,15.32,16.55,15.16,1357551,2461708368.0,8.5,-6.36,-1.04,0.7
2021-07-28,1,15.41,15.31,15.63,15.24,1062994,1898562592.0,2.55,-0.07,-0.01,0.55
2021-07-29,1,15.47,15.52,15.8,15.34,872378,1566107824.0,3.0,1.37,0.21,0.45
2021-07-30,1,15.48,15.25,15.61,14.8,950156,1679747312.0,5.22,-1.74,-0.27,0.49
2021-08-02,1,15.2,15.57,15.7,14.74,1159923,2056014240.0,6.3,2.1,0.32,0.6
2021-08-03,1,15.55,15.45,15.71,15.22,896949,1609422576.0,3.15,-0.77,-0.12,0.46
2021-08-04,1,15.6,15.37,15.63,15.16,729620,1300164288.0,3.04,-0.52,-0.08,0.38
2021-08-05,1,15.26,15.24,15.61,15.14,621574,1104903008.0,3.06,-0.85,-0.13,0.32
2021-08-06,1,15.11,15.42,15.46,15.01,567454,1005870944.0,2.95,1.18,0.18,0.29
2021-08-09,1,15.47,16.62,16.81,15.4,1752798,3313803232.0,9.14,7.78,1.2,0.9
2021-08-10,1,16.65,17.29,17.54,16.46,1301988,2535427984.0,6.5,4.03,0.67,0.67
2021-08-11,1,17.55,17.37,18.14,17.26,1048308,2104975152.0,5.09,0.46,0.08,0.54
2021-08-12,1,17.35,17.45,17.86,17.19,666458,1330388048.0,3.86,0.46,0.08,0.34
2021-08-13,1,17.34,17.45,17.48,17.06,562885,1110191392.0,2.41,0.0,0.0,0.29
2021-08-16,1,17.65,17.51,17.76,17.13,627050,1247681168.0,3.61,0.34,0.06,0.32
2021-08-17,1,17.41,17.23,17.78,17.17,476022,947385520.0,3.48,-1.6,-0.28,0.25
2021-08-18,1,17.23,18.18,18.76,17.11,1332732,2732213552.0,9.58,5.51,0.95,0.69
2021-08-19,1,18.04,17.9,18.18,17.58,649976,1315320352.0,3.3,-1.54,-0.28,0.33
2021-08-20,1,17.53,16.98,17.63,16.26,1614628,3119152560.0,7.65,-5.14,-0.92,0.83
2021-08-23,1,17.06,16.86,17.61,16.67,1191849,2315871648.0,5.54,-0.71,-0.12,0.61
2021-08-24,1,16.91,16.92,17.53,16.77,868953,1690760832.0,4.51,0.36,0.06,0.45
2021-08-25,1,16.98,16.72,17.03,16.51,698084,1341330416.0,3.07,-1.18,-0.2,0.36
2021-08-26,1,16.76,16.02,16.82,15.97,951619,1783725040.0,5.08,-4.19,-0.7,0.49
2021-08-27,1,16.12,15.95,16.44,15.87,728820,1354408976.0,3.56,-0.44,-0.07,0.38
2021-08-30,1,15.77,15.28,15.85,15.11,1252211,2221855856.0,4.64,-4.2,-0.67,0.65
2021-08-31,1,15.28,15.36,15.49,14.87,1174868,2072006848.0,4.06,0.52,0.08,0.61
2021-09-01,1,15.04,15.44,15.48,14.57,2316894,4046284160.0,5.92,0.52,0.08,1.19
2021-09-02,1,15.56,15.96,16.34,15.36,2422604,4454545408.0,6.35,3.37,0.52,1.25
2021-09-03,1,16.06,15.6,16.06,15.26,1394819,2523273152.0,5.01,-2.26,-0.36,0.72
2021-09-06,1,15.49,16.01,16.16,15.34,1515226,2780281088.0,5.26,2.63,0.41,0.78
2021-09-07,1,16.16,16.8,17.12,15.91,1622344,3067365664.0,7.56,4.93,0.79,0.84
2021-09-08,1,16.8,16.79,17.11,16.66,1026201,1979771472.0,2.68,-0.06,-0.01,0.53
2021-09-09,1,16.67,16.56,16.71,16.36,739506,1399536016.0,2.08,-1.37,-0.23,0.38
2021-09-10,1,16.45,18.13,18.33,16.4,2314945,4668361728.0,11.65,9.48,1.57,1.19
2021-09-13,1,17.92,17.77,18.07,17.37,1297228,2606152384.0,3.86,-1.99,-0.36,0.67
2021-09-14,1,17.74,16.93,17.83,16.83,1158173,2272080160.0,5.63,-4.73,-0.84,0.6
2021-09-15,1,16.87,17.08,18.55,16.75,841618,1639298368.0,10.63,0.89,0.15,0.43
2021-09-16,1,16.86,16.64,17.06,16.29,1176954,2234474944.0,4.51,-2.58,-0.44,0.61
2021-09-17,1,16.46,16.09,16.56,15.97,1124880,2098715200.0,3.55,-3.31,-0.55,0.58
2021-09-22,1,15.43,15.54,15.61,14.98,1473365,2616707248.0,3.92,-3.42,-0.55,0.76
2021-09-23,1,15.66,15.24,15.88,15.21,1379838,2465683712.0,4.31,-1.93,-0.3,0.71
2021-09-24,1,15.16,14.91,15.24,14.9,1265696,2209461936.0,2.23,-2.17,-0.33,0.65
2021-09-27,1,14.77,15.13,15.24,14.62,1140668,1979196736.0,4.16,1.48,0.22,0.59
2021-09-28,1,15.03,15.53,15.73,15.01,1293167,2311265536.0,4.76,2.64,0.4,0.67
2021-09-29,1,15.42,15.71,16.0,15.27,1230122,2225416496.0,4.7,1.16,0.18,0.63
2021-09-30,1,15.65,15.49,15.76,15.27,795611,1424675920.0,3.12,-1.4,-0.22,0.41
2021-10-08,1,15.73,16.2,16.45,15.58,1159201,2146983888.0,5.62,4.58,0.71,0.6
2021-10-11,1,16.56,16.96,17.3,16.56,1455338,2829310848.0,4.57,4.69,0.76,0.75
2021-10-12,1,16.86,16.91,17.27,16.76,1031232,2004823968.0,3.01,-0.29,-0.05,0.53
2021-10-13,1,16.86,17.14,17.47,16.73,807897,1577612464.0,4.38,1.36,0.23,0.42
2021-10-14,1,17.15,16.77,17.48,16.45,842990,1623970432.0,6.01,-2.16,-0.37,0.43
2021-10-15,1,16.56,17.22,17.46,16.56,993494,1948647232.0,5.37,2.68,0.45,0.51
2021-10-18,1,17.01,16.85,17.11,16.66,729623,1408737776.0,2.61,-2.15,-0.37,0.38
2021-10-19,1,16.71,17.13,17.24,16.71,682415,1330501296.0,3.15,1.66,0.28,0.35
2021-10-20,1,17.31,16.8,17.34,16.75,662956,1283356224.0,3.44,-1.93,-0.33,0.34
2021-10-21,1,17.08,17.56,17.62,16.81,1621661,3198266208.0,4.82,4.52,0.76,0.84
2021-10-22,1,17.72,17.6,18.15,17.36,1134964,2287284928.0,4.5,0.23,0.04,0.58
2021-10-25,1,17.27,17.68,17.76,17.06,730828,1458800096.0,3.98,0.45,0.08,0.38
2021-10-26,1,17.62,17.61,18.01,17.42,652807,1313475888.0,3.34,-0.4,-0.07,0.34
2021-10-27,1,17.56,17.48,17.73,17.15,687600,1365982832.0,3.29,-0.74,-0.13,0.35
2021-10-28,1,17.36,17.28,17.5,16.93,619011,1211946112.0,3.26,-1.14,-0.2,0.32
2021-10-29,1,17.19,17.06,17.3,16.88,539930,1052760272.0,2.43,-1.27,-0.22,0.28
2021-11-01,1,16.89,16.95,17.29,16.57,841490,1626762032.0,4.22,-0.64,-0.11,0.43
2021-11-02,1,16.93,15.74,17.05,15.55,1997691,3691356320.0,8.85,-7.14,-1.21,1.03
2021-11-03,1,15.66,15.59,15.8,15.41,1114972,2009325072.0,2.48,-0.95,-0.15,0.57
2021-11-04,1,15.64,15.43,15.66,15.36,983411,1760671904.0,1.92,-1.03,-0.16,0.51
2021-11-05,1,15.41,15.2,15.56,15.13,1096040,1942415600.0,2.79,-1.49,-0.23,0.56
2021-11-08,1,15.18,14.98,15.37,14.92,1376815,2406417776.0,2.96,-1.45,-0.22,0.71
2021-11-09,1,15.04,15.09,15.21,14.82,1240573,2163193120.0,2.6,0.73,0.11,0.64
2021-11-10,1,15.02,14.96,15.03,14.72,1220851,2109735152.0,2.05,-0.86,-0.13,0.63
2021-11-11,1,14.91,15.91,15.99,14.88,2084729,3752413856.0,7.42,6.35,0.95,1.07
2021-11-12,1,15.87,15.83,16.19,15.67,957546,1753072720.0,3.27,-0.5,-0.08,0.49
2021-11-15,1,15.91,15.99,16.19,15.76,655090,1203764096.0,2.72,1.01,0.16,0.34
2021-11-16,1,15.92,15.78,16.1,15.73,601110,1099113408.0,2.31,-1.31,-0.21,0.31
2021-11-17,1,15.71,15.67,15.86,15.54,664640,1203859184.0,2.03,-0.7,-0.11,0.34
2021-11-18,1,15.65,15.36,15.68,15.29,799844,1430058304.0,2.49,-1.98,-0.31,0.41
2021-11-19,1,15.36,15.71,15.8,15.26,786372,1414506384.0,3.52,2.28,0.35,0.41
2021-11-22,1,15.59,15.68,15.81,15.46,738618,1337768176.0,2.23,-0.19,-0.03,0.38
2021-11-23,1,15.67,15.44,15.91,15.24,1235978,2213817584.0,4.27,-1.53,-0.24,0.64
2021-11-24,1,15.33,15.43,15.51,15.22,741311,1316774400.0,1.88,-0.06,-0.01,0.38
2021-11-25,1,15.3,15.24,15.35,15.19,603533,1068221312.0,1.04,-1.23,-0.19,0.31
2021-11-26,1,15.18,15.14,15.23,15.08,694500,1219937312.0,0.98,-0.66,-0.1,0.36
2021-11-29,1,14.97,15.07,15.13,14.92,512595,895105984.0,1.39,-0.46,-0.07,0.26
2021-11-30,1,15.1,15.0,15.24,14.91,733616,1280384560.0,2.19,-0.46,-0.07,0.38
2021-12-01,1,14.99,15.2,15.33,14.93,706925,1243666848.0,2.67,1.33,0.2,0.36
2021-12-02,1,15.18,15.15,15.37,14.93,994798,1749164560.0,2.89,-0.33,-0.05,0.51
2021-12-03,1,15.2,15.21,15.26,14.97,707600,1242375056.0,1.91,0.4,0.06,0.36
2021-12-06,1,15.41,15.66,16.12,15.36,2145625,3896385168.0,5.0,2.96,0.45,1.11
2021-12-07,1,15.86,16.02,16.23,15.71,1616444,2979968976.0,3.32,2.3,0.36,0.83
2021-12-08,1,16.01,16.03,16.11,15.72,980281,1798691056.0,2.43,0.06,0.01,0.51
2021-12-09,1,16.05,16.26,16.62,15.93,1455887,2726663440.0,4.3,1.43,0.23,0.75
2021-12-10,1,16.07,15.94,16.26,15.83,989255,1824076528.0,2.64,-1.97,-0.32,0.51
2021-12-13,1,16.03,15.83,16.44,15.74,1314490,2427803728.0,4.39,-0.69,-0.11,0.68
2021-12-14,1,15.72,15.14,15.73,15.08,1937209,3434156320.0,4.11,-4.36,-0.69,1.0
2021-12-15,1,15.07,15.11,15.22,14.96,1294627,2269821040.0,1.72,-0.2,-0.03,0.67
2021-12-16,1,15.11,15.28,15.29,15.02,819480,1445483376.0,1.79,1.13,0.17,0.42
2021-12-17,1,15.26,15.13,15.31,15.13,602370,1062875488.0,1.18,-0.98,-0.15,0.31
2021-12-20,1,15.12,15.08,15.21,15.01,746435,1309029264.0,1.32,-0.33,-0.05,0.38
2021-12-21,1,15.05,15.15,15.27,15.04,893734,1572895584.0,1.53,0.46,0.07,0.46
2021-12-22,1,15.18,14.95,15.2,14.86,976928,1701772576.0,2.24,-1.32,-0.2,0.5
2021-12-23,1,14.96,14.88,14.99,14.77,1059576,1831122720.0,1.47,-0.47,-0.07,0.55
2021-12-24,1,14.89,14.87,14.91,14.77,488251,843109664.0,0.94,-0.07,-0.01,0.25
2021-12-27,1,14.89,14.78,14.91,14.72,731119,1260455312.0,1.28,-0.61,-0.09,0.38
2021-12-28,1,14.78,14.73,14.89,14.65,1126639,1934461072.0,1.62,-0.34,-0.05,0.58
2021-12-29,1,14.72,14.31,14.72,14.26,1469374,2480534592.0,3.12,-2.85,-0.42,0.76
2021-12-30,1,14.32,14.38,14.51,14.28,796664,1342374256.0,1.61,0.49,0.07,0.41
2021-12-31,1,14.42,14.04,14.46,13.96,1750761,2899617152.0,3.48,-2.36,-0.34,0.9
2022-01-04,1,14.04,14.22,14.22,13.74,1169259,1918887056.0,3.42,1.28,0.18,0.6
2022-01-05,1,14.14,14.71,14.78,14.11,1961998,3344124592.0,4.71,3.45,0.49,1.01
2022-01-06,1,14.67,14.68,14.83,14.56,1107885,1896535840.0,1.84,-0.2,-0.03,0.57
2022-01-07,1,14.66,14.76,14.84,14.62,1126631,1937710960.0,1.5,0.54,0.08,0.58
2022-01-10,1,14.85,14.75,14.98,14.59,909774,1563414576.0,2.64,-0.07,-0.01,0.47
2022-01-11,1,14.82,14.97,15.1,14.7,1581999,2752485392.0,2.71,1.49,0.22,0.82
2022-01-12,1,14.97,14.56,15.01,14.46,1502164,2561266416.0,3.67,-2.74,-0.41,0.77
2022-01-13,1,14.47,14.54,14.8,14.38,909423,1550319152.0,2.88,-0.14,-0.02,0.47
2022-01-14,1,14.56,13.89,14.58,13.86,2103095,3459950800.0,4.95,-4.47,-0.65,1.08
2022-01-17,1,13.91,13.78,14.04,13.68,1143689,1855633792.0,2.59,-0.79,-0.11,0.59
2022-01-18,1,13.81,14.08,14.1,13.72,1152974,1891094608.0,2.76,2.18,0.3,0.59
2022-01-19,1,14.1,14.06,14.25,13.92,988392,1630973584.0,2.34,-0.14,-0.02,0.51
2022-01-20,1,14.03,14.89,15.02,13.98,3031194,5195805440.0,7.4,5.9,0.83,1.56
2022-01-21,1,15.01,14.91,15.12,14.77,1481683,2575115120.0,2.35,0.13,0.02,0.76
2022-01-24,1,14.9,14.76,14.94,14.54,874771,1501390336.0,2.68,-1.01,-0.15,0.45
2022-01-25,1,14.64,14.41,14.64,14.37,1093284,1851999024.0,1.83,-2.37,-0.35,0.56
2022-01-26,1,14.51,14.21,14.66,14.1,984975,1646384992.0,3.89,-1.39,-0.2,0.51
2022-01-27,1,14.06,13.86,14.1,13.81,1024643,1677261296.0,2.04,-2.46,-0.35,0.53
2022-01-28,1,13.95,13.39,14.01,13.38,1675564,2695470336.0,4.55,-3.39,-0.47,0.86
2022-02-07,1,13.58,13.95,13.97,13.45,1515476,2451798480.0,3.88,4.18,0.56,0.78
2022-02-08,1,13.86,14.39,14.53,13.82,1754695,2950309008.0,5.09,3.15,0.44,0.9
2022-02-09,1,14.48,14.42,14.56,14.27,1051162,1774253632.0,2.02,0.21,0.03,0.54
2022-02-10,1,14.33,14.55,14.59,14.23,784557,1326848944.0,2.5,0.9,0.13,0.4
2022-02-11,1,14.59,14.66,14.9,14.59,1078139,1852167488.0,2.13,0.76,0.11,0.56
2022-02-14,1,14.66,14.14,14.71,14.07,1150659,1917613424.0,4.37,-3.55,-0.52,0.59
2022-02-15,1,14.06,13.84,14.23,13.66,1208264,1968985376.0,4.03,-2.12,-0.3,0.62
2022-02-16,1,13.91,13.97,14.09,13.77,782400,1282234144.0,2.31,0.94,0.13,0.4
2022-02-17,1,13.95,13.98,14.11,13.88,794502,1306514352.0,1.65,0.07,0.01,0.41
2022-02-18,1,13.88,14.33,14.33,13.87,802499,1330233360.0,3.29,2.5,0.35,0.41
2022-02-21,1,14.22,14.07,14.23,13.88,800995,1316023712.0,2.44,-1.81,-0.26,0.41
2022-02-22,1,13.87,13.79,14.0,13.72,894957,1454156224.0,1.99,-1.99,-0.28,0.46
2022-02-23,1,13.86,13.75,13.87,13.6,886742,1431289856.0,1.96,-0.29,-0.04,0.46
2022-02-24,1,13.69,13.47,13.71,13.36,1324087,2112842560.0,2.55,-2.04,-0.28,0.68
2022-02-25,1,13.55,13.46,13.64,13.43,726397,1157890272.0,1.56,-0.07,-0.01,0.37
2022-02-28,1,13.46,13.31,13.48,13.18,723990,1137154096.0,2.23,-1.11,-0.15,0.37
2022-03-01,1,13.35,13.48,13.51,13.18,935040,1474693968.0,2.48,1.28,0.17,0.48
2022-03-02,1,13.35,13.24,13.43,13.22,760761,1196321952.0,1.56,-1.78,-0.24,0.39
2022-03-03,1,13.29,13.27,13.37,13.19,578285,908171584.0,1.36,0.23,0.03,0.3
2022-03-04,1,13.18,12.89,13.19,12.84,990936,1523793664.0,2.64,-2.86,-0.38,0.51
2022-03-07,1,12.73,12.28,12.73,12.22,1113159,1655959936.0,3.96,-4.73,-0.61,0.57
2022-03-08,1,12.18,11.87,12.42,11.81,1003033,1463145936.0,4.97,-3.34,-0.41,0.52
2022-03-09,1,11.96,11.4,12.01,10.78,1800760,2492042992.0,10.36,-3.96,-0.47,0.93
2022-03-10,1,11.74,12.13,12.31,11.65,2249158,3269867792.0,5.79,6.4,0.73,1.16
2022-03-11,1,11.96,12.46,12.54,11.71,1493647,2187480608.0,6.84,2.72,0.33,0.77
2022-03-14,1,12.19,12.05,12.49,12.01,1118407,1637278464.0,3.85,-3.29,-0.41,0.58
2022-03-15,1,11.96,11.24,11.96,11.16,1781409,2479769552.0,6.64,-6.72,-0.81,0.92
2022-03-16,1,11.42,11.87,11.96,11.07,1531779,2141637072.0,7.92,5.6,0.63,0.79
2022-03-17,1,12.22,12.01,12.27,11.8,1730061,2506504224.0,3.96,1.18,0.14,0.89
2022-03-18,1,11.92,12.26,12.41,11.7,1528807,2222158768.0,5.91,2.08,0.25,0.79
2022-03-21,1,12.06,12.15,12.38,11.95,1208868,1765673888.0,3.51,-0.9,-0.11,0.62
2022-03-22,1,12.15,12.74,12.78,12.06,1628657,2443174048.0,5.93,4.86,0.59,0.84
2022-03-23,1,12.67,12.56,12.75,12.46,1050102,1577561344.0,2.28,-1.41,-0.18,0.54
2022-03-24,1,12.48,12.76,12.87,12.37,1002360,1518870080.0,3.98,1.59,0.2,0.52
2022-03-25,1,12.71,12.54,12.81,12.38,742933,1116354592.0,3.37,-1.72,-0.22,0.38
2022-03-28,1,12.36,12.41,12.61,12.19,727137,1078327296.0,3.35,-1.04,-0.13,0.37
2022-03-29,1,12.44,12.24,12.51,12.16,615643,909169632.0,2.82,-1.37,-0.17,0.32
2022-03-30,1,12.42,12.77,12.83,12.32,1236792,1859617040.0,4.17,4.33,0.53,0.64
2022-03-31,1,12.66,12.94,13.13,12.62,1163747,1789209952.0,3.99,1.33,0.17,0.6
2022-04-01,1,12.93,13.31,13.35,12.76,1484879,2319616864.0,4.56,2.86,0.37,0.77
2022-04-06,1,13.2,13.95,14.1,13.19,2488540,4064051488.0,6.84,4.81,0.64,1.28
2022-04-07,1,13.94,13.84,14.22,13.76,1659065,2724002912.0,3.3,-0.79,-0.11,0.85
2022-04-08,1,13.82,13.96,14.01,13.69,1066779,1741072080.0,2.31,0.87,0.12,0.55
2022-04-11,1,13.91,13.61,13.96,13.36,1416735,2277469056.0,4.3,-2.51,-0.35,0.73
2022-04-12,1,13.61,13.48,13.82,13.22,1039261,1654820080.0,4.41,-0.96,-0.13,0.54
2022-04-13,1,13.45,13.36,13.64,13.28,890628,1415496128.0,2.67,-0.89,-0.12,0.46
2022-04-14,1,13.56,13.6,13.81,13.48,929615,1493343952.0,2.47,1.8,0.24,0.48
2022-04-15,1,13.46,13.98,14.09,13.42,1231761,2014010096.0,4.93,2.79,0.38,0.63
2022-04-18,1,13.71,13.46,13.76,13.37,1086888,1734236528.0,2.79,-3.72,-0.52,0.56
2022-04-19,1,13.46,13.37,13.53,13.18,821772,1294226944.0,2.6,-0.67,-0.09,0.42
2022-04-20,1,13.37,13.41,13.61,13.26,716555,1137697840.0,2.62,0.3,0.04,0.37
2022-04-21,1,13.33,13.37,13.54,13.26,709891,1124663648.0,2.09,-0.3,-0.04,0.37
2022-04-22,1,13.2,13.62,13.75,12.96,921274,1468452960.0,5.91,1.87,0.25,0.47
2022-04-25,1,13.23,12.41,13.47,12.34,1664481,2527610224.0,8.3,-8.88,-1.21,0.86
2022-04-26,1,12.44,12.29,12.54,12.01,988210,1456929632.0,4.27,-0.97,-0.12,0.51
2022-04-27,1,12.54,13.21,13.21,12.52,1490295,2296798752.0,5.61,7.49,0.92,0.77
2022-04-28,1,13.13,13.21,13.49,12.93,911772,1426381920.0,4.24,0.0,0.0,0.47
2022-04-29,1,13.25,12.88,13.3,12.53,1645013,2503476832.0,5.83,-2.5,-0.33,0.85
2022-05-05,1,12.76,12.88,13.01,12.71,790196,1208735136.0,2.33,0.0,0.0,0.41
2022-05-06,1,12.58,12.52,12.76,12.47,832432,1250995600.0,2.25,-2.8,-0.36,0.43
2022-05-09,1,12.5,12.11,12.5,12.02,818621,1197104240.0,3.83,-3.27,-0.41,0.42
2022-05-10,1,12.06,12.15,12.16,11.67,992285,1425836928.0,4.05,0.33,0.04,0.51
2022-05-11,1,12.1,12.19,12.4,12.0,848574,1240700432.0,3.29,0.33,0.04,0.44
2022-05-12,1,12.04,11.94,12.12,11.89,685064,987061600.0,1.89,-2.05,-0.25,0.35
2022-05-13,1,12.06,12.17,12.22,12.05,676312,985962928.0,1.42,1.93,0.23,0.35
2022-05-16,1,12.22,11.97,12.29,11.91,668228,965652304.0,3.12,-1.64,-0.2,0.34
2022-05-17,1,12.07,12.27,12.28,11.88,931406,1357428400.0,3.34,2.51,0.3,0.48
2022-05-18,1,12.41,12.31,12.45,12.23,778578,1150500432.0,1.79,0.33,0.04,0.4
2022-05-19,1,12.11,12.18,12.26,12.06,590922,863214128.0,1.62,-1.06,-0.13,0.3
2022-05-20,1,12.26,12.58,12.6,12.23,948598,1415164704.0,3.04,3.28,0.4,0.49
2022-05-23,1,12.63,12.39,12.63,12.32,647726,962683728.0,2.46,-1.51,-0.19,0.33
2022-05-24,1,12.43,11.96,12.43,11.96,933557,1358693536.0,3.79,-3.47,-0.43,0.48
2022-05-25,1,11.99,11.95,12.05,11.86,603228,866228928.0,1.59,-0.08,-0.01,0.31
2022-05-26,1,11.97,11.75,11.99,11.63,1011318,1435689344.0,3.01,-1.67,-0.2,0.52
2022-05-27,1,11.85,11.74,11.91,11.67,723067,1029702192.0,2.04,-0.09,-0.01,0.37
2022-05-30,1,11.82,11.64,11.84,11.6,896901,1265573040.0,2.04,-0.85,-0.1,0.46
2022-05-31,1,11.63,11.72,11.74,11.56,938869,1325012048.0,1.55,0.69,0.08,0.48
2022-06-01,1,11.7,11.64,11.7,11.56,845299,1187423728.0,1.19,-0.68,-0.08,0.44
2022-06-02,1,11.58,11.51,11.59,11.44,979268,1363740800.0,1.29,-1.12,-0.13,0.5
2022-06-06,1,11.47,11.73,11.73,11.2,1710852,2370807616.0,4.6,1.91,0.22,0.88
2022-06-07,1,11.58,11.72,11.81,11.55,1315113,1860366720.0,2.22,-0.09,-0.01,0.68
2022-06-08,1,11.72,11.72,11.73,11.57,1145521,1613524960.0,1.37,0.0,0.0,0.59
2022-06-09,1,11.7,11.91,12.02,11.66,1632901,2339986704.0,3.07,1.62,0.19,0.84
2022-06-10,1,11.82,11.88,11.89,11.69,1346012,1914639696.0,1.68,-0.25,-0.03,0.69
2022-06-13,1,11.74,11.47,11.75,11.44,1547753,2163340112.0,2.61,-3.45,-0.41,0.8
2022-06-14,1,11.27,11.68,11.69,11.27,1151429,1602169904.0,3.66,1.83,0.21,0.59
2022-06-15,1,11.66,12.3,12.67,11.62,3413544,5010292736.0,8.99,5.31,0.62,1.76
2022-06-16,1,12.3,12.0,12.39,11.98,1332546,1939976256.0,3.33,-2.44,-0.3,0.69
2022-06-17,1,11.88,12.01,12.09,11.76,1053788,1513925920.0,2.75,0.08,0.01,0.54
2022-06-20,1,12.0,11.9,12.0,11.82,1032167,1479529792.0,1.5,-0.92,-0.11,0.53
2022-06-21,1,11.9,11.93,12.19,11.79,1321794,1905346064.0,3.36,0.25,0.03,0.68
2022-06-22,1,11.92,11.64,11.92,11.64,1056046,1498415776.0,2.35,-2.43,-0.29,0.54
2022-06-23,1,11.65,11.76,11.79,11.62,806028,1140899088.0,1.46,1.03,0.12,0.42
2022-06-24,1,11.76,11.79,11.81,11.67,866041,1227798688.0,1.19,0.26,0.03,0.45
2022-06-27,1,11.8,12.05,12.12,11.78,1497278,2166380432.0,2.88,2.21,0.26,0.77
2022-06-28,1,12.03,12.19,12.23,11.97,1125110,1638673248.0,2.16,1.16,0.14,0.58
2022-06-29,1,12.21,12.2,12.46,12.11,1266547,1865064672.0,2.87,0.08,0.01,0.65
2022-06-30,1,12.19,12.54,12.58,12.11,1548745,2304888688.0,3.85,2.79,0.34,0.8
2022-07-01,1,12.56,12.48,12.63,12.4,779243,1164030784.0,1.83,-0.48,-0.06,0.4
2022-07-04,1,12.51,12.5,12.54,12.31,834968,1241453408.0,1.84,0.16,0.02,0.43
2022-07-05,1,12.55,12.47,12.83,12.38,1115172,1674719024.0,3.6,-0.24,-0.03,0.57
2022-07-06,1,12.39,12.09,12.49,12.02,1043335,1520022512.0,3.77,-3.05,-0.38,0.54
2022-07-07,1,12.1,11.98,12.21,11.94,730161,1057696544.0,2.23,-0.91,-0.11,0.38
2022-07-08,1,12.06,12.1,12.21,11.93,639698,928850352.0,2.34,1.0,0.12,0.33
2022-07-11,1,12.06,12.02,12.13,11.92,611692,883613760.0,1.74,-0.66,-0.08,0.32
2022-07-12,1,11.97,11.98,12.29,11.94,742882,1078431989.61,2.91,-0.33,-0.04,0.38
2022-07-13,1,11.98,11.53,12.03,11.45,2175996,3056913117.84,4.84,-3.76,-0.45,1.12
2022-07-14,1,11.26,10.93,11.27,10.85,2632121,3534578702.13,3.64,-5.2,-0.6,1.36
2022-07-15,1,11.04,10.8,11.12,10.78,1598637,2139915274.03,3.11,-1.19,-0.13,0.82
2022-07-18,1,10.81,10.95,11.0,10.77,1153506,1536340973.2,2.13,1.39,0.15,0.59
2022-07-19,1,10.9,10.98,10.99,10.84,755597,1008562417.24,1.37,0.27,0.03,0.39
2022-07-20,1,10.99,10.95,11.03,10.91,801459,1073936299.76,1.09,-0.27,-0.03,0.41
2022-07-21,1,10.88,10.57,10.9,10.55,1970388,2588696130.23,3.2,-3.47,-0.38,1.02
2022-07-22,1,10.63,10.6,10.72,10.41,1376510,1755555714.49,2.93,0.28,0.03,0.71
2022-07-25,1,10.59,10.61,10.64,10.46,763956,976071707.3,1.7,0.09,0.01,0.39
2022-07-26,1,10.54,10.7,10.7,10.5,1024049,1314310442.31,1.89,0.85,0.09,0.53
2022-07-27,1,10.64,10.58,10.67,10.52,923914,1182889760.74,1.4,-1.12,-0.12,0.48
2022-07-28,1,10.6,10.67,10.7,10.57,750347,964903657.66,1.23,0.85,0.09,0.39
2022-07-29,1,10.67,10.47,10.69,10.44,831497,1059518584.72,2.34,-1.87,-0.2,0.43
2022-08-01,1,10.45,10.21,10.45,10.19,1025733,1277987010.0,2.48,-2.48,-0.26,0.53
2022-08-02,1,10.01,10.05,10.13,9.73,1373009,1664397666.12,3.92,-1.57,-0.16,0.71
2022-08-03,1,9.98,9.82,10.06,9.8,746137,905653324.71,2.59,-2.29,-0.23,0.38
2022-08-04,1,9.89,9.95,9.96,9.81,602676,729351710.02,1.53,1.32,0.13,0.31
2022-08-05,1,9.92,10.1,10.12,9.77,765298,930836354.1,3.52,1.51,0.15,0.39
2022-08-08,1,10.04,9.99,10.15,9.95,552000,674950920.8,1.98,-1.09,-0.11,0.28
2022-08-09,1,10.0,9.91,10.01,9.87,558448,677098632.55,1.4,-0.8,-0.08,0.29
2022-08-10,1,9.91,9.85,10.03,9.81,683023,825806007.77,2.22,-0.61,-0.06,0.35
2022-08-11,1,9.87,10.14,10.18,9.83,1399304,1710719478.11,3.55,2.94,0.29,0.72
2022-08-12,1,10.05,10.17,10.2,9.99,820504,1010612433.4,2.07,0.3,0.03,0.42
2022-08-15,1,10.08,9.9,10.15,9.88,1172010,1425087455.23,2.65,-2.65,-0.27,0.6
2022-08-16,1,9.9,9.92,9.99,9.89,631224,765907218.72,1.01,0.2,0.02,0.33
2022-08-17,1,9.94,10.19,10.21,9.86,1348507,1656961619.36,3.53,2.72,0.27,0.69
2022-08-18,1,10.27,10.04,10.33,9.95,1269701,1560630567.7,3.73,-1.47,-0.15,0.65
2022-08-19,1,10.06,10.36,10.54,10.02,2106417,2653471090.1,5.18,3.19,0.32,1.09
2022-08-22,1,10.37,10.29,10.47,10.2,1138077,1423361878.69,2.61,-0.68,-0.07,0.59
2022-08-23,1,10.24,10.13,10.28,10.07,921463,1137300431.45,2.04,-1.55,-0.16,0.47
2022-08-24,1,10.12,10.19,10.33,10.12,1295375,1613309589.13,2.07,0.59,0.06,0.67
2022-08-25,1,10.19,10.41,10.45,10.09,1064011,1329230362.32,3.53,2.16,0.22,0.55
2022-08-26,1,10.47,10.4,10.54,10.25,927634,1168951099.46,2.79,-0.1,-0.01,0.48
2022-08-29,1,10.29,10.21,10.35,10.1,924491,1145189174.15,2.4,-1.83,-0.19,0.48
2022-08-30,1,10.22,10.27,10.33,10.07,799712,991447627.25,2.55,0.59,0.06,0.41
2022-08-31,1,10.17,10.54,10.57,10.15,1653042,2091408314.78,4.09,2.63,0.27,0.85
2022-09-01,1,10.44,10.4,10.58,10.37,861982,1092666276.97,1.99,-1.33,-0.14,0.44
2022-09-02,1,10.41,10.3,10.48,10.22,786363,983433862.85,2.5,-0.96,-0.1,0.41
2022-09-05,1,10.25,10.36,10.39,10.16,632040,788451088.8,2.23,0.58,0.06,0.33
2022-09-06,1,10.37,10.29,10.45,10.22,731295,914692183.62,2.22,-0.68,-0.07,0.38
2022-09-07,1,10.21,10.12,10.21,10.07,979813,1208329758.86,1.36,-1.65,-0.17,0.5
2022-09-08,1,10.11,10.15,10.23,10.09,621117,768913483.55,1.38,0.3,0.03,0.32
2022-09-09,1,10.19,10.51,10.53,10.15,1951297,2469131334.35,3.74,3.55,0.36,1.01
2022-09-13,1,10.67,10.74,10.81,10.45,1722690,2223707380.14,3.43,2.19,0.23,0.89
2022-09-14,1,10.54,10.52,10.66,10.49,858036,1095054828.69,1.58,-2.05,-0.22,0.44
2022-09-15,1,10.59,10.79,10.89,10.56,1841018,2393239453.41,3.14,2.57,0.27,0.95
2022-09-16,1,10.71,10.35,10.74,10.35,1357448,1719252822.13,3.61,-4.08,-0.44,0.7
2022-09-19,1,10.33,10.36,10.46,10.27,632121,793491306.11,1.84,0.1,0.01,0.33
2022-09-20,1,10.4,10.13,10.42,10.11,889989,1102212203.64,2.99,-2.22,-0.23,0.46
2022-09-21,1,10.1,10.22,10.27,9.99,684197,845477181.51,2.76,0.89,0.09,0.35
2022-09-22,1,10.12,10.08,10.15,10.04,586133,720058210.32,1.08,-1.37,-0.14,0.3
2022-09-23,1,10.03,10.08,10.22,10.02,586441,722703127.68,1.98,0.0,0.0,0.3
2022-09-26,1,9.95,9.79,10.07,9.78,903729,1094060839.05,2.88,-2.88,-0.29,0.47
2022-09-27,1,9.79,9.94,9.95,9.6,789622,946732993.84,3.58,1.53,0.15,0.41
2022-09-28,1,9.88,9.9,10.04,9.71,780926,946211766.9,3.32,-0.4,-0.04,0.4
2022-09-29,1,10.04,9.65,10.07,9.61,917718,1100405198.17,4.65,-2.53,-0.25,0.47
2022-09-30,1,9.66,9.63,9.75,9.62,537230,638906947.77,1.35,-0.21,-0.02,0.28
2022-10-10,1,9.49,9.26,9.56,9.25,966080,1119089730.68,3.22,-3.84,-0.37,0.5
2022-10-11,1,9.33,9.27,9.37,9.2,415253,476749226.5,1.84,0.11,0.01,0.21
2022-10-12,1,9.24,9.39,9.41,9.14,559572,641776508.91,2.91,1.29,0.12,0.29
2022-10-13,1,9.3,9.13,9.33,9.1,852616,970021739.4,2.45,-2.77,-0.26,0.44
2022-10-14,1,9.24,9.32,9.42,9.19,1096062,1265486550.33,2.52,2.08,0.19,0.56
2022-10-17,1,9.21,9.27,9.31,9.13,1024823,1171523550.16,1.93,-0.54,-0.05,0.53
2022-10-18,1,9.34,9.27,9.43,9.25,946837,1091646643.72,1.94,0.0,0.0,0.49
2022-10-19,1,9.21,9.08,9.28,9.07,923990,1049700767.19,2.27,-2.05,-0.19,0.48
2022-10-20,1,9.02,8.99,9.1,8.95,781923,876967150.61,1.65,-0.99,-0.09,0.4
2022-10-21,1,9.0,8.88,9.04,8.86,785574,876648490.61,2.0,-1.22,-0.11,0.4
2022-10-24,1,8.88,8.41,8.89,8.4,1383391,1496043940.13,5.52,-5.29,-0.47,0.71
2022-10-25,1,8.49,8.44,8.6,8.39,1316979,1406437766.06,2.5,0.36,0.03,0.68
2022-10-26,1,8.43,8.45,8.52,8.4,1143830,1220733277.85,1.42,0.12,0.01,0.59
2022-10-27,1,8.49,8.47,8.56,8.45,957383,1024868047.21,1.3,0.24,0.02,0.49
2022-10-28,1,8.42,8.21,8.49,8.2,1057947,1114999302.11,3.42,-3.07,-0.26,0.55
2022-10-31,1,8.12,8.13,8.24,8.01,983096,1016230012.22,2.8,-0.97,-0.08,0.51
2022-11-01,1,8.17,8.46,8.47,8.15,1381234,1459758367.32,3.94,4.06,0.33,0.71
2022-11-02,1,8.4,8.42,8.47,8.27,1302988,1377816220.13,2.36,-0.47,-0.04,0.67
2022-11-03,1,8.33,8.23,8.36,8.17,983536,1028904286.04,2.26,-2.26,-0.19,0.51
2022-11-04,1,8.19,8.61,8.64,8.18,1776112,1903720943.52,5.59,4.62,0.38,0.92
2022-11-07,1,8.6,8.67,8.7,8.52,988082,1070554832.9,2.09,0.7,0.06,0.51
2022-11-08,1,8.68,8.64,8.71,8.57,583222,632835804.82,1.61,-0.35,-0.03,0.3
2022-11-09,1,8.63,8.68,8.87,8.61,832107,911153622.45,3.01,0.46,0.04,0.43
2022-11-10,1,8.58,8.66,8.69,8.48,552021,596916589.27,2.42,-0.23,-0.02,0.28
2022-11-11,1,8.92,9.22,9.45,8.8,2545071,2878557391.61,7.51,6.47,0.56,1.31
2022-11-14,1,9.49,9.74,10.07,9.49,3872084,4637823413.97,6.29,5.64,0.52,2.0
2022-11-15,1,9.65,9.8,9.97,9.62,1573901,1891249648.05,3.59,0.62,0.06,0.81
2022-11-16,1,9.76,9.61,9.84,9.58,1278693,1519133931.85,2.65,-1.94,-0.19,0.66
2022-11-17,1,9.6,9.48,9.63,9.37,1091047,1273790880.66,2.71,-1.35,-0.13,0.56
2022-11-18,1,9.53,9.38,9.57,9.36,868093,1011078679.59,2.22,-1.05,-0.1,0.45
2022-11-21,1,9.27,9.25,9.29,9.01,1047737,1189388618.26,2.99,-1.39,-0.13,0.54
2022-11-22,1,9.25,9.61,9.72,9.23,1491324,1748727406.58,5.3,3.89,0.36,0.77
2022-11-23,1,9.57,9.61,9.84,9.51,1247657,1483352651.73,3.43,0.0,0.0,0.64
2022-11-24,1,9.71,9.56,9.78,9.48,796719,941002372.92,3.12,-0.52,-0.05,0.41
2022-11-25,1,9.58,9.96,10.02,9.56,1760728,2130171604.64,4.81,4.18,0.4,0.91
2022-11-28,1,9.69,9.6,9.71,9.48,1331563,1568351120.17,2.31,-3.61,-0.36,0.69
2022-11-29,1,9.95,10.78,10.78,9.92,4749277,6026006641.97,8.96,12.29,1.18,2.45
2022-11-30,1,10.69,10.82,11.13,10.61,3209628,4206404173.08,4.82,0.37,0.04,1.65
2022-12-01,1,11.17,10.89,11.45,10.86,2002689,2658203027.2,5.45,0.65,0.07,1.03
2022-12-02,1,10.93,10.69,10.94,10.48,1404203,1803658762.25,4.22,-1.84,-0.2,0.72
2022-12-05,1,10.88,11.32,11.36,10.8,2287627,3057231972.57,5.24,5.89,0.63,1.18
2022-12-06,1,11.13,11.22,11.45,11.04,1252579,1680593515.5,3.62,-0.88,-0.1,0.65
2022-12-07,1,11.12,10.94,11.16,10.82,1377377,1815667663.45,3.03,-2.5,-0.28,0.71
2022-12-08,1,10.94,11.15,11.31,10.91,1065723,1422047904.5,3.66,1.92,0.21,0.55
2022-12-09,1,11.19,11.49,11.54,11.14,1615832,2197501648.81,3.59,3.05,0.34,0.83
2022-12-12,1,11.37,10.9,11.37,10.85,1392584,1848277966.6,4.53,-5.13,-0.59,0.72
2022-12-13,1,10.94,11.03,11.15,10.93,902285,1194285343.09,2.02,1.19,0.13,0.46
2022-12-14,1,11.02,11.02,11.19,10.87,974061,1287867945.07,2.9,-0.09,-0.01,0.5
2022-12-15,1,10.93,10.89,11.07,10.73,835349,1094434005.98,3.09,-1.18,-0.13,0.43
2022-12-16,1,10.81,11.13,11.19,10.81,924252,1225269166.25,3.49,2.2,0.24,0.48
2022-12-19,1,11.12,10.83,11.26,10.74,1030866,1355435567.16,4.67,-2.7,-0.3,0.53
2022-12-20,1,10.76,10.55,10.87,10.46,896212,1150630681.38,3.79,-2.59,-0.28,0.46
2022-12-21,1,10.64,10.68,10.78,10.53,614590,791782473.29,2.37,1.23,0.13,0.32
2022-12-22,1,10.79,10.74,10.94,10.69,672394,876159828.48,2.34,0.56,0.06,0.35
2022-12-23,1,10.64,10.77,10.85,10.59,564426,730705958.53,2.42,0.28,0.03,0.29
2022-12-26,1,10.78,10.56,10.83,10.5,797120,1021903962.65,3.06,-1.95,-0.21,0.41
2022-12-27,1,10.66,10.9,11.01,10.66,886004,1160090119.01,3.31,3.22,0.34,0.46
2022-12-28,1,10.95,10.93,11.17,10.79,791192,1042402080.41,3.49,0.28,0.03,0.41
2022-12-29,1,10.86,10.82,10.92,10.64,666890,865144967.1,2.56,-1.01,-0.11,0.34
2022-12-30,1,10.83,10.95,11.07,10.75,818036,1074756753.75,2.96,1.2,0.13,0.42
2023-01-03,1,10.99,11.56,11.64,10.84,2194128,2971546989.04,7.31,5.57,0.61,1.13
2023-01-04,1,11.5,12.11,12.21,11.42,2189683,3110729449.03,6.83,4.76,0.55,1.13
2023-01-05,1,12.19,12.27,12.53,12.16,1665425,2417272355.99,3.06,1.32,0.16,0.86
2023-01-06,1,12.29,12.41,12.51,12.27,1195745,1747915169.26,1.96,1.14,0.14,0.62
2023-01-09,1,12.54,12.59,12.67,12.31,1057659,1561368487.3,2.9,1.45,0.18,0.55
2023-01-10,1,12.55,12.23,12.68,12.18,1269423,1851093716.76,3.97,-2.86,-0.36,0.65
2023-01-11,1,12.24,12.46,12.57,12.18,830566,1217450811.64,3.19,1.88,0.23,0.43
2023-01-12,1,12.56,12.46,12.56,12.32,625695,914367699.65,1.93,0.0,0.0,0.32
2023-01-13,1,12.46,12.74,12.74,12.34,949086,1407181074.29,3.21,2.25,0.28,0.49
2023-01-16,1,12.74,12.87,13.07,12.64,1560040,2356399992.83,3.38,1.02,0.13,0.8
2023-01-17,1,12.92,12.76,12.97,12.56,935835,1396151514.52,3.19,-0.85,-0.11,0.48
2023-01-18,1,12.74,12.9,12.97,12.7,718434,1083362997.53,2.12,1.1,0.14,0.37
2023-01-19,1,12.92,12.88,13.04,12.66,641875,963744633.47,2.95,-0.16,-0.02,0.33
2023-01-20,1,12.95,12.92,13.03,12.79,608590,920144805.73,1.86,0.31,0.04,0.31
2023-01-30,1,13.39,12.94,13.53,12.68,1374318,2096867649.37,6.58,0.15,0.02,0.71
2023-01-31,1,13.03,12.78,13.3,12.75,1030498,1568639326.21,4.25,-1.24,-0.16,0.53
2023-02-01,1,12.82,12.49,12.87,12.3,1653421,2426471972.52,4.46,-2.27,-0.29,0.85
2023-02-02,1,12.53,12.39,12.57,12.06,1577900,2280744883.13,4.08,-0.8,-0.1,0.81
2023-02-03,1,12.24,12.11,12.34,11.95,1246383,1782105890.79,3.15,-2.26,-0.28,0.64
2023-02-06,1,11.89,11.79,11.92,11.65,1317610,1838428709.03,2.23,-2.64,-0.32,0.68
2023-02-07,1,11.85,12.0,12.11,11.82,869460,1235297762.54,2.46,1.78,0.21,0.45
2023-02-08,1,12.03,11.83,12.11,11.82,657893,928708933.85,2.42,-1.42,-0.17,0.34
2023-02-09,1,11.8,11.92,12.09,11.75,830350,1174361963.28,2.87,0.76,0.09,0.43
2023-02-10,1,11.89,11.77,11.91,11.65,847284,1184283386.2,2.18,-1.26,-0.15,0.44
2023-02-13,1,11.73,11.61,11.73,11.39,1800054,2473405202.92,2.89,-1.36,-0.16,0.93
2023-02-14,1,11.64,11.75,11.77,11.59,909937,1263892077.72,1.55,1.21,0.14,0.47
2023-02-15,1,11.74,11.46,11.75,11.41,1250244,1713566672.72,2.89,-2.47,-0.29,0.64
2023-02-16,1,11.47,11.39,11.7,11.29,1279123,1757431083.85,3.58,-0.61,-0.07,0.66
2023-02-17,1,11.42,11.22,11.51,11.22,918364,1246777397.11,2.55,-1.49,-0.17,0.47
2023-02-20,1,11.29,11.94,11.94,11.28,2116191,2945969773.39,5.88,6.42,0.72,1.09
2023-02-21,1,11.85,11.89,11.99,11.71,990495,1393153377.3,2.35,-0.42,-0.05,0.51
2023-02-22,1,11.79,11.81,11.91,11.73,638922,895742534.31,1.51,-0.67,-0.08,0.33
2023-02-23,1,11.79,11.84,12.11,11.77,824491,1165539851.19,2.88,0.25,0.03,0.42
2023-02-24,1,11.81,11.65,11.82,11.59,729989,1012652971.88,1.94,-1.6,-0.19,0.38
2023-02-27,1,11.54,11.48,11.67,11.47,621462,854854040.54,1.72,-1.46,-0.17,0.32
2023-02-28,1,11.54,11.57,11.64,11.4,607936,833316018.45,2.09,0.78,0.09,0.31
2023-03-01,1,11.59,11.96,11.98,11.53,1223452,1719710647.06,3.89,3.37,0.39,0.63
2023-03-02,1,11.92,12.03,12.23,11.85,1015877,1447565979.98,3.18,0.59,0.07,0.52
2023-03-03,1,12.14,12.08,12.16,11.93,690954,985552120.63,1.91,0.42,0.05,0.36
2023-03-06,1,12.09,11.64,12.09,11.51,1455824,2023954547.2,4.8,-3.64,-0.44,0.75
2023-03-07,1,11.64,11.48,11.89,11.44,1279266,1773654737.03,3.87,-1.37,-0.16,0.66
2023-03-08,1,11.42,11.32,11.43,11.19,1096898,1479838980.07,2.09,-1.39,-0.16,0.57
2023-03-09,1,11.33,10.99,11.37,10.92,1736065,2305765842.21,3.98,-2.92,-0.33,0.89
2023-03-10,1,10.79,10.93,11.06,10.79,856996,1128558359.5,2.46,-0.55,-0.06,0.44
2023-03-13,1,10.91,10.84,11.08,10.79,1000635,1309490079.38,2.65,-0.82,-0.09,0.52
2023-03-14,1,10.78,10.66,10.79,10.52,1149076,1474124198.86,2.49,-1.66,-0.18,0.59
2023-03-15,1,10.84,10.84,10.97,10.73,979364,1278262225.47,2.25,1.69,0.18,0.5
2023-03-16,1,10.68,10.61,10.82,10.59,916792,1182054433.62,2.12,-2.12,-0.23,0.47
2023-03-17,1,10.78,10.54,10.83,10.44,1556814,2000832407.83,3.68,-0.66,-0.07,0.8
2023-03-20,1,10.55,10.36,10.64,10.34,1188816,1505893658.68,2.85,-1.71,-0.18,0.61
2023-03-21,1,10.44,10.49,10.57,10.29,840743,1060914056.37,2.7,1.25,0.13,0.43
2023-03-22,1,10.54,10.58,10.67,10.5,876691,1121080753.38,1.62,0.86,0.09,0.45
2023-03-23,1,10.49,10.69,10.69,10.42,804306,1029380497.27,2.55,1.04,0.11,0.41
2023-03-24,1,10.64,10.61,10.65,10.55,621519,796319541.97,0.94,-0.75,-0.08,0.32
2023-03-27,1,10.59,10.39,10.6,10.25,1008422,1266945056.03,3.3,-2.07,-0.22,0.52
2023-03-28,1,10.45,10.43,10.52,10.34,673868,851797868.56,1.73,0.38,0.04,0.35
2023-03-29,1,10.52,10.32,10.53,10.29,596064,750687550.55,2.3,-1.05,-0.11,0.31
2023-03-30,1,10.34,10.47,10.5,10.2,824546,1035422932.01,2.91,1.45,0.15,0.42
2023-03-31,1,10.48,10.32,10.56,10.3,865492,1092263436.9,2.48,-1.43,-0.15,0.45
2023-04-03,1,10.34,10.46,10.48,10.25,740429,934285179.24,2.23,1.36,0.14,0.38
2023-04-04,1,10.43,10.44,10.51,10.38,647457,817726526.95,1.24,-0.19,-0.02,0.33
2023-04-06,1,10.39,10.37,10.4,10.29,563321,706480659.58,1.05,-0.67,-0.07,0.29
2023-04-07,1,10.36,10.41,10.48,10.29,607925,767354796.52,1.83,0.39,0.04,0.31
2023-04-10,1,10.43,10.47,10.49,10.37,640182,809943147.62,1.15,0.58,0.06,0.33
2023-04-11,1,10.49,10.33,10.51,10.31,777780,978302907.79,1.91,-1.34,-0.14,0.4
2023-04-12,1,10.37,10.27,10.38,10.24,909957,1136997696.14,1.36,-0.58,-0.06,0.47
2023-04-13,1,10.2,10.35,10.46,10.09,1131591,1413919037.13,3.6,0.78,0.08,0.58
2023-04-14,1,10.39,10.48,10.69,10.37,1297995,1653539530.91,3.09,1.26,0.13,0.67
2023-04-17,1,10.45,10.72,10.73,10.39,1304213,1669357649.18,3.24,2.29,0.24,0.67
2023-04-18,1,10.72,10.79,10.99,10.68,1538936,2009934874.59,2.89,0.65,0.07,0.79
2023-04-19,1,10.81,10.64,10.86,10.62,1014378,1309536001.8,2.22,-1.39,-0.15,0.52
2023-04-20,1,10.69,10.54,10.69,10.41,811788,1033330703.78,2.63,-0.94,-0.1,0.42
2023-04-21,1,10.49,10.29,10.62,10.27,918668,1160509766.03,3.32,-2.37,-0.25,0.47
2023-04-24,1,10.27,9.89,10.29,9.82,1467672,1798133966.92,4.57,-3.89,-0.4,0.76
2023-04-25,1,9.93,10.07,10.16,9.91,1301901,1595320169.74,2.53,1.82,0.18,0.67
2023-04-26,1,10.04,9.91,10.04,9.78,991260,1197555724.16,2.58,-1.59,-0.16,0.51
2023-04-27,1,9.85,10.05,10.14,9.79,1004093,1222755932.37,3.53,1.41,0.14,0.52
2023-04-28,1,10.05,10.34,10.57,10.01,1445254,1816868032.98,5.57,2.89,0.29,0.74
2023-05-04,1,10.19,10.52,10.62,9.98,1478264,1863146144.16,6.19,1.74,0.18,0.76
2023-05-05,1,10.57,10.7,10.9,10.54,1762189,2283981032.07,3.42,1.71,0.18,0.91
2023-05-08,1,10.73,11.11,11.28,10.63,2630719,3478891629.35,6.07,3.83,0.41,1.36
2023-05-09,1,11.19,10.95,11.39,10.92,2422534,3238716470.97,4.23,-1.44,-0.16,1.25
2023-05-10,1,10.96,10.63,11.05,10.59,1237053,1600189994.17,4.2,-2.92,-0.32,0.64
2023-05-11,1,10.74,10.64,10.91,10.59,903758,1166479364.89,3.01,0.09,0.01,0.47
2023-05-12,1,10.61,10.41,10.66,10.4,885604,1124579090.54,2.44,-2.16,-0.23,0.46
2023-05-15,1,10.47,10.62,10.64,10.24,928326,1173804243.15,3.84,2.02,0.21,0.48
2023-05-16,1,10.59,10.41,10.71,10.36,998302,1267712090.05,3.3,-1.98,-0.21,0.51
2023-05-17,1,10.37,10.28,10.43,10.23,754621,945315193.07,1.92,-1.25,-0.13,0.39
2023-05-18,1,10.36,10.28,10.43,10.22,687187,861347534.32,2.04,0.0,0.0,0.35
2023-05-19,1,10.22,10.13,10.23,10.11,688414,851165593.52,1.17,-1.46,-0.15,0.35
2023-05-22,1,10.1,10.17,10.24,10.1,549328,679754868.04,1.38,0.39,0.04,0.28
2023-05-23,1,10.17,10.0,10.2,10.0,694364,852871175.23,1.97,-1.67,-0.17,0.36
2023-05-24,1,9.99,9.8,10.0,9.8,824251,996600577.63,2.0,-2.0,-0.2,0.42
2023-05-25,1,9.78,9.72,9.79,9.6,882744,1050002541.88,1.94,-0.82,-0.08,0.45
2023-05-26,1,9.72,9.89,9.92,9.63,511429,613772897.17,2.98,1.75,0.17,0.26
2023-05-29,1,9.9,9.77,9.92,9.74,566074,680275577.83,1.82,-1.21,-0.12,0.29
2023-05-30,1,9.77,9.66,9.78,9.59,763997,906316373.61,1.94,-1.13,-0.11,0.39
2023-05-31,1,9.61,9.39,9.63,9.37,1179587,1376758356.68,2.69,-2.8,-0.27,0.61
2023-06-01,1,9.39,9.38,9.47,9.29,743023,861646489.19,1.92,-0.11,-0.01,0.38
2023-06-02,1,9.47,9.72,9.76,9.43,1221843,1446502669.25,3.52,3.62,0.34,0.63
2023-06-05,1,9.67,9.7,9.79,9.61,521846,620531416.42,1.85,-0.21,-0.02,0.27
2023-06-06,1,9.7,9.63,9.88,9.61,833273,997039311.52,2.78,-0.72,-0.07,0.43
2023-06-07,1,9.68,9.73,9.86,9.67,643698,770386878.47,1.97,1.04,0.1,0.33
2023-06-08,1,9.75,9.91,9.99,9.65,869397,1048266235.89,3.49,1.85,0.18,0.45
2023-06-09,1,9.85,9.67,9.88,9.64,1315285,1566929273.97,2.42,-2.42,-0.24,0.68
2023-06-12,1,9.61,9.58,9.69,9.55,758747,896015708.76,1.45,-0.93,-0.09,0.39
2023-06-13,1,9.55,9.56,9.63,9.48,849988,1000183566.92,1.57,-0.21,-0.02,0.44
2023-06-14,1,9.63,9.55,9.81,9.54,1069200,1237376775.64,2.82,-0.1,-0.01,0.55
2023-06-15,1,9.57,9.69,9.71,9.47,925301,1064567231.22,2.51,1.47,0.14,0.48
2023-06-16,1,9.69,9.71,9.75,9.65,842034,978869317.29,1.03,0.21,0.02,0.43
2023-06-19,1,9.71,9.53,9.71,9.49,953997,1096351096.71,2.27,-1.85,-0.18,0.49
2023-06-20,1,9.52,9.44,9.54,9.43,544551,620374307.69,1.15,-0.94,-0.09,0.28
2023-06-21,1,9.44,9.43,9.56,9.42,616583,703681563.97,1.48,-0.11,-0.01,0.32
2023-06-26,1,9.38,9.26,9.38,9.23,676577,757975991.51,1.59,-1.8,-0.17,0.35
2023-06-27,1,9.28,9.36,9.4,9.25,461702,519520687.33,1.62,1.08,0.1,0.24
2023-06-28,1,9.36,9.38,9.41,9.3,365396,412039353.93,1.18,0.21,0.02,0.19
2023-06-29,1,9.37,9.26,9.37,9.25,485906,544534825.51,1.28,-1.28,-0.12,0.25
2023-06-30,1,9.26,9.31,9.39,9.23,519053,583494654.79,1.73,0.54,0.05,0.27
2023-07-03,1,9.32,9.57,9.61,9.31,885091,1009887428.65,3.22,2.79,0.26,0.46
2023-07-04,1,9.54,9.48,9.57,9.4,616301,701885269.78,1.78,-0.94,-0.09,0.32
2023-07-05,1,9.44,9.42,9.48,9.38,423482,479726282.47,1.05,-0.63,-0.06,0.22
2023-07-06,1,9.38,9.32,9.42,9.29,597096,672396816.4,1.38,-1.06,-0.1,0.31
2023-07-07,1,9.28,9.28,9.35,9.26,484441,543212455.87,0.97,-0.43,-0.04,0.25
2023-07-10,1,9.33,9.28,9.36,9.25,495882,556581581.65,1.19,0.0,0.0,0.26
2023-07-11,1,9.3,9.29,9.34,9.27,570809,640131787.1,0.75,0.11,0.01,0.29
2023-07-12,1,9.31,9.32,9.44,9.3,736084,830230820.88,1.51,0.32,0.03,0.38
2023-07-13,1,9.4,9.51,9.55,9.35,1124230,1281848378.91,2.15,2.04,0.19,0.58
2023-07-14,1,9.51,9.54,9.63,9.48,719147,825295738.24,1.58,0.32,0.03,0.37
2023-07-17,1,9.49,9.39,9.49,9.34,608343,687262893.86,1.57,-1.57,-0.15,0.31
2023-07-18,1,9.37,9.33,9.4,9.3,471966,531299772.68,1.06,-0.64,-0.06,0.24
2023-07-19,1,9.31,9.39,9.4,9.31,382196,430771279.03,0.96,0.64,0.06,0.2
2023-07-20,1,9.41,9.4,9.52,9.37,554070,629696111.29,1.6,0.11,0.01,0.29
2023-07-21,1,9.39,9.42,9.47,9.36,377103,427375950.49,1.17,0.21,0.02,0.19
2023-07-24,1,9.41,9.34,9.41,9.32,426852,480713395.7,0.96,-0.85,-0.08,0.22
2023-07-25,1,9.53,9.8,9.81,9.52,2032958,2358815159.63,3.1,4.93,0.46,1.05
2023-07-26,1,9.73,9.75,9.82,9.64,751663,875260135.14,1.84,-0.51,-0.05,0.39
2023-07-27,1,9.76,9.83,9.95,9.73,1115196,1314228293.84,2.26,0.82,0.08,0.57
2023-07-28,1,9.77,10.34,10.38,9.75,2347013,2839828236.62,6.41,5.19,0.51,1.21
2023-07-31,1,10.38,10.4,10.58,10.31,1854952,2288940410.58,2.61,0.58,0.06,0.96
2023-08-01,1,10.34,10.24,10.45,10.21,957735,1169570704.83,2.31,-1.54,-0.16,0.49
2023-08-02,1,10.14,10.11,10.32,10.01,1115900,1343864165.36,3.03,-1.27,-0.13,0.58
2023-08-03,1,10.07,10.41,10.45,10.03,1175848,1433255493.11,4.15,2.97,0.3,0.61
2023-08-04,1,10.5,10.38,10.61,10.29,1303131,1611435431.36,3.07,-0.29,-0.03,0.67
2023-08-07,1,10.29,10.24,10.33,10.2,646913,786506452.16,1.25,-1.35,-0.14,0.33
2023-08-08,1,10.2,10.18,10.29,10.08,725705,877489187.97,2.05,-0.59,-0.06,0.37
2023-08-09,1,10.14,10.25,10.28,10.13,577608,702060796.64,1.47,0.69,0.07,0.3
2023-08-10,1,10.23,10.24,10.29,10.14,475595,577123919.68,1.46,-0.1,-0.01,0.25
2023-08-11,1,10.25,9.97,10.35,9.97,943539,1132867239.31,3.71,-2.64,-0.27,0.49
2023-08-14,1,9.84,9.75,9.86,9.67,975920,1139185249.46,1.91,-2.21,-0.22,0.5
2023-08-15,1,9.77,9.81,9.88,9.68,712813,834163039.6,2.05,0.62,0.06,0.37
2023-08-16,1,9.75,9.81,9.93,9.69,572904,671706045.36,2.45,0.0,0.0,0.3
2023-08-17,1,9.75,9.65,9.78,9.54,965058,1116292661.67,2.45,-1.63,-0.16,0.5
2023-08-18,1,9.66,9.64,9.82,9.61,659819,767047286.89,2.18,-0.1,-0.01,0.34
2023-08-21,1,9.64,9.4,9.66,9.4,701498,799641423.76,2.7,-2.49,-0.24,0.36
2023-08-22,1,9.46,9.45,9.53,9.39,606808,689991238.06,1.49,0.53,0.05,0.31
2023-08-23,1,9.43,9.33,9.5,9.32,691810,783102827.23,1.9,-1.27,-0.12,0.36
2023-08-24,1,9.37,9.21,9.4,9.13,1291271,1439197083.69,2.89,-1.29,-0.12,0.67
2023-08-25,1,9.18,9.31,9.41,9.16,845350,946760250.6,2.71,1.09,0.1,0.44
2023-08-28,1,9.92,9.6,10.01,9.57,1997610,2336205800.56,4.73,3.11,0.29,1.03
2023-08-29,1,9.55,9.39,9.57,9.21,1964961,2217588610.12,3.75,-2.19,-0.21,1.01
2023-08-30,1,9.35,9.21,9.35,9.21,1375638,1537573550.57,1.49,-1.92,-0.18,0.71
2023-08-31,1,9.22,9.21,9.3,9.2,806474,900123574.83,1.09,0.0,0.0,0.42
2023-09-01,1,9.27,9.4,9.44,9.27,1138705,1285169019.19,1.85,2.06,0.19,0.59
2023-09-04,1,9.43,9.64,9.67,9.41,1410029,1621769196.4,2.77,2.55,0.24,0.73
2023-09-05,1,9.58,9.47,9.59,9.44,804177,917888858.57,1.56,-1.76,-0.17,0.41
2023-09-06,1,9.41,9.51,9.54,9.38,634841,721905681.98,1.69,0.42,0.04,0.33
2023-09-07,1,9.48,9.41,9.52,9.4,540042,613812175.91,1.26,-1.05,-0.1,0.28
2023-09-08,1,9.36,9.35,9.4,9.31,479030,539624962.82,0.96,-0.64,-0.06,0.25
2023-09-11,1,9.38,9.42,9.48,9.35,654486,741764911.22,1.39,0.75,0.07,0.34
2023-09-12,1,9.43,9.36,9.43,9.33,495485,559058535.52,1.06,-0.64,-0.06,0.26
2023-09-13,1,9.37,9.33,9.4,9.29,490218,551747627.68,1.18,-0.32,-0.03,0.25
2023-09-14,1,9.36,9.37,9.41,9.33,551650,622906052.62,0.86,0.43,0.04,0.28
2023-09-15,1,9.43,9.3,9.48,9.28,890476,1005529160.77,2.13,-0.75,-0.07,0.46
2023-09-18,1,9.3,9.31,9.32,9.22,501325,561449769.63,1.08,0.11,0.01,0.26
2023-09-19,1,9.3,9.29,9.31,9.24,503664,564044044.21,0.75,-0.21,-0.02,0.26
2023-09-20,1,9.28,9.23,9.3,9.23,558872,624785494.94,0.75,-0.65,-0.06,0.29
2023-09-21,1,9.22,9.13,9.22,9.12,843930,934673193.87,1.08,-1.08,-0.1,0.43
2023-09-22,1,9.11,9.32,9.33,9.11,911484,1017137921.82,2.41,2.08,0.19,0.47
2023-09-25,1,9.32,9.3,9.4,9.27,761211,856022502.11,1.39,-0.21,-0.02,0.39
2023-09-26,1,9.3,9.24,9.34,9.22,444980,497885810.84,1.29,-0.65,-0.06,0.23
2023-09-27,1,9.23,9.25,9.3,9.23,490311,547905820.77,0.76,0.11,0.01,0.25
2023-09-28,1,9.27,9.28,9.32,9.26,520697,583649730.04,0.65,0.32,0.03,0.27
2023-10-09,1,9.24,9.19,9.25,9.14,695828,772959353.15,1.19,-0.97,-0.09,0.36
2023-10-10,1,9.27,9.1,9.28,9.1,820749,910160341.9,1.96,-0.98,-0.09,0.42
2023-10-11,1,9.17,9.06,9.17,9.04,724116,797663827.0,1.43,-0.44,-0.04,0.37
2023-10-12,1,9.19,9.19,9.24,9.12,853058,947562324.75,1.32,1.43,0.13,0.44
2023-10-13,1,9.11,9.08,9.15,9.03,684483,753110725.51,1.31,-1.2,-0.11,0.35
2023-10-16,1,9.08,9.09,9.11,9.03,501624,550988719.63,0.88,0.11,0.01,0.26
2023-10-17,1,9.09,9.1,9.13,9.04,493525,543170900.73,0.99,0.11,0.01,0.25
2023-10-18,1,9.07,9.03,9.1,8.99,651825,713979896.11,1.21,-0.77,-0.07,0.34
2023-10-19,1,8.99,8.68,9.0,8.67,1188961,1271914676.53,3.65,-3.88,-0.35,0.61
2023-10-20,1,8.63,8.68,8.75,8.59,526139,557618632.37,1.84,0.0,0.0,0.27
2023-10-23,1,8.67,8.58,8.68,8.51,530404,557032228.65,1.96,-1.15,-0.1,0.27
2023-10-24,1,8.62,8.63,8.69,8.52,760653,801528403.67,1.98,0.58,0.05,0.39
2023-10-25,1,8.59,8.46,8.62,8.44,1411450,1470971923.59,2.09,-1.97,-0.17,0.73
2023-10-26,1,8.39,8.49,8.5,8.38,599991,621915276.9,1.42,0.35,0.03,0.31
2023-10-27,1,8.46,8.53,8.56,8.41,919771,957587534.43,1.77,0.47,0.04,0.47
2023-10-30,1,8.48,8.53,8.55,8.43,805690,837646002.04,1.41,0.0,0.0,0.42
2023-10-31,1,8.51,8.54,8.57,8.49,652855,682212137.64,0.94,0.12,0.01,0.34
2023-11-01,1,8.63,8.56,8.64,8.53,567300,595211885.0,1.29,0.23,0.02,0.29
2023-11-02,1,8.58,8.56,8.68,8.55,619430,652316669.93,1.52,0.0,0.0,0.32
2023-11-03,1,8.57,8.56,8.6,8.51,705463,738879704.3,1.05,0.0,0.0,0.36
2023-11-06,1,8.59,8.77,8.77,8.59,1007062,1069206837.68,2.1,2.45,0.21,0.52
2023-11-07,1,8.74,8.68,8.74,8.66,640866,679815569.19,0.91,-1.03,-0.09,0.33
2023-11-08,1,8.66,8.58,8.68,8.53,877819,923622008.11,1.73,-1.15,-0.1,0.45
2023-11-09,1,8.54,8.57,8.6,8.51,639136,669639052.44,1.05,-0.12,-0.01,0.33
2023-11-10,1,8.53,8.38,8.55,8.37,1045044,1080649733.98,2.1,-2.22,-0.19,0.54
2023-11-13,1,8.39,8.33,8.41,8.3,770043,789007117.83,1.31,-0.6,-0.05,0.4
2023-11-14,1,8.32,8.35,8.41,8.31,596859,613377697.97,1.2,0.24,0.02,0.31
2023-11-15,1,8.45,8.45,8.53,8.42,1109140,1152154780.34,1.32,1.2,0.1,0.57
2023-11-16,1,8.46,8.32,8.47,8.31,922622,948395097.33,1.89,-1.54,-0.13,0.48
2023-11-17,1,8.3,8.23,8.33,8.2,903362,917616681.28,1.56,-1.08,-0.09,0.47
2023-11-20,1,8.23,8.27,8.3,8.18,639528,650077370.01,1.46,0.49,0.04,0.33
2023-11-21,1,8.31,8.36,8.43,8.3,1041166,1072311504.28,1.57,1.09,0.09,0.54
2023-11-22,1,8.34,8.24,8.39,8.22,737490,753064757.94,2.03,-1.44,-0.12,0.38
2023-11-23,1,8.23,8.23,8.24,8.15,846656,855904311.98,1.09,-0.12,-0.01,0.44
2023-11-24,1,8.19,8.18,8.21,8.16,684695,691423444.34,0.61,-0.61,-0.05,0.35
2023-11-27,1,8.17,8.09,8.17,8.05,836188,836268368.75,1.47,-1.1,-0.09,0.43
2023-11-28,1,8.07,8.03,8.1,8.03,786175,784405804.65,0.87,-0.74,-0.06,0.41
2023-11-29,1,8.03,7.8,8.05,7.78,1467597,1438320264.11,3.36,-2.86,-0.23,0.76
2023-11-30,1,7.77,7.76,7.81,7.7,901765,871481712.43,1.41,-0.51,-0.04,0.46
2023-12-01,1,7.73,7.74,7.76,7.66,778057,749668363.85,1.29,-0.26,-0.02,0.4
2023-12-04,1,7.75,7.71,7.76,7.69,605438,583664338.41,0.9,-0.39,-0.03,0.31
2023-12-05,1,7.69,7.56,7.7,7.55,787378,750961219.91,1.95,-1.95,-0.15,0.41
2023-12-06,1,7.52,7.58,7.65,7.48,753056,714029468.7,2.25,0.26,0.02,0.39
2023-12-07,1,7.57,7.52,7.57,7.46,585380,552224831.17,1.45,-0.79,-0.06,0.3
2023-12-08,1,7.49,7.38,7.53,7.38,1021152,957664580.59,1.99,-1.86,-0.14,0.53
2023-12-11,1,7.3,7.43,7.46,7.21,1133663,1044765734.9,3.39,0.68,0.05,0.58
2023-12-12,1,7.39,7.5,7.58,7.38,855016,805067628.46,2.69,0.94,0.07,0.44
2023-12-13,1,7.46,7.24,7.47,7.23,1061302,981001231.48,3.2,-3.47,-0.26,0.55
2023-12-14,1,7.29,7.23,7.36,7.23,742901,683211465.8,1.8,-0.14,-0.01,0.38
2023-12-15,1,7.28,7.29,7.43,7.27,988939,915126127.17,2.21,0.83,0.06,0.51
2023-12-18,1,7.26,7.21,7.32,7.17,654426,599379044.02,2.06,-1.1,-0.08,0.34
2023-12-19,1,7.2,7.18,7.25,7.15,644071,586716664.28,1.39,-0.42,-0.03,0.33
2023-12-20,1,7.19,7.11,7.23,7.11,715634,650511342.87,1.67,-0.97,-0.07,0.37
2023-12-21,1,7.09,7.25,7.27,7.07,1017047,925407072.91,2.81,1.97,0.14,0.52
2023-12-22,1,7.27,7.28,7.36,7.19,1005645,924998769.19,2.34,0.41,0.03,0.52
2023-12-25,1,7.26,7.27,7.28,7.22,413971,379638233.73,0.82,-0.14,-0.01,0.21
2023-12-26,1,7.27,7.18,7.28,7.15,541896,493746622.76,1.79,-1.24,-0.09,0.28
2023-12-27,1,7.18,7.2,7.21,7.1,641534,582036660.68,1.53,0.28,0.02,0.33
2023-12-28,1,7.19,7.53,7.55,7.16,1661592,1550256590.59,5.42,4.58,0.33,0.86
2023-12-29,1,7.5,7.47,7.56,7.43,853853,803196743.82,1.73,-0.8,-0.06,0.44
2024-01-02,1,7.47,7.29,7.5,7.29,1158366,1075742252.45,2.81,-2.41,-0.18,0.6
2024-01-03,1,7.27,7.28,7.3,7.23,733610,673673613.54,0.96,-0.14,-0.01,0.38
2024-01-04,1,7.27,7.19,7.27,7.16,864194,787470082.37,1.51,-1.24,-0.09,0.45
2024-01-05,1,7.18,7.35,7.52,7.15,1991622,1852659692.14,5.15,2.23,0.16,1.03
2024-01-08,1,7.31,7.23,7.38,7.19,1121156,1029006548.73,2.59,-1.63,-0.12,0.58
2024-01-09,1,7.24,7.26,7.27,7.17,766194,700375720.2,1.38,0.41,0.03,0.39
2024-01-10,1,7.24,7.17,7.27,7.17,858621,783771150.01,1.38,-1.24,-0.09,0.44
2024-01-11,1,7.16,7.25,7.3,7.11,934686,853890237.29,2.65,1.12,0.08,0.48
2024-01-12,1,7.21,7.27,7.35,7.19,772582,711018266.07,2.21,0.28,0.02,0.4
2024-01-15,1,7.24,7.29,7.37,7.21,745133,685950951.45,2.2,0.28,0.02,0.38
2024-01-16,1,7.27,7.42,7.43,7.24,1438313,1334465408.53,2.61,1.78,0.13,0.74
2024-01-17,1,7.41,7.31,7.47,7.31,1482296,1380725065.03,2.16,-1.48,-0.11,0.76
2024-01-18,1,7.29,7.28,7.32,7.08,1755132,1597853726.63,3.28,-0.41,-0.03,0.9
2024-01-19,1,7.24,7.25,7.28,7.18,963981,881865023.89,1.37,-0.41,-0.03,0.5
2024-01-22,1,7.24,7.18,7.34,7.12,1580320,1449858241.68,3.03,-0.97,-0.07,0.81
2024-01-23,1,7.13,7.24,7.26,7.04,1135545,1030898421.04,3.06,0.84,0.06,0.59
2024-01-24,1,7.31,7.41,7.42,7.15,1759123,1620099272.06,3.73,2.35,0.17,0.91
2024-01-25,1,7.41,7.58,7.62,7.35,2162514,2037648413.07,3.64,2.29,0.17,1.11
2024-01-26,1,7.55,7.7,7.75,7.52,2272287,2172799799.01,3.03,1.58,0.12,1.17
2024-01-29,1,7.77,7.78,7.96,7.66,2376252,2312173346.33,3.9,1.04,0.08,1.22
2024-01-30,1,7.69,7.58,7.78,7.57,1579122,1515156603.96,2.7,-2.57,-0.2,0.81
2024-01-31,1,7.54,7.54,7.64,7.46,1357217,1286857396.81,2.37,-0.53,-0.04,0.7
2024-02-01,1,7.49,7.49,7.56,7.42,1055260,993481907.01,1.86,-0.66,-0.05,0.54
2024-02-02,1,7.5,7.35,7.55,7.15,1634214,1520605694.69,5.34,-1.87,-0.14,0.84
2024-02-05,1,7.27,7.46,7.51,7.19,1803592,1674566499.46,4.35,1.5,0.11,0.93
2024-02-06,1,7.38,7.76,7.76,7.37,1995410,1900324218.2,5.23,4.02,0.3,1.03
2024-02-07,1,7.7,7.69,7.75,7.56,2062015,1975435102.12,2.45,-0.9,-0.07,1.06
2024-02-08,1,7.66,7.75,7.75,7.6,1656814,1593505690.13,1.95,0.78,0.06,0.85
2024-02-19,1,7.84,7.89,7.89,7.73,1605243,1564088444.93,2.06,1.81,0.14,0.83
2024-02-20,1,7.87,7.9,7.92,7.81,1123564,1098987813.26,1.39,0.13,0.01,0.58
2024-02-21,1,7.86,8.88,8.88,7.85,5055285,5295259396.81,13.04,12.41,0.98,2.61
2024-02-22,1,8.73,8.98,8.99,8.7,4922325,5307736374.06,3.27,1.13,0.1,2.54
2024-02-23,1,8.96,8.93,9.32,8.92,3567480,3917316281.52,4.45,-0.56,-0.05,1.84
2024-02-26,1,8.86,8.61,8.96,8.58,2862609,3048205024.78,4.26,-3.58,-0.32,1.48
2024-02-27,1,8.57,8.58,8.68,8.54,1981905,2083027074.06,1.63,-0.35,-0.03,1.02
2024-02-28,1,8.59,8.57,8.78,8.48,3082693,3253340358.41,3.5,-0.12,-0.01,1.59
2024-02-29,1,8.5,8.67,8.67,8.49,1845344,1936020982.56,2.1,1.17,0.1,0.95
2024-03-01,1,8.67,8.57,8.68,8.51,1828103,1917689306.77,1.96,-1.15,-0.1,0.94
2024-03-04,1,8.53,8.41,8.58,8.4,1655930,1719562862.03,2.1,-1.87,-0.16,0.85
2024-03-05,1,8.38,8.51,8.55,8.34,1817319,1889144330.16,2.5,1.19,0.1,0.94
2024-03-06,1,8.48,8.41,8.53,8.41,1345640,1396940060.42,1.41,-1.18,-0.1,0.69
2024-03-07,1,8.41,8.46,8.72,8.41,2016166,2109589237.19,3.69,0.59,0.05,1.04
2024-03-08,1,8.43,8.46,8.52,8.38,1113974,1154491251.23,1.65,0.0,0.0,0.57
2024-03-11,1,8.46,8.55,8.55,8.42,1210673,1260212019.66,1.54,1.06,0.09,0.62
2024-03-12,1,8.56,8.64,8.67,8.49,1641262,1721999708.11,2.11,1.05,0.09,0.85
2024-03-13,1,8.61,8.41,8.63,8.38,1768039,1834654994.4,2.89,-2.66,-0.23,0.91
2024-03-14,1,8.38,8.31,8.46,8.28,1409400,1448499697.91,2.14,-1.19,-0.1,0.73
2024-03-15,1,8.63,8.68,8.83,8.58,3750208,3973799130.9,3.01,4.45,0.37,1.93
2024-03-18,1,8.64,8.62,8.69,8.57,1671397,1761249149.98,1.38,-0.69,-0.06,0.86
2024-03-19,1,8.61,8.48,8.62,8.47,1293216,1351069630.23,1.74,-1.62,-0.14,0.67
2024-03-20,1,8.46,8.53,8.55,8.45,872663,910278572.98,1.18,0.59,0.05,0.45
2024-03-21,1,8.53,8.55,8.6,8.5,864466,905422293.67,1.17,0.23,0.02,0.45
2024-03-22,1,8.53,8.44,8.53,8.39,1028142,1065535606.11,1.64,-1.29,-0.11,0.53
2024-03-25,1,8.43,8.48,8.57,8.4,953202,993304120.45,2.01,0.47,0.04,0.49
2024-03-26,1,8.53,8.68,8.74,8.5,1740021,1835376190.72,2.83,2.36,0.2,0.9
2024-03-27,1,8.64,8.61,8.71,8.59,1274136,1347397150.36,1.38,-0.81,-0.07,0.66
2024-03-28,1,8.59,8.57,8.65,8.46,1302189,1362980388.48,2.21,-0.46,-0.04,0.67
2024-03-29,1,8.53,8.6,8.65,8.51,872759,917332315.96,1.63,0.35,0.03,0.45
2024-04-01,1,8.6,8.72,8.73,8.59,1191088,1261770380.39,1.63,1.4,0.12,0.61
2024-04-02,1,8.71,8.63,8.76,8.61,1085458,1149700799.95,1.72,-1.03,-0.09,0.56
2024-04-03,1,8.61,8.54,8.63,8.5,981846,1028648883.43,1.51,-1.04,-0.09,0.51
2024-04-08,1,8.5,8.51,8.57,8.45,906361,945290441.32,1.41,-0.35,-0.03,0.47
2024-04-09,1,8.51,8.48,8.55,8.44,857157,891468991.01,1.29,-0.35,-0.03,0.44
2024-04-10,1,8.46,8.36,8.49,8.35,1246391,1288696196.29,1.65,-1.42,-0.12,0.64
2024-04-11,1,8.32,8.33,8.37,8.2,1010213,1030820137.39,2.03,-0.36,-0.03,0.52
2024-04-12,1,8.3,8.14,8.35,8.12,1305454,1322011753.93,2.76,-2.28,-0.19,0.67
2024-04-15,1,8.15,8.37,8.4,8.14,1453203,1486326196.01,3.19,2.83,0.23,0.75
2024-04-16,1,8.36,8.36,8.47,8.3,1478036,1523138499.07,2.03,-0.12,-0.01,0.76
2024-04-17,1,8.34,8.7,8.71,8.29,2232641,2337576586.88,5.02,4.07,0.34,1.15
2024-04-18,1,8.66,8.88,9.11,8.64,3165914,3427338981.81,5.4,2.07,0.18,1.63
2024-04-19,1,8.79,8.77,8.9,8.74,1457675,1562376146.58,1.8,-1.24,-0.11,0.75
2024-04-22,1,8.72,8.58,8.89,8.53,2009818,2125722741.41,4.1,-2.17,-0.19,1.04
2024-04-23,1,8.59,8.62,8.73,8.54,1240027,1308866093.13,2.21,0.47,0.04,0.64
2024-04-24,1,8.6,8.61,8.65,8.54,941568,989093538.21,1.28,-0.12,-0.01,0.49
2024-04-25,1,8.58,8.69,8.7,8.56,1113812,1176304524.86,1.63,0.93,0.08,0.57
2024-04-26,1,8.67,8.68,8.75,8.56,1607628,1698581436.96,2.19,-0.12,-0.01,0.83
2024-04-29,1,8.64,8.89,8.98,8.6,2169177,2337350883.73,4.38,2.42,0.21,1.12
2024-04-30,1,8.88,8.87,8.96,8.81,1324557,1431407709.37,1.69,-0.22,-0.02,0.68
2024-05-06,1,9.04,8.97,9.19,8.92,1784101,1953817493.43,3.04,1.13,0.1,0.92
2024-05-07,1,8.95,8.96,8.97,8.84,1087057,1176786412.82,1.45,-0.11,-0.01,0.56
2024-05-08,1,8.92,8.81,8.96,8.79,1221791,1318611999.65,1.9,-1.67,-0.15,0.63
2024-05-09,1,8.79,8.84,8.9,8.79,1069461,1150726857.51,1.25,0.34,0.03,0.55
2024-05-10,1,8.85,9.02,9.04,8.84,1767836,1923452176.84,2.26,2.04,0.18,0.91
2024-05-13,1,8.98,9.05,9.09,8.89,1402499,1530058919.54,2.22,0.33,0.03,0.72
2024-05-14,1,9.08,8.99,9.14,8.96,1075784,1176577328.23,1.99,-0.66,-0.06,0.55
2024-05-15,1,8.98,8.91,9.0,8.89,868297,942907950.5,1.22,-0.89,-0.08,0.45
2024-05-16,1,8.93,9.25,9.29,8.91,3076292,3410151917.15,4.26,3.82,0.34,1.59
2024-05-17,1,9.26,9.5,9.5,9.21,2841749,3200736554.36,3.14,2.7,0.25,1.46
2024-05-20,1,9.51,9.46,9.61,9.39,2170210,2475290152.11,2.32,-0.42,-0.04,1.12
2024-05-21,1,9.4,9.63,9.7,9.39,2030049,2336192874.97,3.28,1.8,0.17,1.05
2024-05-22,1,9.64,9.64,9.82,9.54,2115531,2458448969.66,2.91,0.1,0.01,1.09
2024-05-23,1,9.61,9.48,9.67,9.45,1841623,2110799281.76,2.28,-1.66,-0.16,0.95
2024-05-24,1,9.45,9.39,9.57,9.38,1398276,1593330336.42,2.0,-0.95,-0.09,0.72
2024-05-27,1,9.39,9.59,9.61,9.39,1454361,1663272117.57,2.34,2.13,0.2,0.75
2024-05-28,1,9.58,9.48,9.66,9.44,1204323,1377107203.91,2.29,-1.15,-0.11,0.62
2024-05-29,1,9.46,9.34,9.53,9.31,1444811,1635445613.13,2.32,-1.48,-0.14,0.74
2024-05-30,1,9.32,9.2,9.42,9.14,1325496,1481608711.02,3.0,-1.5,-0.14,0.68
2024-05-31,1,9.22,9.19,9.27,9.19,826707,921248145.59,0.87,-0.11,-0.01,0.43
2024-06-03,1,9.2,9.06,9.21,8.99,1326697,1456086023.62,2.39,-1.41,-0.13,0.68
2024-06-04,1,9.03,9.1,9.13,8.99,981005,1079356560.61,1.55,0.44,0.04,0.51
2024-06-05,1,9.12,8.95,9.15,8.95,1018968,1114155998.81,2.2,-1.65,-0.15,0.53
2024-06-06,1,8.98,8.98,9.06,8.96,1049332,1145989425.79,1.12,0.34,0.03,0.54
2024-06-07,1,9.0,9.07,9.09,8.97,1170126,1281662985.8,1.34,1.0,0.09,0.6
2024-06-11,1,9.06,8.95,9.1,8.87,1337629,1452841956.89,2.54,-1.32,-0.12,0.69
2024-06-12,1,8.93,8.96,8.99,8.86,957426,1037927497.39,1.45,0.11,0.01,0.49
2024-06-13,1,8.97,8.88,9.01,8.88,1203508,1304403407.05,1.45,-0.89,-0.08,0.62
2024-06-14,1,8.95,8.98,9.03,8.79,1637990,1657433954.94,2.7,1.13,0.1,0.84
2024-06-17,1,8.93,8.9,8.96,8.88,681217,688669914.12,0.89,-0.89,-0.08,0.35
2024-06-18,1,8.91,8.88,8.96,8.84,700653,707829471.51,1.35,-0.22,-0.02,0.36
2024-06-19,1,8.9,8.95,9.01,8.88,796184,807676192.22,1.46,0.79,0.07,0.41
2024-06-20,1,8.96,8.85,8.97,8.85,629628,635070262.4,1.34,-1.12,-0.1,0.32
2024-06-21,1,8.85,8.8,8.89,8.75,830545,831176895.42,1.58,-0.56,-0.05,0.43
2024-06-24,1,8.77,8.78,8.87,8.68,947082,944907465.65,2.16,-0.23,-0.02,0.49
2024-06-25,1,8.79,8.88,8.93,8.78,769993,775332071.89,1.71,1.14,0.1,0.4
2024-06-26,1,8.86,8.88,8.93,8.82,628599,633763882.09,1.24,0.0,0.0,0.32
2024-06-27,1,8.86,8.93,9.01,8.8,928882,938954397.5,2.36,0.56,0.05,0.48
2024-06-28,1,8.9,8.95,9.06,8.89,918090,933947813.42,1.9,0.22,0.02,0.47
2024-07-01,1,8.89,9.15,9.15,8.84,1343051,1372549619.58,3.46,2.23,0.2,0.69
2024-07-02,1,9.1,9.2,9.28,9.08,1384386,1440864390.61,2.19,0.55,0.05,0.71
2024-07-03,1,9.2,9.11,9.23,9.09,713067,737326421.16,1.52,-0.98,-0.09,0.37
2024-07-04,1,9.1,9.06,9.18,9.05,735044,757464386.79,1.43,-0.55,-0.05,0.38
2024-07-05,1,9.06,8.77,9.09,8.72,1713354,1721256576.49,4.08,-3.2,-0.29,0.88
2024-07-08,1,8.74,8.73,8.82,8.65,868660,864791776.33,1.94,-0.46,-0.04,0.45
2024-07-09,1,8.74,8.87,8.9,8.71,1032485,1034316510.76,2.18,1.6,0.14,0.53
2024-07-10,1,8.87,8.94,9.0,8.85,873865,886626727.3,1.69,0.79,0.07,0.45
2024-07-11,1,9.01,8.93,9.03,8.87,721392,731789332.33,1.79,-0.11,-0.01,0.37
2024-07-12,1,8.92,9.11,9.11,8.92,1214164,1246877665.6,2.13,2.02,0.18,0.63
2024-07-15,1,9.11,9.13,9.15,9.06,869412,896975833.16,0.99,0.22,0.02,0.45
2024-07-16,1,9.13,9.1,9.17,9.04,943008,971564894.83,1.42,-0.33,-0.03,0.49
2024-07-17,1,9.1,9.2,9.22,9.08,1220168,1266412580.0,1.54,1.1,0.1,0.63
2024-07-18,1,9.18,9.21,9.23,9.1,1087061,1127365070.67,1.41,0.11,0.01,0.56
2024-07-19,1,9.18,9.17,9.22,9.09,898723,929722661.62,1.41,-0.43,-0.04,0.46
2024-07-22,1,9.16,9.03,9.18,8.99,994481,1018663805.8,2.07,-1.53,-0.14,0.51
2024-07-23,1,9.05,8.98,9.13,8.96,1020154,1046994471.4,1.88,-0.55,-0.05,0.53
2024-07-24,1,8.98,8.93,9.04,8.92,724518,736332832.11,1.34,-0.56,-0.05,0.37
2024-07-25,1,8.92,8.89,8.95,8.8,856404,861750365.54,1.68,-0.45,-0.04,0.44
2024-07-26,1,8.9,8.83,8.92,8.77,929552,931879546.46,1.69,-0.67,-0.06,0.48
2024-07-29,1,8.82,8.91,8.94,8.77,781552,788019058.61,1.93,0.91,0.08,0.4
2024-07-30,1,8.9,8.88,8.93,8.83,613268,618056610.32,1.12,-0.34,-0.03,0.32
2024-07-31,1,8.88,9.07,9.08,8.87,1096906,1117768674.7,2.36,2.14,0.19,0.57
2024-08-01,1,9.05,9.07,9.12,8.97,733884,752688220.0,1.65,0.0,0.0,0.38
2024-08-02,1,9.02,8.94,9.05,8.93,590229,601173370.84,1.32,-1.43,-0.13,0.3
2024-08-05,1,8.91,8.85,9.02,8.85,758979,768980624.53,1.9,-1.01,-0.09,0.39
2024-08-06,1,8.87,8.73,8.92,8.69,1265537,1261997756.88,2.6,-1.36,-0.12,0.65
2024-08-07,1,8.75,8.73,8.78,8.71,517608,514848813.1,0.8,0.0,0.0,0.27
2024-08-08,1,8.72,8.74,8.78,8.7,500411,497548149.01,0.92,0.11,0.01,0.26
2024-08-09,1,8.76,8.84,8.9,8.74,730274,732886455.92,1.83,1.14,0.1,0.38
2024-08-12,1,8.82,8.81,8.85,8.78,353013,353251351.4,0.79,-0.34,-0.03,0.18
2024-08-13,1,8.82,8.75,8.83,8.72,622077,620061491.92,1.25,-0.68,-0.06,0.32
2024-08-14,1,8.74,8.72,8.78,8.71,436380,433380446.81,0.8,-0.34,-0.03,0.22
2024-08-15,1,8.72,8.83,8.86,8.67,776247,775851460.98,2.18,1.26,0.11,0.4
2024-08-16,1,8.88,8.93,9.01,8.85,1260368,1277042000.97,1.81,1.13,0.1,0.65
2024-08-19,1,8.93,9.09,9.1,8.92,1482985,1520594687.55,2.02,1.79,0.16,0.76
2024-08-20,1,9.12,9.14,9.23,9.08,1569187,1623147686.36,1.65,0.55,0.05,0.81
2024-08-21,1,9.1,9.15,9.18,9.01,1034888,1068207868.15,1.86,0.11,0.01,0.53
2024-08-22,1,9.14,9.18,9.25,9.12,1109030,1153871815.8,1.42,0.33,0.03,0.57
2024-08-23,1,9.19,9.27,9.3,9.12,1071906,1117475768.18,1.96,0.98,0.09,0.55
2024-08-26,1,9.3,9.29,9.35,9.22,740675,775921848.78,1.4,0.22,0.02,0.38
2024-08-27,1,9.27,9.23,9.32,9.17,723137,755583764.04,1.61,-0.65,-0.06,0.37
2024-08-28,1,9.21,9.13,9.23,9.08,942548,973872155.01,1.63,-1.08,-0.1,0.49
2024-08-29,1,9.11,8.93,9.18,8.91,1197676,1221351092.13,2.96,-2.19,-0.2,0.62
2024-08-30,1,8.91,8.96,9.06,8.91,1294059,1318858687.52,1.68,0.34,0.03,0.67
2024-09-02,1,8.92,8.91,9.01,8.89,968836,983898750.95,1.34,-0.56,-0.05,0.5
2024-09-03,1,8.91,8.88,8.93,8.8,916581,920884663.15,1.46,-0.34,-0.03,0.47
2024-09-04,1,8.85,8.82,8.95,8.8,847992,852224669.89,1.69,-0.68,-0.06,0.44
2024-09-05,1,8.83,8.87,8.88,8.78,594209,595845842.53,1.13,0.57,0.05,0.31
2024-09-06,1,8.86,8.88,9.01,8.85,878865,891507833.61,1.8,0.11,0.01,0.45
2024-09-09,1,8.85,8.65,8.87,8.64,1639175,1624857668.46,2.59,-2.59,-0.23,0.84
2024-09-10,1,8.66,8.7,8.72,8.58,767901,756124763.92,1.62,0.58,0.05,0.4
2024-09-11,1,8.68,8.45,8.68,8.43,1108727,1078602467.68,2.87,-2.87,-0.25,0.57
2024-09-12,1,8.45,8.54,8.57,8.41,581834,564923215.58,1.89,1.07,0.09,0.3
2024-09-13,1,8.53,8.5,8.62,8.5,566462,553269703.6,1.41,-0.47,-0.04,0.29
2024-09-18,1,8.52,8.57,8.58,8.46,443611,431665627.32,1.41,0.82,0.07,0.23
2024-09-19,1,8.59,8.61,8.64,8.48,684293,669341181.7,1.87,0.47,0.04,0.35
2024-09-20,1,8.61,8.7,8.7,8.58,797297,785121198.91,1.39,1.05,0.09,0.41
2024-09-23,1,8.69,8.84,8.89,8.67,896908,897428029.52,2.53,1.61,0.14,0.46
2024-09-24,1,8.91,9.17,9.17,8.88,1638213,1678174481.91,3.28,3.73,0.33,0.84
2024-09-25,1,9.32,9.3,9.5,9.25,2160694,2285995369.39,2.73,1.42,0.13,1.11
2024-09-26,1,9.3,9.95,9.95,9.3,3086457,3341759455.52,6.99,6.99,0.65,1.59
2024-09-27,1,10.15,10.22,10.36,9.83,3840016,4337985142.5,5.33,2.71,0.27,1.98
2024-09-30,1,10.42,11.01,11.1,10.36,5430284,6467438837.7,7.24,7.73,0.79,2.8
2024-10-08,1,12.23,11.68,12.23,11.14,5888978,7602664023.92,9.9,6.09,0.67,3.03
2024-10-09,1,11.43,10.48,11.43,10.46,4269345,5172049702.23,8.3,-10.27,-1.2,2.2
2024-10-10,1,10.66,11.02,11.3,10.64,3426422,4095573500.64,6.3,5.15,0.54,1.77
2024-10-11,1,11.04,10.76,11.21,10.62,2070891,2455848197.41,5.35,-2.36,-0.26,1.07
2024-10-14,1,11.02,11.06,11.22,10.83,2400595,2881934271.85,3.62,2.79,0.3,1.24
2024-10-15,1,10.98,10.94,11.27,10.92,2072841,2500974426.85,3.16,-1.08,-0.12,1.07
2024-10-16,1,10.84,11.1,11.22,10.81,1914494,2301340929.27,3.75,1.46,0.16,0.99
2024-10-17,1,11.11,10.99,11.27,10.97,1653708,1993261646.25,2.7,-0.99,-0.11,0.85
2024-10-18,1,10.95,11.08,11.22,10.72,2604654,3105820972.95,4.55,0.82,0.09,1.34
2024-10-21,1,10.98,10.85,10.98,10.67,2806655,3302020181.42,2.8,-2.08,-0.23,1.45
2024-10-22,1,10.8,10.83,10.97,10.76,1617787,1908438724.93,1.94,-0.18,-0.02,0.83
2024-10-23,1,10.86,10.9,10.93,10.79,1511866,1787236762.42,1.29,0.65,0.07,0.78
2024-10-24,1,10.85,10.79,10.9,10.76,885299,1042818619.09,1.28,-1.01,-0.11,0.46
2024-10-25,1,10.81,10.75,10.82,10.73,1105755,1296844369.04,0.83,-0.37,-0.04,0.57
2024-10-28,1,10.72,10.68,10.72,10.57,1169487,1356008963.4,1.4,-0.65,-0.07,0.6
2024-10-29,1,10.66,10.58,10.78,10.57,1198025,1391150258.93,1.97,-0.94,-0.1,0.62
2024-10-30,1,10.54,10.36,10.62,10.31,1482403,1686501657.86,2.93,-2.08,-0.22,0.76
2024-10-31,1,10.37,10.42,10.48,10.28,1250205,1419624319.27,1.93,0.58,0.06,0.64
2024-11-01,1,10.42,10.47,10.59,10.38,1589811,1821423447.06,2.02,0.48,0.05,0.82
2024-11-04,1,10.47,10.5,10.5,10.3,1131516,1285874126.16,1.91,0.29,0.03,0.58
2024-11-05,1,10.46,10.69,10.7,10.43,1665418,1925260700.35,2.57,1.81,0.19,0.86
2024-11-06,1,10.66,10.59,10.68,10.51,1462286,1689977500.77,1.59,-0.94,-0.1,0.75
2024-11-07,1,10.54,10.95,10.97,10.52,2242844,2627007560.71,4.25,3.4,0.36,1.16
2024-11-08,1,10.98,10.76,11.05,10.74,1895104,2239060533.97,2.83,-1.74,-0.19,0.98
2024-11-11,1,10.67,10.64,10.72,10.51,1486952,1717961561.94,1.95,-1.12,-0.12,0.77
2024-11-12,1,10.62,10.58,10.88,10.55,1717663,2005791407.67,3.1,-0.56,-0.06,0.89
2024-11-13,1,10.54,10.65,10.74,10.52,1086263,1260161857.32,2.08,0.66,0.07,0.56
2024-11-14,1,10.63,10.58,10.74,10.57,1159783,1348378228.97,1.6,-0.66,-0.07,0.6
2024-11-15,1,10.54,10.48,10.65,10.46,1215784,1399308729.48,1.8,-0.95,-0.1,0.63
2024-11-18,1,10.67,10.79,11.08,10.66,3797324,4493249093.24,4.01,2.96,0.31,1.96
2024-11-19,1,10.79,10.72,11.0,10.59,2430037,2849661696.39,3.8,-0.65,-0.07,1.25
2024-11-20,1,10.71,10.68,10.79,10.65,1286572,1498818033.91,1.31,-0.37,-0.04,0.66
2024-11-21,1,10.66,10.63,10.69,10.6,883408,1023998431.68,0.84,-0.47,-0.05,0.46
2024-11-22,1,10.63,10.32,10.65,10.32,1625317,1858071592.39,3.1,-2.92,-0.31,0.84
2024-11-25,1,10.32,10.22,10.38,10.18,1166020,1310130629.11,1.94,-0.97,-0.1,0.6
2024-11-26,1,10.22,10.31,10.35,10.18,831078,933733854.73,1.66,0.88,0.09,0.43
2024-11-27,1,10.28,10.43,10.43,10.19,895178,1010001963.81,2.33,1.16,0.12,0.46
2024-11-28,1,10.43,10.38,10.46,10.36,733169,833121339.08,0.96,-0.48,-0.05,0.38
2024-11-29,1,10.41,10.42,10.5,10.38,1028488,1173316153.6,1.16,0.39,0.04,0.53
2024-12-02,1,10.43,10.43,10.44,10.35,975434,1108785597.4,0.86,0.1,0.01,0.5
2024-12-03,1,10.41,10.53,10.54,10.39,1082559,1236992678.1,1.44,0.96,0.1,0.56
2024-12-04,1,10.48,10.5,10.57,10.41,1007471,1154623369.68,1.52,-0.28,-0.03,0.52
2024-12-05,1,10.48,10.48,10.54,10.45,687109,786137963.74,0.86,-0.19,-0.02,0.35
2024-12-06,1,10.48,10.7,10.74,10.47,1726269,2004270465.79,2.58,2.1,0.22,0.89
2024-12-09,1,10.67,10.71,10.76,10.63,964063,1123441854.9,1.21,0.09,0.01,0.5
2024-12-10,1,10.94,10.83,10.99,10.79,2167807,2564600676.79,1.87,1.12,0.12,1.12
2024-12-11,1,10.83,10.77,10.87,10.76,967691,1138374174.98,1.02,-0.55,-0.06,0.5
2024-12-12,1,10.77,10.89,10.91,10.75,986235,1164062448.23,1.49,1.11,0.12,0.51
2024-12-13,1,10.83,10.6,10.84,10.6,1343793,1565589089.36,2.2,-2.66,-0.29,0.69
2024-12-16,1,10.6,10.61,10.7,10.57,805718,934226189.29,1.23,0.09,0.01,0.42
2024-12-17,1,10.61,10.57,10.69,10.56,802120,929225455.3,1.23,-0.38,-0.04,0.41
2024-12-18,1,10.62,10.69,10.78,10.61,1016590,1186285805.48,1.61,1.14,0.12,0.52
2024-12-19,1,10.63,10.63,10.68,10.58,697379,808465663.92,0.94,-0.56,-0.06,0.36
2024-12-20,1,10.63,10.66,10.74,10.62,714646,831437460.3,1.13,0.28,0.03,0.37
2024-12-23,1,10.68,10.77,10.88,10.68,1659405,1953519499.07,1.88,1.03,0.11,0.86
2024-12-24,1,10.76,10.9,10.91,10.76,1350837,1595698790.02,1.39,1.21,0.13,0.7
2024-12-25,1,10.9,10.96,11.06,10.88,1475283,1759956630.34,1.65,0.55,0.06,0.76
2024-12-26,1,10.96,10.9,10.97,10.82,1000075,1183745518.53,1.37,-0.55,-0.06,0.52
2024-12-27,1,10.91,10.87,10.94,10.7,1290012,1518383345.11,2.2,-0.28,-0.03,0.66
2024-12-30,1,10.82,10.99,11.01,10.82,1351846,1610892096.25,1.75,1.1,0.12,0.7
2024-12-31,1,10.97,10.74,11.03,10.74,1475367,1747242074.23,2.64,-2.27,-0.25,0.76
2025-01-02,1,10.77,10.47,10.81,10.43,1819597,2102923078.11,3.54,-2.51,-0.27,0.94
2025-01-03,1,10.48,10.42,10.58,10.4,1154680,1320520977.59,1.72,-0.48,-0.05,0.6
2025-01-06,1,10.42,10.48,10.52,10.26,1085536,1234305778.04,2.5,0.58,0.06,0.56
2025-01-07,1,10.46,10.55,10.57,10.41,747863,858329048.54,1.53,0.67,0.07,0.39
2025-01-08,1,10.54,10.54,10.67,10.44,1062386,1223598996.56,2.18,-0.09,-0.01,0.55
2025-01-09,1,10.54,10.44,10.54,10.39,751483,857836086.08,1.42,-0.95,-0.1,0.39
2025-01-10,1,10.44,10.34,10.5,10.32,798134,905005040.97,1.72,-0.96,-0.1,0.41
2025-01-13,1,10.29,10.24,10.3,10.12,934966,1044904415.84,1.74,-0.97,-0.1,0.48
2025-01-14,1,10.24,10.42,10.44,10.23,824629,934467766.39,2.05,1.76,0.18,0.42
2025-01-15,1,10.42,10.52,10.62,10.4,1031631,1185403653.43,2.11,0.96,0.1,0.53
2025-01-16,1,10.59,10.61,10.63,10.51,872964,1007689273.66,1.14,0.86,0.09,0.45
2025-01-17,1,10.57,10.49,10.59,10.46,689765,791230418.64,1.23,-1.13,-0.12,0.36
2025-01-20,1,10.54,10.46,10.56,10.44,832029,953092179.17,1.14,-0.29,-0.03,0.43
2025-01-21,1,10.49,10.37,10.49,10.36,902069,1024879174.22,1.24,-0.86,-0.09,0.46
2025-01-22,1,10.36,10.13,10.37,10.12,1347129,1504818607.18,2.41,-2.31,-0.24,0.69
2025-01-23,1,10.21,10.36,10.44,10.21,1514920,1715172472.47,2.27,2.27,0.23,0.78
2025-01-24,1,10.36,10.38,10.43,10.26,944944,1069899088.28,1.64,0.19,0.02,0.49
2025-01-27,1,10.42,10.51,10.59,10.42,1151935,1324270606.55,1.64,1.25,0.13,0.59
2025-02-05,1,10.54,10.41,10.56,10.37,843434,961193578.9,1.81,-0.95,-0.1,0.43
2025-02-06,1,10.39,10.4,10.49,10.34,955603,1084793176.26,1.44,-0.1,-0.01,0.49
2025-02-07,1,10.4,10.42,10.49,10.35,1407493,1601621979.76,1.35,0.19,0.02,0.73
2025-02-10,1,10.42,10.47,10.54,10.4,1026591,1174044624.14,1.34,0.48,0.05,0.53
2025-02-11,1,10.44,10.46,10.51,10.41,844520,963865614.95,0.96,-0.1,-0.01,0.44
2025-02-12,1,10.45,10.46,10.47,10.38,988807,1125323632.69,0.86,0.0,0.0,0.51
2025-02-13,1,10.46,10.54,10.59,10.44,1358639,1560709510.83,1.43,0.76,0.08,0.7
2025-02-14,1,10.53,10.59,10.59,10.47,973058,1118355996.56,1.14,0.47,0.05,0.5
2025-02-17,1,10.64,10.82,10.84,10.59,2061965,2413146066.57,2.36,2.17,0.23,1.06
2025-02-18,1,10.8,10.85,11.0,10.8,1996610,2371071466.89,1.85,0.28,0.03,1.03
2025-02-19,1,10.84,10.75,10.85,10.72,1177749,1382467174.27,1.2,-0.92,-0.1,0.61
2025-02-20,1,10.75,10.7,10.8,10.69,784396,917231443.37,1.02,-0.47,-0.05,0.4
2025-02-21,1,10.73,10.68,10.75,10.59,973969,1131033823.93,1.5,-0.19,-0.02,0.5
2025-02-24,1,10.67,10.63,10.73,10.6,949956,1103548964.32,1.22,-0.47,-0.05,0.49
2025-02-25,1,10.6,10.51,10.62,10.5,917156,1055685157.06,1.13,-1.13,-0.12,0.47
2025-02-26,1,10.51,10.56,10.64,10.51,841646,970641211.48,1.24,0.48,0.05,0.43
2025-02-27,1,10.57,10.66,10.67,10.5,977310,1130386662.02,1.61,0.95,0.1,0.5
2025-02-28,1,10.62,10.57,10.72,10.54,949088,1100335054.08,1.69,-0.84,-0.09,0.49
2025-03-03,1,10.56,10.55,10.6,10.49,830457,955266366.31,1.04,-0.19,-0.02,0.43
2025-03-04,1,10.51,10.55,10.59,10.48,683179,785447989.45,1.04,0.0,0.0,0.35
2025-03-05,1,10.56,10.7,10.71,10.52,1080645,1254892073.93,1.8,1.42,0.15,0.56
2025-03-06,1,10.73,10.67,10.74,10.64,877408,1021780609.28,0.93,-0.28,-0.03,0.45
2025-03-07,1,10.67,10.71,10.73,10.64,835537,973236689.8,0.84,0.37,0.04,0.43
2025-03-10,1,10.7,10.63,10.71,10.59,663834,769261385.33,1.12,-0.75,-0.08,0.34
2025-03-11,1,10.58,10.65,10.65,10.56,608975,704240463.95,0.85,0.19,0.02,0.31
2025-03-12,1,10.64,10.89,10.91,10.6,1877318,2210904482.32,2.91,2.25,0.24,0.97
2025-03-13,1,10.85,10.88,10.95,10.82,1312371,1555123173.93,1.19,-0.09,-0.01,0.68
2025-03-14,1,10.86,11.01,11.04,10.86,1722418,2057970454.4,1.65,1.19,0.13,0.89
2025-03-17,1,10.67,10.54,10.71,10.5,4603612,5315522816.99,1.91,-4.27,-0.47,2.37
2025-03-18,1,10.56,10.53,10.58,10.52,1605290,1846500421.28,0.57,-0.09,-0.01,0.83
2025-03-19,1,10.52,10.56,10.57,10.5,1362455,1566452160.69,0.66,0.28,0.03,0.7
2025-03-20,1,10.55,10.53,10.65,10.53,1101157,1268849139.57,1.14,-0.28,-0.03,0.57
2025-03-21,1,10.53,10.46,10.56,10.43,1376389,1576151833.21,1.23,-0.66,-0.07,0.71
2025-03-24,1,10.45,10.42,10.48,10.38,1164577,1325564001.84,0.96,-0.38,-0.04,0.6
2025-03-25,1,10.42,10.47,10.47,10.4,735609,839142044.46,0.67,0.48,0.05,0.38
2025-03-26,1,10.46,10.42,10.47,10.41,740863,843536936.19,0.57,-0.48,-0.05,0.38
2025-03-27,1,10.41,10.43,10.45,10.39,553349,629863382.77,0.58,0.1,0.01,0.29
2025-03-28,1,10.43,10.39,10.44,10.38,644946,732420873.55,0.58,-0.38,-0.04,0.33
2025-03-31,1,10.4,10.3,10.42,10.3,1116126,1262598263.31,1.15,-0.87,-0.09,0.58
2025-04-01,1,10.31,10.31,10.34,10.26,681470,767424131.4,0.78,0.1,0.01,0.35
2025-04-02,1,10.29,10.41,10.45,10.29,932642,1058747240.7,1.55,0.97,0.1,0.48
2025-04-03,1,10.35,10.38,10.43,10.34,643914,730375807.93,0.86,-0.29,-0.03,0.33
2025-04-07,1,10.04,9.74,10.09,9.52,2545560,2751055412.06,5.49,-6.17,-0.64,1.31
2025-04-08,1,9.72,9.86,9.89,9.7,1463988,1576590039.86,1.95,1.23,0.12,0.75
2025-04-09,1,9.77,9.84,9.87,9.7,1064394,1145238957.67,1.72,-0.2,-0.02,0.55
2025-04-10,1,9.9,9.94,9.97,9.86,866548,943352301.94,1.12,1.02,0.1,0.45
2025-04-11,1,9.91,9.93,9.94,9.87,583879,634311779.86,0.7,-0.1,-0.01,0.3
2025-04-14,1,9.99,9.97,10.08,9.96,785993,862557143.66,1.21,0.4,0.04,0.41
2025-04-15,1,9.96,9.99,10.01,9.94,722754,790139077.1,0.7,0.2,0.02,0.37
2025-04-16,1,9.97,10.04,10.05,9.95,842822,923316062.54,1.0,0.5,0.05,0.43
2025-04-17,1,9.99,10.1,10.12,9.97,823919,907597513.1,1.49,0.6,0.06,0.42
2025-04-18,1,10.08,10.22,10.23,10.07,727098,810031605.1,1.58,1.19,0.12,0.37
2025-04-21,1,10.04,10.06,10.17,10.01,1114184,1230804536.03,1.57,-1.57,-0.16,0.57
2025-04-22,1,10.06,10.08,10.1,10.02,831129,915967678.28,0.8,0.2,0.02,0.43
2025-04-23,1,10.08,10.05,10.09,10.01,586383,645842400.13,0.79,-0.3,-0.03,0.3
2025-04-24,1,10.04,10.07,10.1,10.03,689256,760348555.36,0.7,0.2,0.02,0.36
2025-04-25,1,10.08,10.05,10.09,10.03,637547,702315255.47,0.6,-0.2,-0.02,0.33
2025-04-28,1,10.04,10.04,10.08,10.0,642018,706520175.92,0.8,-0.1,-0.01,0.33
2025-04-29,1,10.04,10.02,10.06,9.99,649045,712792543.41,0.7,-0.2,-0.02,0.33
2025-04-30,1,10.0,9.95,10.01,9.93,869835,949911030.4,0.8,-0.7,-0.07,0.45
2025-05-06,1,9.96,10.0,10.04,9.93,854671,935212114.49,1.11,0.5,0.05,0.44
2025-05-07,1,10.05,10.07,10.08,10.01,1126270,1240098147.39,0.7,0.7,0.07,0.58
2025-05-08,1,10.04,10.12,10.12,10.03,1056614,1167913497.88,0.89,0.5,0.05,0.54
2025-05-09,1,10.11,10.19,10.21,10.1,999897,1113688152.8,1.09,0.69,0.07,0.52
2025-05-12,1,10.2,10.2,10.26,10.17,895605,1000478411.18,0.88,0.1,0.01,0.46
2025-05-13,1,10.23,10.33,10.37,10.19,1261031,1420501315.06,1.76,1.27,0.13,0.65
2025-05-14,1,10.33,10.47,10.51,10.29,1683514,1912995432.64,2.13,1.36,0.14,0.87
2025-05-15,1,10.47,10.43,10.54,10.42,1035460,1183732832.12,1.15,-0.38,-0.04,0.53
2025-05-16,1,10.41,10.42,10.47,10.35,914744,1039223622.85,1.15,-0.1,-0.01,0.47
2025-05-19,1,10.44,10.41,10.51,10.4,831391,949883545.33,1.06,-0.1,-0.01,0.43
2025-05-20,1,10.44,10.43,10.51,10.41,643635,734455265.82,0.96,0.19,0.02,0.33
2025-05-21,1,10.44,10.52,10.63,10.43,1328278,1528350367.92,1.92,0.86,0.09,0.68
2025-05-22,1,10.49,10.59,10.6,10.48,1002968,1155265063.51,1.14,0.67,0.07,0.52
2025-05-23,1,10.59,10.5,10.64,10.47,962643,1108636100.57,1.61,-0.85,-0.09,0.5
2025-05-26,1,10.48,10.46,10.54,10.44,699159,800495684.57,0.95,-0.38,-0.04,0.36
2025-05-27,1,10.49,10.53,10.58,10.46,801915,921912281.33,1.15,0.67,0.07,0.41
2025-05-28,1,10.54,10.57,10.59,10.48,658179,757571318.99,1.04,0.38,0.04,0.34
2025-05-29,1,10.56,10.5,10.59,10.49,919807,1056726384.22,0.95,-0.66,-0.07,0.47
2025-05-30,1,10.51,10.6,10.62,10.48,1130849,1303433716.38,1.33,0.95,0.1,0.58
2025-06-03,1,10.58,10.85,10.95,10.57,2192480,2580962600.64,3.58,2.36,0.25,1.13
2025-06-04,1,10.86,10.88,10.92,10.82,1167960,1383019682.25,0.92,0.28,0.03,0.6
2025-06-05,1,10.92,10.71,10.95,10.7,1166803,1369212336.43,2.3,-1.56,-0.17,0.6
2025-06-06,1,10.74,10.74,10.83,10.72,682353,799900023.53,1.03,0.28,0.03,0.35
2025-06-09,1,10.77,10.75,10.79,10.69,773255,905092604.93,0.93,0.09,0.01,0.4
2025-06-10,1,10.76,10.85,10.93,10.75,1428132,1689018780.13,1.67,0.93,0.1,0.74
2025-06-11,1,10.86,10.89,10.97,10.83,1094667,1298656315.35,1.29,0.37,0.04,0.56
2025-06-12,1,10.96,11.08,11.1,10.92,1290220,1500287176.22,1.65,1.74,0.19,0.66
2025-06-13,1,11.08,10.98,11.14,10.96,1095494,1272773100.57,1.62,-0.9,-0.1,0.56
2025-06-16,1,10.97,11.19,11.19,10.93,1174438,1371041708.41,2.37,1.91,0.21,0.61
2025-06-17,1,11.19,11.16,11.28,11.11,890027,1048960748.8,1.52,-0.27,-0.03,0.46
2025-06-18,1,11.18,11.17,11.21,11.06,683521,802908097.73,1.34,0.09,0.01,0.35
2025-06-19,1,11.16,11.1,11.18,11.05,832247,974127330.84,1.16,-0.63,-0.07,0.43
2025-06-20,1,11.1,11.24,11.26,11.07,1309198,1544541881.0,1.71,1.26,0.14,0.67
2025-06-23,1,11.21,11.33,11.37,11.07,1389170,1646476917.07,2.67,0.8,0.09,0.72
2025-06-24,1,11.3,11.33,11.41,11.24,1308525,1560621893.02,1.5,0.0,0.0,0.67
2025-06-25,1,11.33,11.46,11.48,11.23,1675116,2007989726.91,2.21,1.15,0.13,0.86
2025-06-26,1,11.45,11.81,11.88,11.41,2174578,2672207528.88,4.1,3.05,0.35,1.12
2025-06-27,1,11.77,11.6,11.98,11.53,2377600,2937865058.47,3.81,-1.78,-0.21,1.23
2025-06-30,1,11.54,11.47,11.57,11.36,1504820,1812492376.93,1.81,-1.12,-0.13,0.78
2025-07-01,1,11.46,11.7,11.73,11.46,1354341,1653806750.47,2.35,2.01,0.23,0.7
2025-07-02,1,11.71,11.72,11.81,11.63,1200412,1481842212.5,1.54,0.17,0.02,0.62
2025-07-03,1,11.73,11.75,11.82,11.68,794086,980546007.28,1.19,0.26,0.03,0.41
2025-07-04,1,11.75,12.0,12.12,11.7,1775333,2224874055.62,3.57,2.13,0.25,0.91
2025-07-07,1,12.0,12.18,12.22,12.0,1495407,1901755851.27,1.83,1.5,0.18,0.77
2025-07-08,1,12.15,12.09,12.24,12.05,1090986,1387093602.06,1.56,-0.74,-0.09,0.56
2025-07-09,1,12.06,12.24,12.3,12.06,1205963,1542699034.65,1.99,1.24,0.15,0.62
2025-07-10,1,12.22,12.58,12.73,12.19,2481416,3249454028.73,4.41,2.78,0.34,1.28
2025-07-11,1,12.59,12.31,12.7,12.29,2443744,3200219566.16,3.26,-2.15,-0.27,1.26
2025-07-14,1,12.27,12.38,12.57,12.26,1872896,2440924105.22,2.52,0.57,0.07,0.97
2025-07-15,1,12.39,12.13,12.44,12.11,1810531,2322277284.93,2.67,-2.02,-0.25,0.93
2025-07-16,1,12.13,12.04,12.16,11.9,1927864,2424983973.27,2.14,-0.74,-0.09,0.99
2025-07-17,1,12.01,11.99,12.1,11.94,944641,1189666226.65,1.33,-0.42,-0.05,0.49
2025-07-18,1,12.02,12.1,12.15,12.0,1241206,1574176824.24,1.25,0.92,0.11,0.64
2025-07-21,1,12.04,12.01,12.11,11.95,1079027,1360155718.72,1.32,-0.74,-0.09,0.56
2025-07-22,1,12.0,11.89,12.0,11.72,1935229,2408337285.96,2.33,-1.0,-0.12,1.0
2025-07-23,1,11.86,11.93,12.03,11.85,1370520,1719158802.83,1.51,0.34,0.04,0.71
2025-07-24,1,11.93,11.75,11.93,11.73,1959351,2426175235.74,1.68,-1.51,-0.18,1.01
2025-07-25,1,11.73,11.75,11.86,11.72,1108267,1372103731.0,1.19,0.0,0.0,0.57
2025-07-28,1,11.75,11.86,11.93,11.72,1238243,1541317046.96,1.79,0.94,0.11,0.64
2025-07-29,1,11.86,11.74,11.91,11.74,1012818,1255113972.39,1.43,-1.01,-0.12,0.52
2025-07-30,1,11.75,11.89,12.04,11.74,1715164,2149934404.53,2.56,1.28,0.15,0.88
2025-07-31,1,11.91,11.63,11.95,11.62,1690081,2079630602.38,2.78,-2.19,-0.26,0.87
2025-08-01,1,11.64,11.68,11.73,11.55,1012187,1240239179.62,1.55,0.43,0.05,0.52
2025-08-04,1,11.64,11.7,11.78,11.61,1032690,1271376406.58,1.46,0.17,0.02,0.53
2025-08-05,1,11.7,11.87,11.9,11.68,1132078,1405152349.43,1.88,1.45,0.17,0.58
2025-08-06,1,11.87,11.86,11.92,11.8,690448,859684675.49,1.01,-0.08,-0.01,0.36
2025-08-07,1,11.84,11.87,11.93,11.79,722053,900760012.96,1.18,0.08,0.01,0.37
2025-08-08,1,11.88,11.8,11.93,11.79,829796,1032586758.9,1.18,-0.59,-0.07,0.43
2025-08-11,1,11.8,11.7,11.82,11.67,934353,1150305112.61,1.27,-0.85,-0.1,0.48
2025-08-12,1,11.7,11.73,11.8,11.7,680056,839635630.05,0.85,0.26,0.03,0.35
2025-08-13,1,11.77,11.66,11.8,11.63,1119813,1376777908.92,1.45,-0.6,-0.07,0.58
2025-08-14,1,11.67,11.6,11.74,11.59,1241041,1523447931.74,1.29,-0.51,-0.06,0.64
2025-08-15,1,11.63,11.48,11.63,11.34,1948503,2344073499.27,2.5,-1.03,-0.12,1.0
2025-08-18,1,11.46,11.48,11.55,11.43,1239058,1496527038.59,1.05,0.0,0.0,0.64
2025-08-19,1,11.5,11.46,11.52,11.42,892860,1077380172.82,0.87,-0.17,-0.02,0.46
2025-08-20,1,11.46,11.47,11.52,11.38,1048739,1265435773.22,1.22,0.09,0.01,0.54
2025-08-21,1,11.45,11.55,11.59,11.43,1217418,1477053291.9,1.39,0.7,0.08,0.63
2025-08-22,1,11.55,11.46,11.57,11.38,1644260,1979461310.91,1.65,-0.78,-0.09,0.85
2025-08-25,1,11.52,11.85,11.93,11.5,3045088,3761289075.87,3.75,3.4,0.39,1.57
2025-08-26,1,11.85,11.76,11.9,11.7,1383599,1709560922.86,1.69,-0.76,-0.09,0.71
2025-08-27,1,11.72,11.46,11.76,11.45,1860050,2268070720.55,2.64,-2.55,-0.3,0.96
2025-08-28,1,11.49,11.48,11.54,11.37,1653588,1991723373.76,1.48,0.17,0.02,0.85
2025-08-29,1,11.45,11.45,11.62,11.43,1805126,2186232853.05,1.66,-0.26,-0.03,0.93
2025-09-01,1,11.45,11.29,11.45,11.25,1858459,2214306331.71,1.75,-1.4,-0.16,0.96
2025-09-02,1,11.25,11.38,11.39,11.24,1492716,1780010208.88,1.33,0.8,0.09,0.77
2025-09-03,1,11.38,11.15,11.41,11.14,1367232,1619322977.46,2.37,-2.02,-0.23,0.7
2025-09-04,1,11.16,11.14,11.17,11.0,1295300,1513956779.44,1.52,-0.09,-0.01,0.67
2025-09-05,1,11.13,11.12,11.14,11.03,819662,957547462.67,0.99,-0.18,-0.02,0.42
2025-09-08,1,11.11,11.1,11.18,11.07,924431,1083054608.28,0.99,-0.18,-0.02,0.48
2025-09-09,1,11.11,11.15,11.18,11.08,860539,1009279728.78,0.9,0.45,0.05,0.44
2025-09-10,1,11.14,11.17,11.19,11.11,792668,932170200.65,0.72,0.18,0.02,0.41
2025-09-11,1,11.17,11.25,11.25,11.11,963932,1134234366.9,1.25,0.72,0.08,0.5
2025-09-12,1,11.23,11.12,11.28,11.1,940385,1107449056.76,1.6,-1.16,-0.13,0.48
2025-09-15,1,11.1,11.05,11.12,11.03,840387,980347616.84,0.81,-0.63,-0.07,0.43
2025-09-16,1,11.06,11.04,11.11,11.01,708048,825169463.93,0.9,-0.09,-0.01,0.36
2025-09-17,1,11.04,11.04,11.07,10.98,771129,896750270.44,0.82,0.0,0.0,0.4
2025-09-18,1,11.05,10.81,11.06,10.78,1386160,1594827200.16,2.54,-2.08,-0.23,0.71
2025-09-19,1,10.81,10.85,10.91,10.77,834651,955004096.91,1.3,0.37,0.04,0.43
2025-09-22,1,10.84,10.78,10.87,10.77,596402,680158438.95,0.92,-0.65,-0.07,0.31
2025-09-23,1,10.77,10.92,10.98,10.72,1341430,1543271184.51,2.41,1.3,0.14,0.69
2025-09-24,1,10.91,10.86,11.02,10.83,1139583,1310214181.06,1.74,-0.55,-0.06,0.59
2025-09-25,1,10.83,10.8,10.87,10.76,773276,881943147.97,1.01,-0.55,-0.06,0.4
2025-09-26,1,10.79,10.8,10.84,10.72,753239,856917687.88,1.11,0.0,0.0,0.39
2025-09-29,1,10.8,10.77,10.88,10.67,1176012,1334456973.74,1.94,-0.28,-0.03,0.61
2025-09-30,1,10.77,10.74,10.77,10.69,832479,942224081.28,0.74,-0.28,-0.03,0.43
2025-10-09,1,10.73,10.8,10.81,10.67,1047469,1187061682.96,1.3,0.56,0.06,0.54
2025-10-10,1,10.77,10.83,10.89,10.76,1087948,1244213512.59,1.2,0.28,0.03,0.56
2025-10-13,1,10.72,10.8,10.86,10.68,1168802,1328180363.51,1.66,-0.28,-0.03,0.6
2025-10-14,1,10.79,10.97,11.0,10.76,1843428,2124120304.48,2.22,1.57,0.17,0.95
2025-10-15,1,10.98,11.04,11.06,10.9,1271061,1443458104.69,1.46,0.64,0.07,0.65
2025-10-16,1,11.02,11.18,11.19,11.0,1261937,1447841584.81,1.72,1.27,0.14,0.65
2025-10-17,1,11.14,11.04,11.22,11.02,1039666,1193518554.56,1.79,-1.25,-0.14,0.54
2025-10-20,1,11.05,11.06,11.09,10.91,952641,1081829699.98,1.63,0.18,0.02,0.49
2025-10-21,1,11.04,11.07,11.11,11.03,761165,869658079.64,0.72,0.09,0.01,0.39
2025-10-22,1,11.04,11.16,11.18,11.04,833703,957661635.9,1.26,0.81,0.09,0.43
2025-10-23,1,11.16,11.27,11.35,11.14,1373112,1593155218.0,1.88,0.99,0.11,0.71
2025-10-24,1,11.24,11.2,11.32,11.19,980475,1138026681.09,1.15,-0.62,-0.07,0.51
2025-10-27,1,11.18,11.16,11.25,11.08,1239485,1428199707.19,1.52,-0.36,-0.04,0.64
2025-10-28,1,11.17,11.11,11.22,11.06,821568,943626835.3,1.43,-0.45,-0.05,0.42
2025-10-29,1,11.1,11.03,11.1,11.0,966214,1100783363.08,0.9,-0.72,-0.08,0.5
2025-10-30,1,11.02,11.02,11.11,11.0,943770,1077182643.3,1.0,-0.09,-0.01,0.49
2025-10-31,1,11.02,10.96,11.04,10.94,970193,1099179193.25,0.91,-0.54,-0.06,0.5
2025-11-03,1,10.98,11.07,11.08,10.94,952326,1084422503.85,1.28,1.0,0.11,0.49
2025-11-04,1,11.06,11.23,11.28,11.04,1503007,1737289513.56,2.17,1.45,0.16,0.77
2025-11-05,1,11.23,11.16,11.24,11.14,794926,918112474.29,0.89,-0.62,-0.07,0.41
2025-11-06,1,11.14,11.15,11.22,11.11,766585,882799461.59,0.99,-0.09,-0.01,0.4
2025-11-07,1,11.16,11.19,11.22,11.14,734851,848177983.52,0.72,0.36,0.04,0.38
2025-11-10,1,11.16,11.27,11.28,11.09,827208,957555600.77,1.7,0.71,0.08,0.43
2025-11-11,1,11.26,11.31,11.33,11.21,886509,1033284775.65,1.06,0.35,0.04,0.46
2025-11-12,1,11.34,11.32,11.43,11.29,1141325,1337963805.19,1.24,0.09,0.01,0.59
2025-11-13,1,11.32,11.34,11.36,11.21,978991,1139765204.11,1.33,0.18,0.02,0.5
2025-11-14,1,11.31,11.39,11.48,11.3,1316995,1551867288.21,1.59,0.44,0.05,0.68
2025-11-17,1,11.39,11.31,11.39,11.26,995233,1161416221.76,1.14,-0.7,-0.08,0.51
2025-11-18,1,11.29,11.23,11.33,11.21,670077,778887577.92,1.06,-0.71,-0.08,0.35
2025-11-19,1,11.22,11.44,11.47,11.21,1334996,1565428546.57,2.32,1.87,0.21,0.69
2025-11-20,1,11.43,11.49,11.63,11.38,1637040,1948415939.65,2.19,0.44,0.05,0.84
2025-11-21,1,11.44,11.33,11.52,11.3,1465359,1721871193.26,1.91,-1.39,-0.16,0.76
2025-11-24,1,11.34,11.24,11.37,11.24,1117119,1302444629.51,1.15,-0.79,-0.09,0.58
2025-11-25,1,11.25,11.44,11.44,11.22,1028081,1203879796.74,1.96,1.78,0.2,0.53
2025-11-26,1,11.45,11.33,11.49,11.29,821301,962935429.85,1.75,-0.96,-0.11,0.42
2025-11-27,1,11.3,11.35,11.35,11.22,1011847,1178308953.13,1.15,0.18,0.02,0.52
2025-11-28,1,11.31,11.25,11.32,11.22,884358,1027933463.87,0.88,-0.88,-0.1,0.46
2025-12-01,1,11.24,11.33,11.34,11.17,1037323,1205480322.84,1.51,0.71,0.08,0.53
2025-12-02,1,11.32,11.28,11.37,11.23,768060,894720591.59,1.24,-0.44,-0.05,0.4
2025-12-03,1,11.28,11.19,11.34,11.18,944601,1099167226.64,1.42,-0.8,-0.09,0.49
2025-12-04,1,11.19,11.13,11.22,11.1,886090,1019178990.3,1.07,-0.54,-0.06,0.46
2025-12-05,1,11.13,11.17,11.18,11.04,890766,1022334911.54,1.26,0.36,0.04,0.46
2025-12-08,1,11.13,11.16,11.24,11.12,855899,988510035.14,1.07,-0.09,-0.01,0.44
2025-12-09,1,11.16,11.07,11.18,11.07,733957,842732358.15,0.99,-0.81,-0.09,0.38
2025-12-10,1,11.08,10.97,11.1,10.93,1044065,1184087688.01,1.54,-0.9,-0.1,0.54
2025-12-11,1,10.99,11.01,11.03,10.94,925261,1049906215.97,0.82,0.36,0.04,0.48
2025-12-12,1,11.01,10.99,11.07,10.94,1191895,1357465371.22,1.18,-0.18,-0.02,0.61
2025-12-15,1,10.98,11.15,11.18,10.97,940833,1080642231.19,1.91,1.46,0.16,0.48
2025-12-16,1,11.13,11.12,11.19,11.08,647351,743389002.32,0.99,-0.27,-0.03,0.33
2025-12-17,1,11.11,11.17,11.22,11.06,701495,807135164.41,1.44,0.45,0.05,0.36
2025-12-18,1,11.15,11.28,11.29,11.12,790467,916247610.59,1.52,0.98,0.11,0.41
2025-12-19,1,11.27,11.26,11.29,11.22,649886,755106127.43,0.62,-0.18,-0.02,0.33
2025-12-22,1,11.25,11.16,11.25,11.15,742369,857197057.46,0.89,-0.89,-0.1,0.38
2025-12-23,1,11.16,11.2,11.24,11.14,666266,770081939.85,0.9,0.36,0.04,0.34
2025-12-24,1,11.19,11.18,11.22,11.13,505244,582458734.52,0.8,-0.18,-0.02,0.26
2025-12-25,1,11.18,11.2,11.26,11.16,547455,633772624.98,0.89,0.18,0.02,0.28
2025-12-26,1,11.2,11.18,11.23,11.17,436340,504079280.05,0.54,-0.18,-0.02,0.22
2025-12-29,1,11.18,11.2,11.26,11.14,648295,749082977.59,1.07,0.18,0.02,0.33
2025-12-30,1,11.17,11.12,11.2,11.09,582584,669409275.27,0.98,-0.71,-0.08,0.3
2025-12-31,1,11.12,11.05,11.13,11.04,590620,675457357.45,0.81,-0.63,-0.07,0.3
2026-01-05,1,11.06,11.14,11.15,11.05,875491,1003479224.05,0.9,0.81,0.09,0.45
2026-01-06,1,11.14,11.31,11.32,11.12,1304648,1512911583.88,1.8,1.53,0.17,0.67
2026-01-07,1,11.3,11.28,11.46,11.26,966236,1131165699.04,1.77,-0.27,-0.03,0.5
2026-01-08,1,11.28,11.15,11.29,11.13,1100085,1268647294.7,1.42,-1.15,-0.13,0.57
2026-01-09,1,11.17,11.1,11.17,11.08,983390,1128076547.08,0.81,-0.45,-0.05,0.51
2026-01-12,1,11.09,11.12,11.13,11.06,855213,979700148.21,0.63,0.18,0.02,0.44
2026-01-13,1,11.12,11.11,11.18,11.08,1061541,1219755568.52,0.9,-0.09,-0.01,0.55
2026-01-14,1,11.11,11.0,11.11,10.99,1274757,1454416591.07,1.08,-0.99,-0.11,0.66
2026-01-15,1,10.97,10.95,11.01,10.94,884960,1002514946.79,0.64,-0.45,-0.05,0.46
2026-01-16,1,10.98,10.83,10.98,10.8,1119473,1257713579.29,1.64,-1.1,-0.12,0.58
2026-01-19,1,10.79,10.76,10.85,10.75,804741,896712443.28,0.92,-0.65,-0.07,0.41
2026-01-20,1,10.76,10.8,10.84,10.75,772276,861694177.62,0.84,0.37,0.04,0.4
2026-01-21,1,10.79,10.71,10.82,10.7,900125,1001045287.81,1.11,-0.83,-0.09,0.46
2026-01-22,1,10.71,10.71,10.79,10.69,788635,873985784.71,0.93,0.0,0.0,0.41
2026-01-23,1,10.71,10.63,10.73,10.62,1109994,1224886435.95,1.03,-0.75,-0.08,0.57
2026-01-26,1,10.62,10.6,10.7,10.56,1106247,1214803430.68,1.32,-0.28,-0.03,0.57
2026-01-27,1,10.6,10.58,10.67,10.57,894091,981119837.75,0.94,-0.19,-0.02,0.46
2026-01-28,1,10.58,10.48,10.63,10.46,1438766,1570012850.06,1.61,-0.95,-0.1,0.74
2026-01-29,1,10.48,10.6,10.62,10.3,1852994,2001845207.96,3.05,1.15,0.12,0.95
2026-01-30,1,10.58,10.47,10.67,10.47,1091755,1191181198.25,1.89,-1.23,-0.13,0.56
2026-02-02,1,10.46,10.5,10.67,10.44,1223173,1337643444.96,2.2,0.29,0.03,0.63
2026-02-03,1,10.53,10.48,10.54,10.41,806628,872562155.41,1.24,-0.19,-0.02,0.42
2026-02-04,1,10.49,10.61,10.62,10.48,695415,760107689.09,1.34,1.24,0.13,0.36
2026-02-05,1,10.62,10.73,10.75,10.6,1177591,1301134141.58,1.41,1.13,0.12,0.61
2026-02-06,1,10.72,10.69,10.78,10.63,727710,803862240.92,1.4,-0.37,-0.04,0.38
2026-02-09,1,10.69,10.71,10.75,10.65,619717,685218214.66,0.94,0.19,0.02,0.32
2026-02-10,1,10.71,10.7,10.74,10.66,600430,664140162.34,0.75,-0.09,-0.01,0.31
2026-02-11,1,10.7,10.71,10.73,10.66,431041,476801864.09,0.65,0.09,0.01,0.22
2026-02-12,1,10.71,10.6,10.72,10.57,681340,748338546.8,1.4,-1.03,-0.11,0.35
2026-02-13,1,10.6,10.55,10.63,10.54,555047,607501376.05,0.85,-0.47,-0.05,0.29
2026-02-24,1,10.57,10.55,10.59,10.52,602512,657487700.23,0.66,0.0,0.0,0.31
2026-02-25,1,10.55,10.5,10.59,10.42,1063135,1156693737.43,1.61,-0.47,-0.05,0.55
2026-02-26,1,10.5,10.51,10.55,10.44,712730,772947726.7,1.05,0.1,0.01,0.37
2026-02-27,1,10.5,10.54,10.56,10.48,612228,666177345.8,0.76,0.29,0.03,0.32
2026-03-02,1,10.49,10.49,10.53,10.41,838874,908747811.55,1.14,-0.47,-0.05,0.43
2026-03-03,1,10.49,10.52,10.59,10.44,1028695,1119402076.0,1.43,0.29,0.03,0.53
2026-03-04,1,10.48,10.35,10.48,10.31,1089714,1167995855.73,1.62,-1.62,-0.17,0.56
2026-03-05,1,10.36,10.45,10.48,10.34,712641,768553597.53,1.35,0.97,0.1,0.37
2026-03-06,1,10.42,10.46,10.48,10.41,476577,514733549.73,0.67,0.1,0.01,0.25
2026-03-09,1,10.43,10.4,10.46,10.38,835892,900716851.39,0.76,-0.57,-0.06,0.43
2026-03-10,1,10.41,10.45,10.45,10.37,790112,850573535.93,0.77,0.48,0.05,0.41
2026-03-11,1,10.43,10.53,10.54,10.41,720535,781041008.86,1.24,0.77,0.08,0.37
2026-03-12,1,10.51,10.58,10.6,10.49,754906,824171953.5,1.04,0.47,0.05,0.39
2026-03-13,1,10.57,10.57,10.64,10.51,841939,920839355.51,1.23,-0.09,-0.01,0.43
2026-03-16,1,10.57,10.56,10.61,10.52,715603,782089440.63,0.85,-0.09,-0.01,0.37
2026-03-17,1,10.55,10.67,10.71,10.54,1076657,1187565491.59,1.61,1.04,0.11,0.55
2026-03-18,1,10.68,10.6,10.68,10.55,791079,867711250.46,1.22,-0.66,-0.07,0.41
2026-03-19,1,10.56,10.52,10.61,10.5,624212,681086518.72,1.04,-0.75,-0.08,0.32
2026-03-20,1,10.51,10.41,10.58,10.4,834083,903819004.16,1.71,-1.05,-0.11,0.43
2026-03-23,1,10.32,10.09,10.32,10.07,1580088,1666328347.8,2.4,-3.07,-0.32,0.81
2026-03-24,1,10.16,10.52,10.53,10.16,1622251,1744746707.7,3.67,4.26,0.43,0.84
2026-03-25,1,10.53,10.58,10.59,10.43,744780,809739890.44,1.52,0.57,0.06,0.38
2026-03-26,1,10.55,10.58,10.69,10.54,827664,909199430.74,1.42,0.0,0.0,0.43
2026-03-27,1,10.55,10.66,10.69,10.47,884129,972821270.14,2.08,0.76,0.08,0.46
2026-03-30,1,10.62,10.63,10.69,10.58,632522,696208267.35,1.03,-0.28,-0.03,0.33
2026-03-31,1,10.64,10.72,10.82,10.63,1164565,1294675716.15,1.79,0.85,0.09,0.6
2026-04-01,1,10.73,10.79,10.87,10.72,918925,1025538832.67,1.4,0.65,0.07,0.47
2026-04-02,1,10.79,10.91,10.96,10.77,1148895,1292756711.67,1.76,1.11,0.12,0.59
2026-04-03,1,10.92,10.76,10.92,10.73,757757,845283641.29,1.74,-1.37,-0.15,0.39
2026-04-07,1,10.76,10.67,10.78,10.61,607955,671322754.77,1.58,-0.84,-0.09,0.31
2026-04-08,1,10.75,10.86,10.86,10.69,812976,906308305.45,1.59,1.78,0.19,0.42
2026-04-09,1,10.81,10.74,10.86,10.7,602365,669239285.37,1.47,-1.1,-0.12,0.31
2026-04-10,1,10.74,10.73,10.77,10.71,481047,534088990.51,0.56,-0.09,-0.01,0.25
2026-04-13,1,10.69,10.71,10.73,10.67,406104,449056813.73,0.56,-0.19,-0.02,0.21
2026-04-14,1,10.71,10.81,10.81,10.71,496151,551741632.58,0.93,0.93,0.1,0.26
2026-04-15,1,10.8,10.85,10.86,10.79,503938,564031568.33,0.65,0.37,0.04,0.26
2026-04-16,1,10.84,10.73,10.87,10.71,680915,758006903.42,1.47,-1.11,-0.12,0.35
2026-04-17,1,10.73,10.65,10.75,10.63,722530,797678405.53,1.12,-0.75,-0.08,0.37
2026-04-20,1,10.65,10.7,10.71,10.6,630034,695097193.51,1.03,0.47,0.05,0.32
2026-04-21,1,10.68,10.72,10.8,10.67,806946,896659539.18,1.21,0.19,0.02,0.42
2026-04-22,1,10.72,10.62,10.73,10.59,839054,923203009.35,1.31,-0.93,-0.1,0.43
2026-04-23,1,10.62,10.64,10.67,10.57,648067,711757543.31,0.94,0.19,0.02,0.33
2026-04-24,1,10.62,10.64,10.67,10.56,582710,639781173.32,1.03,0.0,0.0,0.3
2026-04-27,1,10.97,11.02,11.21,10.93,3401276,3891707615.21,2.63,3.57,0.38,1.75
2026-04-28,1,11.0,11.1,11.1,10.96,1674259,1908333958.72,1.27,0.73,0.08,0.86
2026-04-29,1,11.07,11.16,11.18,11.03,1378423,1583294868.98,1.35,0.54,0.06,0.71
2026-04-30,1,11.14,11.13,11.24,11.1,1139242,1312827775.76,1.25,-0.27,-0.03,0.59
2026-05-06,1,11.14,11.0,11.14,10.94,1216388,1380730921.13,1.8,-1.17,-0.13,0.63
2026-05-07,1,11.01,11.01,11.03,10.94,936958,1062755238.5,0.82,0.09,0.01,0.48
2026-05-08,1,10.98,10.94,11.06,10.94,798820,905737835.21,1.09,-0.64,-0.07,0.41
2026-05-11,1,10.93,10.92,10.95,10.8,931865,1047435369.38,1.37,-0.18,-0.02,0.48
2026-05-12,1,10.92,10.89,11.0,10.85,1029038,1158241865.91,1.37,-0.27,-0.03,0.53
2026-05-13,1,10.89,10.78,10.92,10.75,1017974,1136724107.4,1.56,-1.01,-0.11,0.52
2026-05-14,1,10.78,10.69,10.79,10.69,794368,881960631.2,0.93,-0.83,-0.09,0.41
2026-05-15,1,10.69,10.63,10.75,10.6,974742,1074648532.65,1.4,-0.56,-0.06,0.5
2026-05-18,1,10.6,10.5,10.61,10.46,856382,931697164.0,1.41,-1.22,-0.13,0.44
2026-05-19,1,10.47,10.5,10.56,10.47,793529,862561883.36,0.86,0.0,0.0,0.41
2026-05-20,1,10.5,10.41,10.52,10.4,747632,808079588.87,1.14,-0.86,-0.09,0.39
2026-05-21,1,10.42,10.34,10.44,10.33,1110211,1194144111.5,1.06,-0.67,-0.07,0.57
2026-05-22,1,10.34,10.32,10.37,10.29,954133,1020057083.13,0.77,-0.19,-0.02,0.49
2026-05-25,1,10.32,10.32,10.4,10.28,663103,709614127.77,1.16,0.0,0.0,0.34
2026-05-26,1,10.35,10.43,10.47,10.3,837347,900879538.05,1.65,1.07,0.11,0.43
2026-05-27,1,10.4,10.4,10.49,10.36,839727,905710898.28,1.25,-0.29,-0.03,0.43
2026-05-28,1,10.4,10.3,10.43,10.27,900711,963695781.21,1.54,-0.96,-0.1,0.46
2026-05-29,1,10.29,10.57,10.57,10.26,1399368,1515692068.28,3.01,2.62,0.27,0.72
2026-06-01,1,10.54,10.63,10.63,10.45,954596,1042306455.86,1.7,0.57,0.06,0.49
2026-06-02,1,10.62,10.72,10.74,10.58,885428,978159336.86,1.51,0.85,0.09,0.46
2026-06-03,1,10.67,10.63,10.7,10.56,825272,906870268.35,1.31,-0.84,-0.09,0.43
2026-06-04,1,10.55,10.46,10.61,10.41,869271,943329311.39,1.88,-1.6,-0.17,0.45
2026-06-05,1,10.47,10.62,10.67,10.47,1003503,1102446143.34,1.91,1.53,0.16,0.52
2026-06-08,1,10.61,10.67,10.74,10.6,1090926,1203946343.4,1.32,0.47,0.05,0.56
2026-06-09,1,10.65,10.77,10.83,10.6,1149672,1277122415.79,2.16,0.94,0.1,0.59
2026-06-10,1,10.71,10.96,10.99,10.71,1543176,1738056712.03,2.6,1.76,0.19,0.8
2026-06-11,1,10.96,10.94,11.03,10.89,1156222,1308133972.13,1.28,-0.18,-0.02,0.6
2026-06-12,1,11.0,11.24,11.25,10.88,2032355,2263042930.57,3.38,2.74,0.3,1.05
2026-06-15,1,11.21,11.06,11.21,10.98,1541305,1711561286.57,2.05,-1.6,-0.18,0.79
2026-06-16,1,11.05,10.94,11.12,10.91,942708,1034554249.38,1.9,-1.08,-0.12,0.49
2026-06-17,1,10.97,10.78,10.99,10.75,965828,1046564895.54,2.19,-1.46,-0.16,0.5
2026-06-18,1,10.74,10.52,10.77,10.52,1426893,1511009564.95,2.32,-2.41,-0.26,0.74
2026-06-22,1,10.52,10.65,10.67,10.42,1265317,1334768052.78,2.38,1.24,0.13,0.65
2026-06-23,1,10.65,10.71,10.91,10.63,1190604,1285360400.38,2.63,0.56,0.06,0.61
2026-06-24,1,10.68,10.51,10.78,10.51,1125841,1193370303.56,2.52,-1.87,-0.2,0.58
2026-06-25,1,10.47,10.42,10.59,10.41,1083999,1136742126.47,1.71,-0.86,-0.09,0.56
2026-06-26,1,10.42,10.23,10.47,10.19,1236482,1270902947.86,2.69,-1.82,-0.19,0.64
2026-06-29,1,10.22,10.24,10.32,10.02,1124140,1144166877.64,2.93,0.1,0.01,0.58
2026-06-30,1,10.22,10.05,10.22,10.04,1111353,1121201539.48,1.76,-1.86,-0.19,0.57
2026-07-01,1,10.05,10.16,10.18,9.99,906890,915838549.12,1.89,1.09,0.11,0.47
2026-07-02,1,10.2,10.28,10.36,10.17,1004749,1030886382.42,1.87,1.18,0.12,0.52
2026-07-03,1,10.29,10.29,10.4,10.18,863327,888789393.37,2.14,0.1,0.01,0.44
2026-07-06,1,10.25,10.5,10.52,10.22,1061049,1103902583.44,2.92,2.04,0.21,0.55
2026-07-07,1,10.46,10.47,10.51,10.35,805221,840465778.05,1.52,-0.29,-0.03,0.41
2026-07-08,1,10.44,10.6,10.63,10.34,950760,1002624597.24,2.77,1.24,0.13,0.49
2026-07-09,1,10.55,10.49,10.59,10.43,747191,785387063.07,1.51,-1.04,-0.11,0.39
2026-07-10,1,10.5,10.45,10.51,10.4,957320,999718249.32,1.05,-0.38,-0.04,0.49
2026-07-13,1,10.42,10.54,10.55,10.38,924746,971033144.43,1.63,0.86,0.09,0.48
2026-07-14,1,10.53,10.69,10.7,10.48,1193715,1267511183.68,2.09,1.42,0.15,0.62
2026-07-15,1,10.65,10.84,10.87,10.63,981422,1059209085.47,2.25,1.4,0.15,0.51
2026-07-16,1,10.85,10.77,10.93,10.72,800766,864435895.0,1.94,-0.65,-0.07,0.41
2026-07-17,1,10.75,10.78,10.88,10.72,1075499,1163189278.51,1.49,0.09,0.01,0.55
2026-07-20,1,10.75,10.98,11.0,10.74,1567304,1713460189.52,2.41,1.86,0.2,0.81
2026-07-21,1,10.99,10.84,11.13,10.83,1755113,1925298924.82,2.73,-1.28,-0.14,0.9
2026-07-22,1,10.81,10.98,10.98,10.77,1029484,1120150607.17,1.94,1.29,0.14,0.53
2026-07-23,1,10.92,11.08,11.12,10.9,1095743,1210838024.38,2.0,0.91,0.1,0.56
2026-07-24,1,11.09,11.1,11.18,11.09,1140933,1269361121.77,0.81,0.18,0.02,0.59
2026-07-27,1,11.11,11.11,11.16,11.04,957156,1062796331.76,1.08,0.09,0.01,0.49
2026-07-28,1,11.1,11.2,11.21,11.09,1061011,1185514939.77,1.08,0.81,0.09,0.55
2026-07-29,1,11.19,11.28,11.36,11.18,1511054,1705864042.17,1.61,0.71,0.08,0.78
2026-07-30,1,11.28,11.61,11.62,11.18,2777708,3194072443.44,3.9,2.93,0.33,1.43
2026-07-31,1,11.5,11.63,11.63,11.28,2024979,2318839881.31,3.01,0.17,0.02,1.04
2026-08-03,1,11.54,11.62,11.66,11.52,1060851,1229339791.91,1.2,-0.09,-0.01,0.55
2026-08-04,1,11.58,11.44,11.62,11.42,1221130,1401213600.03,1.72,-1.55,-0.18,0.63
2026-08-05,1,11.41,11.25,11.5,11.18,1511510,1703942517.43,2.8,-1.66,-0.19,0.78
2026-08-06,1,11.22,11.27,11.28,11.12,1046343,1171011830.24,1.42,0.18,0.02,0.54
2026-08-07,1,11.23,11.19,11.26,11.1,882977,986373743.26,1.42,-0.71,-0.08,0.46
2026-08-10,1,11.18,11.29,11.38,11.16,889060,1005591372.5,1.97,0.89,0.1,0.46
2026-08-11,1,11.31,11.26,11.4,11.24,663361,749686462.02,1.42,-0.27,-0.03,0.34
2026-08-12,1,11.26,11.25,11.29,11.2,632950,711612877.97,0.8,-0.09,-0.01,0.33
2026-08-13,1,11.23,11.25,11.27,11.18,755981,848358766.49,0.8,0.0,0.0,0.39
2026-08-14,1,11.22,11.11,11.23,11.11,832344,929098438.16,1.07,-1.24,-0.14,0.43
2026-08-17,1,11.2,11.1,11.22,11.07,929043,1031951473.98,1.35,-0.09,-0.01,0.48
2026-08-18,1,11.1,11.05,11.14,11.03,808930,896326748.71,0.99,-0.45,-0.05,0.42
2026-08-19,1,11.08,11.27,11.27,11.07,1426496,1596598790.08,1.81,1.99,0.22,0.74
2026-08-20,1,11.2,11.4,11.4,11.19,1183578,1338932697.29,1.86,1.15,0.13,0.61
2026-08-21,1,11.36,11.41,11.46,11.32,869128,990112066.41,1.23,0.09,0.01,0.45
2026-08-24,1,11.38,11.56,11.58,11.35,1199025,1383380014.27,2.02,1.31,0.15,0.62
2026-08-25,1,11.57,11.59,11.64,11.53,994881,1152242456.67,0.95,0.26,0.03,0.51
2026-08-26,1,11.55,11.73,11.75,11.52,1167289,1363009729.54,1.98,1.21,0.14,0.6
2026-08-27,1,11.7,11.59,11.72,11.51,975702,1131000125.95,1.79,-1.19,-0.14,0.5
2026-08-28,1,11.54,11.65,11.68,11.48,838126,973220511.51,1.73,0.52,0.06,0.43
2026-08-31,1,11.64,11.72,11.77,11.62,908857,1063281431.47,1.29,0.6,0.07,0.47
2026-09-01,1,11.68,11.92,11.96,11.65,1523165,1807254404.86,2.65,1.71,0.2,0.78
2026-09-02,1,11.92,11.91,11.99,11.85,892248,1063261810.46,1.17,-0.08,-0.01,0.46
2026-09-03,1,11.88,11.88,12.08,11.83,1105134,1324230286.24,2.1,-0.25,-0.03,0.57
2026-09-04,1,11.86,11.89,12.0,11.85,814373,969948436.21,1.26,0.08,0.01,0.42
2026-09-07,1,11.87,11.7,11.88,11.65,1087276,1275606340.01,1.93,-1.6,-0.19,0.56
2026-09-08,1,11.66,11.78,11.81,11.65,740516,870361064.17,1.37,0.68,0.08,0.38
2026-09-09,1,11.76,11.7,11.79,11.69,582306,682946782.66,0.85,-0.68,-0.08,0.3
2026-09-10,1,11.68,11.85,11.86,11.66,867632,1022543914.24,1.71,1.28,0.15,0.45
2026-09-11,1,11.82,11.74,11.86,11.71,832461,979990554.2,1.27,-0.93,-0.11,0.43
